make -C git-gui  gitexecdir='/home/haritha/zopen_23may/zopen/usr/local/zopen/git/git-HEAD/libexec/git-core' all
make[1]: Entering directory '/home/haritha/code/bazel-7.2.0/git_255_iconv_translit_3waymerge/gitport/git/git-gui'
make[1]: Leaving directory '/home/haritha/code/bazel-7.2.0/git_255_iconv_translit_3waymerge/gitport/git/git-gui'
make -C gitk-git  all
make[1]: Entering directory '/home/haritha/code/bazel-7.2.0/git_255_iconv_translit_3waymerge/gitport/git/gitk-git'
make[1]: Leaving directory '/home/haritha/code/bazel-7.2.0/git_255_iconv_translit_3waymerge/gitport/git/gitk-git'
make -C templates  SHELL_PATH='/bin/env bash' PERL_PATH='/bin/perl'
make[1]: Entering directory '/home/haritha/code/bazel-7.2.0/git_255_iconv_translit_3waymerge/gitport/git/templates'
: no custom templates yet
make[1]: Leaving directory '/home/haritha/code/bazel-7.2.0/git_255_iconv_translit_3waymerge/gitport/git/templates'
make -C t/ all
make[1]: Entering directory '/home/haritha/code/bazel-7.2.0/git_255_iconv_translit_3waymerge/gitport/git/t'
rm -f -r 'test-results'
chainlint.pl: Perl lib version (5.43.10) doesn't match executable '/bin/perl' version (5.44.0) at /sysroot/usr/lpp/IBM/foz/v1r1/perl/perl-5.43.10/lib/5.43.10//os390/Config.pm line 62.
Compilation failed in require at chainlint.pl line 18.
BEGIN failed--compilation aborted at chainlint.pl line 18.
make[1]: [Makefile:172: test-chainlint] Error 255 (ignored)
mesontmp/meson.txt mesontmp/actual.txt differ: char 1058, line 52
chainlint.pl: Perl lib version (5.43.10) doesn't match executable '/bin/perl' version (5.44.0) at /sysroot/usr/lpp/IBM/foz/v1r1/perl/perl-5.43.10/lib/5.43.10//os390/Config.pm line 62.
Compilation failed in require at chainlint.pl line 18.
BEGIN failed--compilation aborted at chainlint.pl line 18.
Meson tests differ from actual tests:
--- chainlinttmp/expect	2026-09-17 06:44:02 -0400
+++ chainlinttmp/actual	2026-09-17 06:44:02 -0400
@@ -1,977 +0,0 @@
-# chainlint: chainlinttmp/tests
-# chainlint: arithmetic-expansion
-2 (
-3 	foo &&
-4 	bar=$((42 + 1)) &&
-5 	baz
-6 ) &&
-7 (
-8 	bar=$((42 + 1)) ?!LINT: missing '&&'?!
-9 	baz
-10 )
-# chainlint: bash-array
-13 (
-14 	foo &&
-15 	bar=(gumbo stumbo wumbo) &&
-16 	baz
-17 ) &&
-18 (
-19 	foo &&
-20 	bar=${#bar[@]} &&
-21 	baz
-22 )
-# chainlint: blank-line
-25 (
-26 
-27 	nothing &&
-28 
-29 	something
-30 
-31 
-32 )
-# chainlint: blank-line-before-esac
-35 test_done () {
-36 	case "$test_failure" in
-37 	0)
-38 		test_at_end_hook_
-39 
-40 		exit 0 ;;
-41 
-42 	*)
-43 		if test $test_external_has_tap -eq 0
-44 		then
-45 			say_color error "# failed $test_failure among $msg"
-46 			say "1..$test_count"
-47 		fi
-48 
-49 		exit 1 ;;
-50 
-51 	esac
-52 }
-# chainlint: block
-55 (
-56 	foo &&
-57 	{
-58 		echo a ?!LINT: missing '&&'?!
-59 		echo b
-60 	} &&
-61 	bar &&
-62 	{
-63 		echo c
-64 	} ?!LINT: missing '&&'?!
-65 	baz
-66 ) &&
-67 
-68 {
-69 	echo a; ?!LINT: missing '&&'?! echo b
-70 } &&
-71 { echo a; ?!LINT: missing '&&'?! echo b; } &&
-72 
-73 {
-74 	echo "${var}9" &&
-75 	echo "done"
-76 } &&
-77 finis
-# chainlint: block-comment
-80 (
-81 	{
-82 		# show a
-83 		echo a &&
-84 		# show b
-85 		echo b
-86 	}
-87 )
-# chainlint: broken-chain
-90 (
-91 	foo &&
-92 	bar ?!LINT: missing '&&'?!
-93 	baz &&
-94 	wop
-95 )
-# chainlint: case
-98 (
-99 	case "$x" in
-100 	x) foo ;;
-101 	*) bar ;;
-102 	esac &&
-103 	foobar
-104 ) &&
-105 (
-106 	case "$x" in
-107 	x) foo ;;
-108 	*) bar ;;
-109 	esac ?!LINT: missing '&&'?!
-110 	foobar
-111 ) &&
-112 (
-113 	case "$x" in 1) true;; esac &&
-114 	case "$y" in 2) false;; esac ?!LINT: missing '&&'?!
-115 	foobar
-116 )
-# chainlint: case-comment
-119 (
-120 	case "$x" in
-121 	# found foo
-122 	x) foo ;;
-123 	# found other
-124 	*)
-125 		# treat it as bar
-126 		bar
-127 		;;
-128 	esac
-129 )
-# chainlint: chain-break-background
-132 JGIT_DAEMON_PID= &&
-133 git init --bare empty.git &&
-134 >empty.git/git-daemon-export-ok &&
-135 mkfifo jgit_daemon_output &&
-136 {
-137 	jgit daemon --port="$JGIT_DAEMON_PORT" . >jgit_daemon_output &
-138 	JGIT_DAEMON_PID=$!
-139 } &&
-140 test_expect_code 2 git ls-remote --exit-code git://localhost:$JGIT_DAEMON_PORT/empty.git
-# chainlint: chain-break-continue
-143 git ls-tree --name-only -r refs/notes/many_notes |
-144 while read path
-145 do
-146 	test "$path" = "foobar/non-note.txt" && continue
-147 	test "$path" = "deadbeef" && continue
-148 	test "$path" = "de/adbeef" && continue
-149 
-150 	if test $(expr length "$path") -ne $hexsz
-151 	then
-152 		return 1
-153 	fi
-154 done
-# chainlint: chain-break-false
-157 if condition not satisfied
-158 then
-159 	echo it did not work...
-160 	echo failed!
-161 	false
-162 else
-163 	echo it went okay ?!LINT: missing '&&'?!
-164 	congratulate user
-165 fi
-# chainlint: chain-break-return-exit
-168 case "$(git ls-files)" in
-169 one) echo pass one ;;
-170 *) echo bad one; return 1 ;;
-171 esac &&
-172 (
-173 	case "$(git ls-files)" in
-174 	two) echo pass two ;;
-175 	*) echo bad two; exit 1 ;;
-176 	esac
-177 ) &&
-178 case "$(git ls-files)" in
-179 dir/two"$LF"one) echo pass both ;;
-180 *) echo bad; return 1 ;;
-181 esac &&
-182 
-183 for i in 1 2 3 4 ; do
-184 	git checkout main -b $i || return $?
-185 	test_commit $i $i $i tag$i || return $?
-186 done
-# chainlint: chain-break-status
-189 OUT=$( ((large_git; echo $? 1>&3) | :) 3>&1 ) &&
-190 test_match_signal 13 "$OUT" &&
-191 
-192 { test-tool sigchain >actual; ret=$?; } &&
-193 {
-194 	test_match_signal 15 "$ret" ||
-195 	test "$ret" = 3
-196 } &&
-197 test_cmp expect actual
-# chainlint: chained-block
-200 echo nobody home && {
-201 	test the doohicky ?!LINT: missing '&&'?!
-202 	right now
-203 } &&
-204 
-205 GIT_EXTERNAL_DIFF=echo git diff | {
-206 	read path oldfile oldhex oldmode newfile newhex newmode &&
-207 	test "z$oh" = "z$oldhex"
-208 }
-# chainlint: chained-subshell
-211 mkdir sub && (
-212 	cd sub &&
-213 	foo the bar ?!LINT: missing '&&'?!
-214 	nuff said
-215 ) &&
-216 
-217 cut "-d " -f actual | (read s1 s2 s3 &&
-218 test -f $s1 ?!LINT: missing '&&'?!
-219 test $(cat $s2) = tree2path1 &&
-220 test $(cat $s3) = tree3path1)
-# chainlint: close-nested-and-parent-together
-223 (cd foo &&
-224 	(bar &&
-225 		baz))
-# chainlint: close-subshell
-228 (
-229 	foo
-230 ) &&
-231 (
-232 	bar
-233 ) >out &&
-234 (
-235 	baz
-236 ) 2>err &&
-237 (
-238 	boo
-239 ) <input &&
-240 (
-241 	bip
-242 ) | wuzzle &&
-243 (
-244 	bop
-245 ) | fazz \
-246 	fozz &&
-247 (
-248 	bup
-249 ) |
-250 fuzzle &&
-251 (
-252 	yop
-253 )
-# chainlint: command-substitution
-256 (
-257 	foo &&
-258 	bar=$(gobble) &&
-259 	baz
-260 ) &&
-261 (
-262 	bar=$(gobble blocks) ?!LINT: missing '&&'?!
-263 	baz
-264 )
-# chainlint: command-substitution-subsubshell
-267 OUT=$( ((large_git 1>&3) | :) 3>&1 ) &&
-268 test_match_signal 13 "$OUT"
-# chainlint: comment
-271 (
-272 	# comment 1
-273 	nothing &&
-274 	# comment 2
-275 	something
-276 	# comment 3
-277 	# comment 4
-278 )
-# chainlint: complex-if-in-cuddled-loop
-281 (for i in a b c; do
-282    if test "$(echo $(waffle bat))" = "eleventeen" &&
-283      test "$x" = "$y"; then
-284      :
-285    else
-286      echo >file
-287    fi ?!LINT: missing '|| exit 1'?!
-288  done) &&
-289 test ! -f file
-# chainlint: cuddled
-292 (cd foo &&
-293 	bar
-294 ) &&
-295 
-296 (cd foo ?!LINT: missing '&&'?!
-297 	bar
-298 ) &&
-299 
-300 (
-301 	cd foo &&
-302 	bar) &&
-303 
-304 (cd foo &&
-305 	bar) &&
-306 
-307 (cd foo ?!LINT: missing '&&'?!
-308 	bar)
-# chainlint: cuddled-if-then-else
-311 (if test -z ""; then
-312     echo empty
-313  else
-314     echo bizzy
-315  fi) &&
-316 echo foobar
-# chainlint: cuddled-loop
-319 ( while read x
-320   do foobar bop || exit 1
-321   done <file ) &&
-322 outside subshell
-# chainlint: double-here-doc
-325 run_sub_test_lib_test_err run-inv-range-start \
-326 	"--run invalid range start" \
-327 	--run="a-5" <<-\EOF &&
-328 test_expect_success "passing test #1" "true"
-329 test_done
-330 EOF
-331 check_sub_test_lib_test_err run-inv-range-start \
-332 	<<-\EOF_OUT 3<<-EOF_ERR
-333 > FATAL: Unexpected exit with code 1
-334 EOF_OUT
-335 > error: --run: invalid non-numeric in range start: ${SQ}a-5${SQ}
-336 EOF_ERR
-# chainlint: dqstring-line-splice
-339 
-340 echo 'fatal: reword option of --fixup is mutually exclusive with'	'--patch/--interactive/--all/--include/--only' >expect &&
-341 test_must_fail git commit --fixup=reword:HEAD~ $1 2>actual &&
-342 test_cmp expect actual
-343 
-# chainlint: dqstring-no-interpolate
-347 grep "^ ! [rejected][ ]*$BRANCH -> $BRANCH (non-fast-forward)$" out &&
-348 
-349 grep "^\.git$" output.txt &&
-350 
-351 
-352 (
-353 	cd client$version &&
-354 	GIT_TEST_PROTOCOL_VERSION=$version git fetch-pack --no-progress .. $(cat ../input)
-355 ) >output &&
-356 	cut -d ' ' -f 2 <output | sort >actual &&
-357 	test_cmp expect actual
-358 
-# chainlint: empty-here-doc
-361 git ls-tree $tree path >current &&
-362 cat >expected <<\EOF &&
-363 EOF
-364 test_output
-# chainlint: exclamation
-367 if ! condition; then echo nope; else yep; fi &&
-368 test_prerequisite !MINGW &&
-369 mail uucp!address &&
-370 echo !whatever!
-# chainlint: exit-loop
-373 (
-374 	for i in a b c
-375 	do
-376 		foo || exit 1
-377 		bar &&
-378 		baz
-379 	done
-380 ) &&
-381 (
-382 	while true
-383 	do
-384 		foo || exit 1
-385 		bar &&
-386 		baz
-387 	done
-388 ) &&
-389 (
-390 	i=0 &&
-391 	while test $i -lt 10
-392 	do
-393 		echo $i || exit
-394 		i=$(($i + 1))
-395 	done
-396 )
-# chainlint: exit-subshell
-399 (
-400 	foo || exit 1
-401 	bar &&
-402 	baz
-403 )
-# chainlint: for-loop
-406 (
-407 	for i in a b c
-408 	do
-409 		echo $i ?!LINT: missing '&&'?!
-410 		cat <<-\EOF ?!LINT: missing '|| exit 1'?!
-411 		bar
-412 		EOF
-413 	done ?!LINT: missing '&&'?!
-414 
-415 	for i in a b c; do
-416 		echo $i &&
-417 		cat $i ?!LINT: missing '|| exit 1'?!
-418 	done
-419 )
-# chainlint: for-loop-abbreviated
-422 for it
-423 do
-424 	path=$(expr "$it" : ([^:]*)) &&
-425 	git update-index --add "$path" || exit
-426 done
-# chainlint: function
-429 sha1_file() {
-430 	echo "$*" | sed "s#..#.git/objects/&/#"
-431 } &&
-432 
-433 remove_object() {
-434 	file=$(sha1_file "$*") &&
-435 	test -e "$file" ?!LINT: missing '&&'?!
-436 	rm -f "$file"
-437 } ?!LINT: missing '&&'?!
-438 
-439 sha1_file arg && remove_object arg
-# chainlint: here-doc
-442 boodle wobba \
-443        gorgo snoot \
-444        wafta snurb <<EOF &&
-445 quoth the raven,
-446 nevermore...
-447 EOF
-448 
-449 cat <<-Arbitrary_Tag_42 >foo &&
-450 snoz
-451 boz
-452 woz
-453 Arbitrary_Tag_42
-454 
-455 cat <<"zump" >boo &&
-456 snoz
-457 boz
-458 woz
-459 zump
-460 
-461 horticulture <<\EOF
-462 gomez
-463 morticia
-464 wednesday
-465 pugsly
-466 EOF
-# chainlint: here-doc-body
-469 	echo "missing chain before" ?!LINT: missing '&&'?!
-470 	cat >file <<-\EOF &&
-471 	inside inner here-doc
-472 	these are not shell commands
-473 	EOF
-474 	echo "missing chain after" ?!LINT: missing '&&'?!
-475 	echo "but this line is OK because it's the end"
-# chainlint: here-doc-body-indent
-478 	echo "we should find this" ?!LINT: missing '&&'?!
-479 	echo "even though our heredoc has its indent stripped"
-# chainlint: here-doc-body-pathological
-482 	echo "outer here-doc does not allow indented end-tag" ?!LINT: missing '&&'?!
-483 	cat >file <<-\EOF &&
-484 	but this inner here-doc
-485 	does allow indented EOF
-486 	EOF
-487 	echo "missing chain after" ?!LINT: missing '&&'?!
-488 	echo "but this line is OK because it's the end"
-# chainlint: here-doc-close-subshell
-491 (
-492 	cat <<-\INPUT)
-493 	fizz
-494 	INPUT
-# chainlint: here-doc-double
-503 	echo "actual test commands" ?!LINT: missing '&&'?!
-504 	echo "that should be checked"
-# chainlint: here-doc-indent-operator
-507 cat >expect <<- EOF &&
-508 header: 43475048 1 $(test_oid oid_version) $NUM_CHUNKS 0
-509 num_commits: $1
-510 chunks: oid_fanout oid_lookup commit_metadata generation_data bloom_indexes bloom_data
-511 EOF
-512 
-513 cat >expect << -EOF ?!LINT: missing '&&'?!
-514 this is not indented
-515 -EOF
-516 
-517 cleanup
-# chainlint: here-doc-multi-line-command-subst
-520 (
-521 	x=$(bobble <<-\END &&
-522 		fossil
-523 		vegetable
-524 		END
-525 		wiffle) ?!LINT: missing '&&'?!
-526 	echo $x
-527 )
-# chainlint: here-doc-multi-line-string
-530 (
-531 	cat <<-\TXT && echo "multi-line
-532 	string" ?!LINT: missing '&&'?!
-533 	fizzle
-534 	TXT
-535 	bap
-536 )
-# chainlint: if-condition-split
-539 if bob &&
-540    marcia ||
-541    kevin
-542 then
-543 	echo "nomads" ?!LINT: missing '&&'?!
-544 	echo "for sure"
-545 fi
-# chainlint: if-in-loop
-548 (
-549 	for i in a b c
-550 	do
-551 		if false
-552 		then
-553 			echo "err"
-554 			exit 1
-555 		fi ?!LINT: missing '&&'?!
-556 		foo
-557 	done ?!LINT: missing '&&'?!
-558 	bar
-559 )
-# chainlint: if-then-else
-562 (
-563 	if test -n ""
-564 	then
-565 		echo very ?!LINT: missing '&&'?!
-566 		echo empty
-567 	elif test -z ""
-568 	then
-569 		echo foo
-570 	else
-571 		echo foo &&
-572 		cat <<-\EOF
-573 		bar
-574 		EOF
-575 	fi ?!LINT: missing '&&'?!
-576 	echo poodle
-577 ) &&
-578 (
-579 	if test -n ""; then
-580 		echo very &&
-581 		echo empty
-582 	fi
-583 )
-# chainlint: incomplete-line
-586 line 1 \
-587 line 2 \
-588 line 3 \
-589 line 4 &&
-590 (
-591 	line 5 \
-592 	line 6 \
-593 	line 7 \
-594 	line 8
-595 )
-# chainlint: inline-comment
-598 (
-599 	foobar && # comment 1
-600 	barfoo ?!LINT: missing '&&'?! # wrong position for &&
-601 	flibble "not a # comment"
-602 ) &&
-603 
-604 (cd foo &&
-605 	flibble "not a # comment")
-# chainlint: loop-detect-failure
-608 git init r1 &&
-609 for n in 1 2 3 4 5
-610 do
-611 	echo "This is file: $n" > r1/file.$n &&
-612 	git -C r1 add file.$n &&
-613 	git -C r1 commit -m "$n" || return 1
-614 done &&
-615 
-616 git init r2 &&
-617 for n in 1000 10000
-618 do
-619 	printf "%"$n"s" X > r2/large.$n &&
-620 	git -C r2 add large.$n &&
-621 	git -C r2 commit -m "$n" ?!LINT: missing '|| return 1'?!
-622 done
-# chainlint: loop-detect-status
-625 (while test $i -le $blobcount
-626  do
-627 	printf "Generating blob $i/$blobcount\r" >&2 &&
-628 	printf "blob\nmark :$i\ndata $blobsize\n" &&
-629 	#test-tool genrandom $i $blobsize &&
-630 	printf "%-${blobsize}s" $i &&
-631 	echo "M 100644 :$i $i" >> commit &&
-632 	i=$(($i+1)) ||
-633 	echo $? > exit-status
-634  done &&
-635  echo "commit refs/heads/main" &&
-636  echo "author A U Thor <author@email.com> 123456789 +0000" &&
-637  echo "committer C O Mitter <committer@email.com> 123456789 +0000" &&
-638  echo "data 5" &&
-639  echo ">2gb" &&
-640  cat commit) |
-641 git fast-import --big-file-threshold=2 &&
-642 test ! -f exit-status
-# chainlint: loop-in-if
-645 (
-646 	if true
-647 	then
-648 		while true
-649 		do
-650 			echo "pop" ?!LINT: missing '&&'?!
-651 			echo "glup" ?!LINT: missing '|| exit 1'?!
-652 		done ?!LINT: missing '&&'?!
-653 		foo
-654 	fi ?!LINT: missing '&&'?!
-655 	bar
-656 )
-# chainlint: loop-upstream-pipe
-659 (
-660 	git rev-list --objects --no-object-names base..loose |
-661 	while read oid
-662 	do
-663 		path="$objdir/$(test_oid_to_path "$oid")" &&
-664 		printf "%s %d\n" "$oid" "$(test-tool chmtime --get "$path")" ||
-665 		echo "object list generation failed for $oid"
-666 	done |
-667 	sort -k1
-668 ) >expect &&
-# chainlint: multi-line-nested-command-substitution
-671 (
-672 	foo &&
-673 	x=$(
-674 		echo bar |
-675 		cat
-676 	) &&
-677 	echo ok
-678 ) |
-679 sort &&
-680 (
-681 	bar &&
-682 	x=$(echo bar |
-683 		cat
-684 	) &&
-685 	y=$(echo baz |
-686 		fip) &&
-687 	echo fail
-688 )
-# chainlint: multi-line-string
-691 (
-692 	x="line 1
-693 		line 2
-694 		line 3" &&
-695 	y="line 1
-696 		line2" ?!LINT: missing '&&'?!
-697 	foobar
-698 ) &&
-699 (
-700 	echo "xyz" "abc
-701 		def
-702 		ghi" &&
-703 	barfoo
-704 )
-# chainlint: negated-one-liner
-707 ! (foo && bar) &&
-708 ! (foo && bar) >baz &&
-709 
-710 ! (foo; ?!LINT: missing '&&'?! bar) &&
-711 ! (foo; ?!LINT: missing '&&'?! bar) >baz
-# chainlint: nested-cuddled-subshell
-714 (
-715 	(cd foo &&
-716 		bar
-717 	) &&
-718 
-719 	(cd foo &&
-720 		bar
-721 	) ?!LINT: missing '&&'?!
-722 
-723 	(
-724 		cd foo &&
-725 		bar) &&
-726 
-727 	(
-728 		cd foo &&
-729 		bar) ?!LINT: missing '&&'?!
-730 
-731 	(cd foo &&
-732 		bar) &&
-733 
-734 	(cd foo &&
-735 		bar) ?!LINT: missing '&&'?!
-736 
-737 	foobar
-738 )
-# chainlint: nested-here-doc
-741 cat <<ARBITRARY >foop &&
-742 naddle
-743 fub <<EOF
-744 	nozzle
-745 	noodle
-746 EOF
-747 formp
-748 ARBITRARY
-749 
-750 (
-751 	cat <<-\INPUT_END &&
-752 	fish are mice
-753 	but geese go slow
-754 	data <<EOF
-755 		perl is lerp
-756 		and nothing else
-757 	EOF
-758 	toink
-759 	INPUT_END
-760 
-761 	cat <<-\EOT ?!LINT: missing '&&'?!
-762 	text goes here
-763 	data <<EOF
-764 		data goes here
-765 	EOF
-766 	more test here
-767 	EOT
-768 
-769 	foobar
-770 )
-# chainlint: nested-loop-detect-failure
-773 for i in 0 1 2 3 4 5 6 7 8 9;
-774 do
-775 	for j in 0 1 2 3 4 5 6 7 8 9;
-776 	do
-777 		echo "$i$j" >"path$i$j" ?!LINT: missing '|| return 1'?!
-778 	done ?!LINT: missing '|| return 1'?!
-779 done &&
-780 
-781 for i in 0 1 2 3 4 5 6 7 8 9;
-782 do
-783 	for j in 0 1 2 3 4 5 6 7 8 9;
-784 	do
-785 		echo "$i$j" >"path$i$j" || return 1
-786 	done
-787 done &&
-788 
-789 for i in 0 1 2 3 4 5 6 7 8 9;
-790 do
-791 	for j in 0 1 2 3 4 5 6 7 8 9;
-792 	do
-793 		echo "$i$j" >"path$i$j" ?!LINT: missing '|| return 1'?!
-794 	done || return 1
-795 done &&
-796 
-797 for i in 0 1 2 3 4 5 6 7 8 9;
-798 do
-799 	for j in 0 1 2 3 4 5 6 7 8 9;
-800 	do
-801 		echo "$i$j" >"path$i$j" || return 1
-802 	done || return 1
-803 done
-# chainlint: nested-subshell
-806 (
-807 	cd foo &&
-808 	(
-809 		echo a &&
-810 		echo b
-811 	) >file &&
-812 
-813 	cd foo &&
-814 	(
-815 		echo a ?!LINT: missing '&&'?!
-816 		echo b
-817 	) >file
-818 )
-# chainlint: nested-subshell-comment
-821 (
-822 	foo &&
-823 	(
-824 		bar &&
-825 		# bottles wobble while fiddles gobble
-826 		# minor numbers of cows (or do they?)
-827 		baz &&
-828 		snaff
-829 	) ?!LINT: missing '&&'?!
-830 	fuzzy
-831 )
-# chainlint: not-heredoc
-834 echo "<<<<<<< ours" &&
-835 echo ourside &&
-836 echo "=======" &&
-837 echo theirside &&
-838 echo ">>>>>>> theirs" &&
-839 
-840 (
-841 	echo "<<<<<<< ours" &&
-842 	echo ourside &&
-843 	echo "=======" &&
-844 	echo theirside &&
-845 	echo ">>>>>>> theirs" ?!LINT: missing '&&'?!
-846 	poodle
-847 ) >merged
-# chainlint: one-liner
-850 (foo && bar) &&
-851 (foo && bar) |
-852 (foo && bar) >baz &&
-853 
-854 (foo; ?!LINT: missing '&&'?! bar) &&
-855 (foo; ?!LINT: missing '&&'?! bar) |
-856 (foo; ?!LINT: missing '&&'?! bar) >baz &&
-857 
-858 (foo "bar; baz")
-# chainlint: one-liner-for-loop
-861 git init dir-rename-and-content &&
-862 (
-863 	cd dir-rename-and-content &&
-864 	test_write_lines 1 2 3 4 5 >foo &&
-865 	mkdir olddir &&
-866 	for i in a b c; do echo $i >olddir/$i; ?!LINT: missing '|| exit 1'?! done ?!LINT: missing '&&'?!
-867 	git add foo olddir &&
-868 	git commit -m "original" &&
-869 )
-# chainlint: p4-filespec
-872 (
-873 	p4 print -1 //depot/fiddle#42 >file &&
-874 	foobar
-875 )
-# chainlint: pipe
-878 (
-879 	foo |
-880 	bar |
-881 	baz &&
-882 
-883 	fish |
-884 	cow ?!LINT: missing '&&'?!
-885 
-886 	sunder
-887 )
-# chainlint: return-loop
-890 while test $i -lt $((num - 5))
-891 do
-892 	git notes add -m "notes for commit$i" HEAD~$i || return 1
-893 	i=$((i + 1))
-894 done
-# chainlint: semicolon
-897 (
-898 	cat foo ; ?!LINT: missing '&&'?! echo bar ?!LINT: missing '&&'?!
-899 	cat foo ; ?!LINT: missing '&&'?! echo bar
-900 ) &&
-901 (
-902 	cat foo ; ?!LINT: missing '&&'?! echo bar &&
-903 	cat foo ; ?!LINT: missing '&&'?! echo bar
-904 ) &&
-905 (
-906 	echo "foo; bar" &&
-907 	cat foo; ?!LINT: missing '&&'?! echo bar
-908 ) &&
-909 (
-910 	foo;
-911 ) &&
-912 (cd foo &&
-913 	for i in a b c; do
-914 		echo; ?!LINT: missing '|| exit 1'?!
-915 	done)
-# chainlint: sqstring-in-sqstring
-918 perl -e '
-919 	defined($_ = -s $_) or die for @ARGV;
-920 	exit 1 if $ARGV[0] <= $ARGV[1];
-921 ' test-2-$packname_2.pack test-3-$packname_3.pack
-# chainlint: subshell-here-doc
-924 (
-925 	echo wobba \
-926 	       gorgo snoot \
-927 	       wafta snurb <<-EOF &&
-928 	quoth the raven,
-929 	nevermore...
-930 	EOF
-931 
-932 	cat <<EOF >bip ?!LINT: missing '&&'?!
-933 	fish fly high
-934 EOF
-935 
-936 	echo <<-\EOF >bop
-937 	gomez
-938 	morticia
-939 	wednesday
-940 	pugsly
-941 	EOF
-942 ) &&
-943 (
-944 	cat <<-\ARBITRARY >bup &&
-945 	glink
-946 	FIZZ
-947 	ARBITRARY
-948 	cat <<-"ARBITRARY3" >bup3 &&
-949 	glink
-950 	FIZZ
-951 	ARBITRARY3
-952 	meep
-953 )
-# chainlint: subshell-one-liner
-956 (
-957 	(foo && bar) &&
-958 	(foo && bar) |
-959 	(foo && bar) >baz &&
-960 
-961 	(foo; ?!LINT: missing '&&'?! bar) &&
-962 	(foo; ?!LINT: missing '&&'?! bar) |
-963 	(foo; ?!LINT: missing '&&'?! bar) >baz &&
-964 
-965 	(foo || exit 1) &&
-966 	(foo || exit 1) |
-967 	(foo || exit 1) >baz &&
-968 
-969 	(foo && bar) ?!LINT: missing '&&'?!
-970 
-971 	(foo && bar; ?!LINT: missing '&&'?! baz) ?!LINT: missing '&&'?!
-972 
-973 	foobar
-974 )
-# chainlint: t7900-subtree
-977 (
-978 	chks="sub1
-979 sub2
-980 sub3
-981 sub4" &&
-982 	chks_sub=$(cat <<TXT | sed "s,^,sub dir/,"
-983 $chks
-984 TXT
-985 ) &&
-986 	chkms="main-sub1
-987 main-sub2
-988 main-sub3
-989 main-sub4" &&
-990 	chkms_sub=$(cat <<TXT | sed "s,^,sub dir/,"
-991 $chkms
-992 TXT
-993 ) &&
-994 
-995 	subfiles=$(git ls-files) &&
-996 	check_equal "$subfiles" "$chkms
-997 $chks"
-998 )
-# chainlint: token-pasting
-1001 git config filter.rot13.smudge ./rot13.sh &&
-1002 git config filter.rot13.clean ./rot13.sh &&
-1003 
-1004 {
-1005     echo "*.t filter=rot13" ?!LINT: missing '&&'?!
-1006     echo "*.i ident"
-1007 } >.gitattributes &&
-1008 
-1009 {
-1010     echo a b c d e f g h i j k l m ?!LINT: missing '&&'?!
-1011     echo n o p q r s t u v w x y z ?!LINT: missing '&&'?!
-1012     echo '$Id$'
-1013 } >test &&
-1014 cat test >test.t &&
-1015 cat test >test.o &&
-1016 cat test >test.i &&
-1017 git add test test.t test.i &&
-1018 rm -f test test.t test.i &&
-1019 git checkout -- test test.t test.i &&
-1020 
-1021 echo "content-test2" >test2.o &&
-1022 echo "content-test3 - filename with special characters" >"test3 'sq',$x=.o" ?!LINT: missing '&&'?!
-1023 
-1024 downstream_url_for_sed=$(
-1025 	printf "%sn" "$downstream_url" |
-1026 	sed -e 's/\/\\/g' -e 's/[[/.*^$]/\&/g'
-1027 )
-# chainlint: unclosed-here-doc
-1030 command_which_is_run &&
-1031 cat >expect <<\EOF ?!LINT: unclosed heredoc?! &&
-1032 	we try to end the here-doc below,
-1033 	but the indentation throws us off
-1034 	since the operator is not "<<-".
-1035 	EOF
-1036 command_which_is_gobbled
-# chainlint: unclosed-here-doc-indent
-1039 command_which_is_run &&
-1040 cat >expect <<-\EOF ?!LINT: unclosed heredoc?! &&
-1041 we forget to end the here-doc
-1042 command_which_is_gobbled
-# chainlint: while-loop
-1045 (
-1046 	while true
-1047 	do
-1048 		echo foo ?!LINT: missing '&&'?!
-1049 		cat <<-\EOF ?!LINT: missing '|| exit 1'?!
-1050 		bar
-1051 		EOF
-1052 	done ?!LINT: missing '&&'?!
-1053 
-1054 	while true; do
-1055 		echo foo &&
-1056 		cat bar ?!LINT: missing '|| exit 1'?!
-1057 	done
-1058 )
--- mesontmp/meson.txt	2026-09-17 06:44:02 -0400
+++ mesontmp/actual.txt	2026-09-17 06:44:02 -0400
@@ -49,6 +49,7 @@
 t0081-find-pack.sh
 t0082-zos-encoding.sh
 t0083-apply-3way-zos.sh
+t0084-rerere-zos.sh
 t0090-cache-tree.sh
 t0091-bugreport.sh
 t0092-diagnose.sh
make[1]: [Makefile:118: check-chainlint] Error 1 (ignored)
make[1]: [Makefile:125: check-meson] Error 1 (ignored)
GIT_TEST_EXT_CHAIN_LINT=0 && export GIT_TEST_EXT_CHAIN_LINT && make aggregate-results-and-cleanup
make[2]: Entering directory '/home/haritha/code/bazel-7.2.0/git_255_iconv_translit_3waymerge/gitport/git/t'
*** t0000-basic.sh ***
*** t0001-init.sh ***
*** t0002-gitfile.sh ***
*** t0003-attributes.sh ***
*** t0004-unwritable.sh ***
*** t0005-signals.sh ***
*** t0006-date.sh ***
*** t0007-git-var.sh ***
*** t0008-ignores.sh ***
*** t0009-git-dir-validation.sh ***
*** t0010-racy-git.sh ***
*** t0012-help.sh ***
*** t0013-sha1dc.sh ***
*** t0014-alias.sh ***
*** t0017-env-helper.sh ***
*** t0018-advice.sh ***
*** t0019-json-writer.sh ***
ok 1 - initial setup
ok 1 - verify that the running shell supports "local"
ok 1 - open-quoted pathname
ok 1 - setup
ok 2 - bad setup: invalid .git file format
ok 2 - .git/objects should be empty after git init in an empty repo
ok 1 - get GIT_AUTHOR_IDENT
ok 1 - Racy git trial #0 part A
ok 3 - .git/objects should have 3 subdirectories
ok 4 - success is reported like this
ok 1 - advice should be printed when config variable is unset
ok 1 - unit test of json-writer routines
ok 3 - bad setup: invalid .git file path
ok 1 - sigchain works
ok 1 - plain
ok 2 - setup
ok 2 - get GIT_COMMITTER_IDENT
ok 1 - test-sha1 detects shattered pdf
ok 4 - final setup + check rev-parse --git-dir
# passed all 1 test(s)
1..1
ok 1 - setup
ok 2 - trivial object
*** t0020-crlf.sh ***
ok 5 - check hash-object
ok 1 - nested aliases - internal execution
ok 2 - advice should be printed when config variable is set to true
ok 2 - basic help commands
ok 1 - relative date (5 seconds ago)
ok 1 - setup: create parent git repository
ok 3 - trivial array
ok 6 - check cat-file
ok 2 - signals are propagated using shell convention
ok 3 # skip requested identities are strict (missing !AUTOIDENT of !FAIL_PREREQS,!AUTOIDENT)
ok 2 - relative date (5 minutes ago)
ok 2 - Racy git trial #0 part B
ok 4 - simple object
ok 1 - test-tool env-helper usage
ok 2 - plain nested in bare
ok 3 - relative date (5 hours ago)
ok 3 - advice should not be printed when config variable is set to false
ok 3 - create blob
ok 2 - write-tree should notice unwritable repository
ok 5 - simple array
ok 4 - relative date (5 days ago)
ok 2 - test-tool env-helper bad default values
ok 7 - check update-index
ok 3 - Racy git trial #1 part A
ok 5 - relative date (3 weeks ago)
ok 1 - setup
ok 3 - write-tree output on unwritable repository
ok 2 - setup: .git as a symlink to a directory is valid
ok 6 - escape quoting string
ok 4 - get GIT_DEFAULT_BRANCH without configuration
ok 2 - nested aliases - mixed execution
ok 4 - advice should not be printed when --no-advice is used
ok 3 - setup branches
ok 8 - check write-tree
ok 6 - relative date (5 months ago)
ok 4 - commit should notice unwritable repository
ok 3 - plain through aliased command, outside any git repo
ok 7 - relative date (1 year, 2 months ago)
ok 7 - escape quoting string 2
ok 4 - a constipated git dies with SIGPIPE
ok 9 - check commit-tree
ok 5 - advice should not be printed when GIT_ADVICE is set to false
ok 2 - . corner-case
ok 8 - relative date (1 year, 9 months ago)
ok 5 - get GIT_DEFAULT_BRANCH with configuration
ok 3 - setup: .git as a FIFO (named pipe) is rejected
ok 5 - commit output on unwritable repository
ok 3 - invalid usage
ok 4 - Racy git trial #1 part B
ok 8 - nested inline object
ok 3 - looping aliases - internal execution
ok 9 - relative date (20 years ago)
ok 10 - check rev-list
ok 6 - get GIT_EDITOR without configuration
ok 5 - a constipated git dies with SIGPIPE even if parent ignores it
ok 6 - update-index should notice unwritable repository
ok 10 - relative date (12 months ago)
# passed all 5 test(s)
1..5
ok 6 - advice should be printed when GIT_ADVICE is set to true
ok 3 - . corner-case with -q
ok 9 - nested inline array
ok 5 - Racy git trial #2 part A
ok 4 - setup: .git as a symlink to a FIFO is rejected
*** t0021-conversion.sh ***
# passed all 6 test(s)
1..6
ok 4 - plain nested through aliased command
ok 11 - relative date (2 years ago)
*** t0022-crlf-rename.sh ***
ok 7 - update-index output on unwritable repository
ok 4 - invalid usage of '-a' with [-i|-m|-w]
ok 4 - . corner-case with --quiet
ok 10 - nested inline object and array
ok 5 - setup: .git with garbage content is rejected
ok 12 - show date (iso8601:1466000000 +0200)
ok 7 - get GIT_EDITOR with configuration
ok 8 - add should notice unwritable repository
ok 11 - nested inline object and array 2
ok 5 - . corner-case with -v
ok 4 - looping aliases - deprecated builtins
ok 13 - show date (iso8601-strict:1466000000 +0200)
ok 8 - get GIT_EDITOR with environment variable GIT_EDITOR
ok 11 - setup_git_dir twice in subdir
not ok 3 - test-tool env-helper --type=bool
ok 6 - Racy git trial #2 part B
#	
#		# Test various --default bool values
#		echo true >expected &&
#		test-tool env-helper --type=bool --default=1 MISSING >actual &&
#		test_cmp expected actual &&
#		test-tool env-helper --type=bool --default=yes MISSING >actual &&
#		test_cmp expected actual &&
#		test-tool env-helper --type=bool --default=true MISSING >actual &&
#		test_cmp expected actual &&
#		echo false >expected &&
#		test_must_fail test-tool env-helper --type=bool --default=0 MISSING >actual &&
#		test_cmp expected actual &&
#		test_must_fail test-tool env-helper --type=bool --default=no MISSING >actual &&
#		test_cmp expected actual &&
#		test_must_fail test-tool env-helper --type=bool --default=false MISSING >actual &&
#		test_cmp expected actual &&
#	
#		# No output with --exit-code
#		test-tool env-helper --type=bool --default=true --exit-code MISSING >actual.out 2>actual.err &&
#		test_must_be_empty actual.out &&
#		test_must_be_empty actual.err &&
#		test_must_fail test-tool env-helper --type=bool --default=false --exit-code MISSING >actual.out 2>actual.err &&
#		test_must_be_empty actual.out &&
#		test_must_be_empty actual.err &&
#	
#		# Existing variable
#		EXISTS=true test-tool env-helper --type=bool --default=false --exit-code EXISTS >actual.out 2>actual.err &&
#		test_must_be_empty actual.out &&
#		test_must_be_empty actual.err &&
#		test_must_fail \
#			env EXISTS=false \
#			test-tool env-helper --type=bool --default=true --exit-code EXISTS >actual.out 2>actual.err &&
#		test_must_be_empty actual.out &&
#		test_must_be_empty actual.err
#	
ok 6 - setup: .git as an empty directory is ignored
ok 9 - add output on unwritable repository
ok 6 - . corner-case with -v -n
not ok 5 - run-command formats empty args properly
ok 5 - invalid usage of '-g' with [-i|-m|-w]
ok 9 - get GIT_EDITOR with environment variable EDITOR
ok 12 - pretty nested inline object and array 2
# passed all 6 test(s)
1..6
ok 14 - show date (iso8601-strict:1466000000 +0000)
# passed all 9 test(s)
1..9
#	
#	    test_must_fail env GIT_TRACE=1 git frotz a "" b " " c 2>actual.raw &&
#	    sed -ne "/run_command:/s/.*trace: run_command: //p" actual.raw >actual &&
#	    echo "git-frotz a '' b ' ' c" >expect &&
#	    test_cmp expect actual
#	
ok 5 - plain nested in bare through aliased command
*** t0023-crlf-am.sh ***
*** t0024-crlf-archive.sh ***
ok 6 - invalid usage of '-g' with --no-external-commands
ok 7 - Racy git trial #3 part A
ok 4 - command line checks
ok 15 - show date (rfc2822:1466000000 +0200)
ok 7 - invalid usage of '-g' with --no-aliases
ok 7 - . corner-case with -v --non-matching
ok 13 - inline object with no members
ok 16 - show date (short:1466000000 +0200)
ok 8 - . corner-case with --verbose
ok 10 - get GIT_EDITOR with configuration and environment variable GIT_EDITOR
ok 17 - show date (default:1466000000 +0200)
ok 14 - inline array with no members
not ok 6 - tracing a shell alias with arguments shows trace of prepared command
#	
#		cat >expect <<-EOF &&
#		trace: start_command: SHELL -c ${SQ}echo \$* "\$@"${SQ} ${SQ}echo \$*${SQ} arg
#		EOF
#		git config alias.echo "!echo \$*" &&
#		env GIT_TRACE=1 git echo arg 2>output &&
#		# redact platform differences
#		sed -n -e "s/^\(trace: start_command:\) .* -c /\1 SHELL -c /p" output >actual &&
#		test_cmp expect actual
#	
ok 9 - . corner-case with --verbose -n
ok 18 - show date (raw:1466000000 +0200)
ok 4 - test-tool env-helper --type=ulong
ok 8 - invalid usage of '-c' with [-i|-m|-w]
ok 8 - Racy git trial #3 part B
ok 15 - larger empty example
ok 19 - show date (unix:1466000000 +0200)
ok 9 - invalid usage of '-c' with --no-external-commands
ok 5 - subtest: 3 passing tests
ok 10 - . corner-case with --verbose --non-matching
ok 6 - No extra GIT_* on alias scripts
ok 11 - get GIT_EDITOR with configuration and environment variable EDITOR
ok 10 - invalid usage of '-c' with --no-aliases
ok 16 # skip parse JSON using Perl (missing PERLJSON)
ok 20 - show date (iso-local:1466000000 +0200)
ok 12 - enter_repo non-strict mode
ok 9 - Racy git trial #4 part A
# passed all 16 test(s)
1..16
not ok 5 - test-tool env-helper reads config thanks to trace2
*** t0025-crlf-renormalize.sh ***
not ok 7 - plain with GIT_WORK_TREE
ok 21 - show date (raw-local:1466000000 +0200)
#	
#		mkdir home &&
#		git config -f home/.gitconfig include.path cycle &&
#		git config -f home/cycle include.path .gitconfig &&
#	
#		test_must_fail \
#			env HOME="$(pwd)/home" \
#			git config -l 2>err &&
#		grep "exceeded maximum include depth" err &&
#	
#		# This validates that the assumption that we attempt to
#		# read the configuration and fail very early in the start-up
#		# sequence (due to trace2 subsystem), even before we notice
#		# that the directory named with "test-tool -C" does not exist
#		# and die.  It is a dubious thing to test, though.
#		test_must_fail \
#			env HOME="$(pwd)/home" GIT_TEST_ENV_HELPER=true \
#			test-tool -C no-such-directory \
#			env-helper --type=bool --default=0 \
#			--exit-code GIT_TEST_ENV_HELPER 2>err &&
#		grep "exceeded maximum include depth" err
#	
#	
#		mkdir plain-wt &&
#		test_must_fail env GIT_WORK_TREE="$(pwd)/plain-wt" git init plain-wt
#	
# failed 2 among 5 test(s)
1..5
make[2]: [Makefile:82: t0017-env-helper.sh] Error 1 (ignored)
ok 12 - get GIT_SEQUENCE_EDITOR without configuration
ok 22 - show date (unix-local:1466000000 +0200)
*** t0026-eol-config.sh ***
ok 11 - empty command line
ok 11 - invalid usage of '--config-for-completion' with [-i|-m|-w]
ok 7 - can alias-shadow deprecated builtins
ok 23 - show date (format:%z:1466000000 +0200)
ok 12 - invalid usage of '--config-for-completion' with --no-external-commands
ok 24 - show date (format-local:%z:1466000000 +0200)
ok 13 - invalid usage of '--config-for-completion' with --no-aliases
ok 10 - Racy git trial #4 part B
ok 8 - plain bare
ok 13 - get GIT_SEQUENCE_EDITOR with configuration
ok 13 - enter_repo linked checkout
# passed all 10 test(s)
1..10
ok 12 - empty command line with -q
ok 25 - show date (format:%Z:1466000000 +0200)
ok 8 - can alias-shadow via two deprecated builtins
*** t0027-auto-crlf.sh ***
ok 14 - get GIT_SEQUENCE_EDITOR with environment variable
not ok 9 - plain bare with GIT_WORK_TREE
not ok 26 - show date (format-local:%Z:1466000000 +0200)
#	
#		mkdir plain-bare-2 &&
#		test_must_fail \
#			env GIT_WORK_TREE="$(pwd)/plain-bare-2" \
#			git --bare init plain-bare-2
#	
ok 13 - empty command line with --quiet
#	
#			echo "$time -> $expect" >expect &&
#			TZ=${zone:-$TZ} test-tool date show:"$format" "$time" >actual &&
#			test_cmp expect actual
#		
ok 14 - invalid usage of '--config-sections-for-completion' with [-i|-m|-w]
ok 14 - enter_repo strict mode
ok 15 - invalid usage of '--config-sections-for-completion' with --no-external-commands
# passed all 14 test(s)
1..14
ok 27 - show date (format:%%z:1466000000 +0200)
ok 15 - get GIT_SEQUENCE_EDITOR with configuration and environment variable
ok 14 - empty command line with -v
ok 16 - invalid usage of '--config-sections-for-completion' with --no-aliases
*** t0028-working-tree-encoding.sh ***
ok 1 - setup
ok 28 - show date (format-local:%%z:1466000000 +0200)
ok 10 - GIT_DIR bare
ok 16 - GIT_SHELL_PATH points to a valid executable
ok 17 # skip GIT_SHELL_PATH points to a suitable shell (missing MINGW)
ok 29 - show date (format:%Y-%m-%d %H:%M:%S:1466000000 +0200)
ok 15 - empty command line with -v -n
ok 30 - show date (format-local:%Y-%m-%d %H:%M:%S:1466000000 +0200)
ok 5 - attribute test
ok 18 - GIT_ATTR_SYSTEM produces expected output
ok 31 - show date (format:%s:123456789 +1234)
ok 16 - empty command line with -v --non-matching
ok 2 - safecrlf: autocrlf=input, all CRLF
ok 11 - init --bare
ok 32 - show date (format:%s:123456789 -1234)
ok 17 - empty command line with --verbose
ok 33 - show date (format-local:%s:123456789 -1234)
ok 19 - GIT_ATTR_GLOBAL points to the correct location
ok 34 - show date (iso8601:1466000000 -0200)
ok 12 - GIT_DIR non-bare
ok 3 - safecrlf: autocrlf=input, mixed LF/CRLF
ok 18 - empty command line with --verbose -n
ok 35 - show date (iso8601-strict:1466000000 -0200)
ok 1 - setup
ok 19 - empty command line with --verbose --non-matching
ok 1 - setup
ok 36 - show date (rfc2822:1466000000 -0200)
ok 4 - safecrlf: autocrlf=true, all LF
ok 1 - setup
ok 2 - diff -M
ok 1 - setup
ok 13 - GIT_DIR & GIT_WORK_TREE (1)
ok 37 - show date (default:1466000000 -0200)
# passed all 2 test(s)
1..2
*** t0029-core-unsetenvvars.sh ***
ok 20 - GIT_CONFIG_SYSTEM points to the correct location
ok 2 - tar archive
ok 38 - show date (raw:1466000000 -0200)
not ok 14 - GIT_DIR & GIT_WORK_TREE (2)
ok 9 - cannot alias-shadow a sample of regular builtins
#	
#		mkdir git-dir-wt-2.git &&
#		test_must_fail env \
#			GIT_WORK_TREE="$(pwd)" \
#			GIT_DIR=git-dir-wt-2.git \
#			git --bare init
#	
ok 20 - --stdin with empty STDIN
ok 5 - safecrlf: autocrlf=true mixed LF/CRLF
ok 2 - am
ok 3 # skip zip archive (missing UNZIP)
ok 39 - show date (iso:5758122296 -0400)
# passed all 3 test(s)
1..3
# passed all 2 test(s)
1..2
ok 10 - alias without value reports error
*** t0030-stripspace.sh ***
ok 2 - check
*** t0031-lockfile-pid.sh ***
ok 40 - show date (iso-local:5758122296 -0400)
ok 21 - --stdin with empty STDIN with -q
ok 41 - parse date (2008) -> bad
ok 15 - reinit
ok 21 - GIT_CONFIG_GLOBAL points to the correct location
ok 22 - --stdin with empty STDIN with --quiet
ok 6 - subtest: 2/3 tests passing
ok 42 - parse date (2008-02) -> bad
ok 16 - init with --template
ok 1 - setup
ok 22 - git var -l lists variables
ok 23 - --stdin with empty STDIN with -v
ok 43 - parse date (2008-02-14) -> bad
ok 11 - subsection syntax works
ok 44 - parse date (2008-02-14 20:30:45) -> 2008-02-14 20:30:45 +0000
ok 23 - git var -l lists config
ok 17 - init with --template (blank)
ok 6 - safecrlf: print warning only once
ok 24 - --stdin with empty STDIN with -v -n
ok 6 - attribute matching is case sensitive when core.ignorecase=0
ok 45 - parse date (2008-02-14 20:30:45 -0500) -> 2008-02-14 20:30:45 -0500
ok 2 - renormalize CRLF in repo
ok 1 - setup
ok 46 - parse date (2008.02.14 20:30:45 -0500) -> 2008-02-14 20:30:45 -0500
ok 1 - ls-files --eol -o Text/Binary
ok 25 - --stdin with empty STDIN with -v --non-matching
ok 24 - git var -l lists multiple global configs
ok 7 - safecrlf: git diff demotes safecrlf=true to warn
ok 12 - simple dotted alias syntax still works
ok 18 - init with init.templatedir set
ok 17 - works for commands and guides by default
ok 47 - parse date (20080214T20:30:45) -> 2008-02-14 20:30:45 +0000
ok 3 - expanded_in_repo
ok 26 - --stdin with empty STDIN with --verbose
ok 18 - --exclude-guides does not work for guides
ok 48 - parse date (20080214T20:30) -> 2008-02-14 20:30:00 +0000
ok 25 - git var -l does not split multiline editors
ok 3 - ignore-errors not mistaken for renormalize
ok 26 - listing and asking for variables are exclusive
ok 19 - --help does not work for guides
ok 49 - parse date (20080214T20) -> 2008-02-14 20:00:00 +0000
# passed all 3 test(s)
1..3
ok 27 - --stdin with empty STDIN with --verbose -n
ok 13 - subsection syntax only accepts command key
ok 27 - `git var -l` works even without HOME
1..0 # SKIP skipping working tree encoding tests; iconv not available
ok 2 - eol=lf puts LFs in normalized file
ok 19 - init with init.templatedir using ~ expansion
*** t0033-safe-directory.sh ***
ok 50 - parse date (20080214T203045) -> 2008-02-14 20:30:45 +0000
ok 8 - safecrlf: no warning with safecrlf=false
*** t0034-root-safe-directory.sh ***
# passed all 27 test(s)
1..27
ok 28 - --stdin with empty STDIN with --verbose --non-matching
ok 20 - git help
ok 51 - parse date (20080214T2030) -> 2008-02-14 20:30:00 +0000
*** t0035-safe-bare-repository.sh ***
ok 14 - subsection syntax requires value for command
ok 52 - parse date (20080214T000000.20) -> 2008-02-14 00:00:00 +0000
ok 21 - git help -g
ok 9 - switch off autocrlf, safecrlf, reset HEAD
ok 29 - -q with multiple args
ok 53 - parse date (20080214T00:00:00.20) -> 2008-02-14 00:00:00 +0000
ok 30 - --quiet with multiple args
ok 54 - parse date (20080214T203045-04:00) -> 2008-02-14 20:30:45 -0400
ok 3 - eol=crlf puts CRLFs in normalized file
ok 15 - simple syntax is case-insensitive
ok 55 - parse date (20080214T203045 -04:00) -> 2008-02-14 20:30:45 -0400
ok 31 - -q -v
ok 56 - parse date (20080214T203045.019-04:00) -> 2008-02-14 20:30:45 -0400
ok 20 - init --bare/--shared overrides system/global config
ok 32 - --quiet -v
ok 57 - parse date (2008-02-14 20:30:45.019-04:00) -> 2008-02-14 20:30:45 -0400
ok 10 - update with autocrlf=input
ok 58 - parse date (2008-02-14 20:30:45 -0015) -> 2008-02-14 20:30:45 -0015
1..0 # SKIP skipping Windows-specific tests
ok 33 - -q --verbose
*** t0040-parse-options.sh ***
ok 59 - parse date (2008-02-14 20:30:45 -5) -> 2008-02-14 20:30:45 +0000
ok 22 - git help fails for non-existing html pages
ok 21 - init honors global core.sharedRepository
ok 4 - autocrlf=true overrides eol=lf
ok 7 - attribute matching is case insensitive when core.ignorecase=1
ok 34 - --quiet --verbose
ok 60 - parse date (2008-02-14 20:30:45 -5:) -> 2008-02-14 20:30:45 +0000
ok 4 - filter shell-escaped filenames
ok 22 - init allows insanely long --template
ok 61 - parse date (2008-02-14 20:30:45 -05) -> 2008-02-14 20:30:45 -0500
ok 8 # skip additional case insensitivity tests (missing CASE_INSENSITIVE_FS)
ok 16 - subsection syntax is case-sensitive
ok 35 - --quiet with multiple args
ok 23 - init creates a new directory
ok 62 - parse date (2008-02-14 20:30:45 -:30) -> 2008-02-14 20:30:45 +0000
ok 11 - update with autocrlf=true
ok 24 - init creates a new bare directory
ok 63 - parse date (2008-02-14 20:30:45 -05:00) -> 2008-02-14 20:30:45 -0500
ok 1 - stale lock detected when PID is not running
ok 64 - parse date (2008-02-14 20:30:45 TZ=EST5) -> 2008-02-14 20:30:45 -0500
ok 25 - init recreates a directory
ok 1 - long lines without spaces should be unchanged
ok 5 - autocrlf=true overrides unset eol
ok 17 - UTF-8 alias with Swedish characters
ok 36 - erroneous use of --
ok 6 # skip eol native is crlf (missing NATIVE_CRLF)
ok 7 - subtest: --immediate
ok 65 - parse date (Thu, 7 Apr 2005 15:14:13 -0700) -> 2005-04-07 15:14:13 -0700
# passed all 6 test(s)
1..6
ok 9 - unnormalized paths
ok 26 - init recreates a new bare directory
*** t0041-usage.sh ***
ok 66 - parse date (1970-01-01 00:00:00) -> 1970-01-01 00:00:00 +0000
ok 2 - PID info not shown by default
ok 27 - init creates a new deep directory
ok 37 - erroneous use of -- with -q
ok 67 - parse date (1970-01-01 00:00:00 +00) -> 1970-01-01 00:00:00 +0000
ok 2 - lines with spaces at the beginning should be unchanged
ok 18 - UTF-8 alias with CJK characters
ok 68 - parse date (1970-01-01 00:00:00 Z) -> 1970-01-01 00:00:00 +0000
ok 38 - erroneous use of -- with --quiet
ok 69 - parse date (1970-01-01 00:00:00 -01) -> 1970-01-01 00:00:00 -0100
ok 12 - checkout with autocrlf=true
ok 3 - running process detected when PID is alive
ok 3 - lines with intermediate spaces should be unchanged
ok 39 - erroneous use of -- with -v
ok 28 - init creates a new deep directory (umask vs. shared)
ok 70 - parse date (1970-01-01 00:00:00 +01) -> bad
ok 5 - required filter should filter data
ok 19 - alias with spaces in name
ok 4 - PID info file cleaned up on successful operation when enabled
ok 71 - parse date (1970-01-01 00:00:00 +11) -> bad
ok 40 - erroneous use of -- with -v -n
ok 29 - init notices EEXIST (1)
ok 72 - parse date (1970-01-01 00:59:59 +01) -> bad
1..0 # SKIP You must set env var GIT_TEST_ALLOW_SUDO=YES in order to run this test
ok 23 - git help succeeds without git.html
ok 30 - init notices EEXIST (2)
ok 1 - safe.directory is not set
ok 5 - no PID file created by default
ok 41 - erroneous use of -- with -v --non-matching
*** t0050-filesystem.sh ***
ok 73 - parse date (1970-01-01 01:00:00 +01) -> 1970-01-01 01:00:00 +0100
ok 24 - git help --user-interfaces
ok 20 - subsection aliases listed in help -a
ok 2 - safe.directory on the command line
ok 74 - parse date (1970-01-01 01:00:00 +11) -> bad
ok 42 - erroneous use of -- with --verbose
ok 6 - core.lockfilePid=false does not create PID file
not ok 3 - safe.directory in the environment
ok 75 - parse date (1970-01-02 00:00:00 +11) -> 1970-01-02 00:00:00 +1100
ok 25 - git help -c
#	
#		env GIT_CONFIG_COUNT=1 \
#		    GIT_CONFIG_KEY_0="safe.directory" \
#		    GIT_CONFIG_VALUE_0="$(pwd)" \
#		    git status
#	
ok 13 - checkout with autocrlf=input
ok 43 - erroneous use of -- with --verbose -n
ok 10 - relative paths
not ok 4 - safe.directory in GIT_CONFIG_PARAMETERS
ok 76 - parse date (1969-12-31 23:59:59) -> bad
ok 21 - simple dotted aliases listed in help -a
#	
#		env GIT_CONFIG_PARAMETERS="${SQ}safe.directory${SQ}=${SQ}$(pwd)${SQ}" \
#		    git status
#	
ok 44 - erroneous use of -- with --verbose --non-matching
ok 77 - parse date (1969-12-31 23:59:59 +00) -> bad
ok 7 - existing PID files are read even when feature disabled
ok 6 - required filter smudge failure
ok 31 - init notices EPERM
ok 26 - git help --config-for-completion
# passed all 7 test(s)
1..7
ok 11 - prefixes are not confused with leading directories
*** t0051-windows-named-pipe.sh ***
ok 78 - parse date (1969-12-31 23:59:59 Z) -> bad
ok 32 - init creates a new bare directory with global --bare
ok 14 - apply patch (autocrlf=input)
ok 79 - parse date (1969-12-31 23:59:59 +11) -> bad
ok 5 - ignoring safe.directory in repo config
ok 33 - init prefers command line to GIT_DIR
ok 45 - --stdin with superfluous arg
ok 27 - git help --config-sections-for-completion
ok 22 - empty subsection treated as no subsection
ok 80 - parse date (1969-12-31 23:59:59 -11) -> bad
ok 34 - init with separate gitdir
ok 6 - safe.directory does not match
ok 1 - test help
ok 81 - parse date (@0 +0000) -> 1970-01-01 00:00:00 +0000
ok 46 - --stdin with superfluous arg with -q
ok 35 - explicit bare & --separate-git-dir incompatible
ok 28 - 'git' section spacing
ok 15 - apply patch --cached (autocrlf=input)
ok 82 - parse date (@99999999 +0000) -> 1973-03-03 09:46:39 +0000
ok 2 - OPT_BOOL() #1
ok 12 - core.attributesfile
ok 7 - required filter clean failure
ok 7 - path exist as different key
ok 47 - --stdin with superfluous arg with --quiet
not ok 36 - implicit bare & --separate-git-dir incompatible
ok 23 - alias with leading dot via subsection syntax
ok 83 - parse date (99999999 +0000) -> bad
ok 3 - OPT_BOOL() #2
#	
#		test_when_finished "rm -rf bare.git" &&
#		mkdir -p bare.git &&
#		test_must_fail env GIT_DIR=. \
#			git -C bare.git init --separate-git-dir goop.git 2>err &&
#		test_grep "incompatible" err
#	
# failed 2 among 23 test(s)
1..23
make[2]: [Makefile:82: t0014-alias.sh] Error 1 (ignored)
*** t0052-simple-ipc.sh ***
ok 29 - 'git help' section spacing
ok 4 - OPT_BOOL() #3
ok 84 - parse date (@100000000 +0000) -> 1973-03-03 09:46:40 +0000
ok 13 - attribute test: read paths from stdin
ok 4 - consecutive blank lines should be unified
ok 8 - safe.directory matches
ok 48 - --stdin with superfluous arg with -v
ok 5 - OPT_BOOL() #4
ok 14 - setup --all option
ok 85 - parse date (100000000 +0000) -> 1973-03-03 09:46:40 +0000
ok 30 - 'git help -a' section spacing
ok 6 - OPT_BOOL() #5
ok 9 - safe.directory matches, but is reset
ok 49 - --stdin with superfluous arg with -v -n
ok 7 - OPT_BOOL() is idempotent #1
ok 86 - parse date (2099-12-31 23:59:59) -> 2099-12-31 23:59:59 +0000
ok 16 - apply patch --index (autocrlf=input)
ok 15 - attribute test: --all option
ok 8 - OPT_BOOL() is idempotent #2
ok 8 - required filter with absent clean field
ok 87 - parse date (2099-12-31 23:59:59 +00) -> 2099-12-31 23:59:59 +0000
ok 50 - --stdin with superfluous arg with -v --non-matching
ok 10 - safe.directory=*
ok 9 - OPT_BOOL() negation #1
ok 31 - 'git help -g' section spacing
ok 10 - OPT_BOOL() negation #2
ok 88 - parse date (2099-12-31 23:59:59 Z) -> 2099-12-31 23:59:59 +0000
ok 8 - subtest: a failing TODO test
ok 32 - generate builtin list
ok 11 - safe.directory=*, but is reset
ok 1 - setup 
ok 16 - attribute test: --cached option
ok 51 - --stdin with superfluous arg with --verbose
ok 89 - parse date (2099-12-31 23:59:59 +01) -> 2099-12-31 23:59:59 +0100
ok 17 - apply patch (autocrlf=true)
ok 37 - bare & --separate-git-dir incompatible within worktree
ok 11 - OPT_BOOL() no negation #1
ok 2 - tag --contains <existent_tag>
ok 33 - add can handle -h
ok 52 - --stdin with superfluous arg with --verbose -n
ok 12 - safe.directory with matching glob
ok 90 - parse date (2099-12-31 23:59:59 -01) -> bad
ok 38 - init in long base path
ok 17 - root subdir attribute test
ok 12 - OPT_BOOL() no negation #2
ok 9 - required filter with absent smudge field
ok 3 - tag --contains <inexistent_tag>
ok 91 - parse date (2099-12-31 23:59:59 -11) -> bad
ok 13 - OPT_BOOL() positivation
ok 34 - am can handle -h
ok 53 - --stdin with superfluous arg with --verbose --non-matching
ok 18 - negative patterns
ok 5 - only consecutive blank lines should be completely removed
ok 14 - OPT_INTEGER() negative
ok 18 - apply patch --cached (autocrlf=true)
ok 1 - setup an embedded bare repo, secondary worktree and submodule
ok 92 - parse date (2099-12-31 23:00:00 -01) -> bad
ok 19 - patterns starting with exclamation
ok 15 - OPT_INTEGER() kilo
ok 35 - annotate can handle -h
ok 13 - safe.directory with unmatching glob
ok 16 - OPT_INTEGER() negative kilo
ok 4 - tag --no-contains <existent_tag>
ok 93 - parse date (2099-12-31 22:59:59 -01) -> 2099-12-31 22:59:59 -0100
ok 17 - OPT_UNSIGNED() simple
ok 36 - apply can handle -h
ok 18 - OPT_UNSIGNED() kilo
ok 54 - --stdin -z with superfluous arg
ok 94 - parse date (2100-00-00 00:00:00) -> bad
ok 39 - init in long restricted base path
ok 5 - tag --no-contains <inexistent_tag>
ok 19 - OPT_UNSIGNED() mega
ok 2 - safe.bareRepository unset
ok 3 # skip safe.bareRepository unset (defaults to explicit) (missing WITH_BREAKING_CHANGES)
ok 20 - "**" test
ok 40 - re-init on .git file
ok 14 - safe.directory in included file
ok 20 - OPT_UNSIGNED() giga
ok 37 - archive can handle -h
ok 19 - apply patch --index (autocrlf=true)
ok 95 - parse date (2099-12-30 00:00:00 -11) -> 2099-12-30 00:00:00 -1100
ok 6 - tag usage error
ok 21 - OPT_UNSIGNED() 3giga
ok 10 - filtering large input to small output should use little memory
ok 1 # skip detection of case insensitive filesystem during repo init (missing CASE_INSENSITIVE_FS)
ok 41 - re-init to update git link
ok 38 - backfill can handle -h
ok 55 - --stdin -z with superfluous arg with -q
ok 96 - parse date (2100-00-00 00:00:00 +00) -> bad
ok 2 - detection of case insensitive filesystem during repo init
ok 22 - short options
ok 7 - branch --contains <existent_commit>
ok 4 - safe.bareRepository=all
1..0 # SKIP skipping Windows-specific tests
ok 39 - bisect can handle -h
ok 56 - --stdin -z with superfluous arg with --quiet
ok 97 - parse date (2100-00-00 00:00:00 Z) -> bad
ok 20 - .gitattributes says two is binary
*** t0055-beyond-symlinks.sh ***
ok 23 - long options
ok 42 - re-init to move gitdir
ok 98 - parse date (2100-00-00 00:00:00 -11) -> bad
ok 57 - --stdin -z with superfluous arg with -v
ok 3 - detection of filesystem w/o symlink support during repo init
ok 40 - blame can handle -h
ok 8 - branch --contains <inexistent_commit>
ok 4 # skip detection of filesystem w/o symlink support during repo init (missing !SYMLINKS)
ok 21 - .gitattributes says two is input
ok 24 - abbreviate to something longer than SHA1 length
not ok 11 - filter that does not read is fine
ok 99 - parse date (2100-00-00 00:00:00 +11) -> bad
#	
#		test-tool genrandom foo $((128 * 1024 + 1)) >big &&
#		echo "big filter=epipe" >.gitattributes &&
#		test_config filter.epipe.clean "echo xyzzy" &&
#		git add big &&
#		git cat-file blob :big >actual &&
#		echo xyzzy >expect &&
#		test_cmp expect actual
#	
ok 58 - --stdin -z with superfluous arg with -v -n
ok 15 - local clone of unowned repo refused in unsafe directory
ok 5 - safe.bareRepository=explicit
ok 21 - "**" with no slashes test
ok 41 - branch can handle -h
ok 9 - branch --no-contains <existent_commit>
ok 100 - parse approxidate (now)
ok 12 # skip filter large file (missing EXPENSIVE)
ok 22 - .gitattributes says two and three are text
ok 59 - --stdin -z with superfluous arg with -v --non-matching
ok 101 - parse approxidate (today)
ok 42 - bugreport can handle -h
ok 10 - branch --no-contains <inexistent_commit>
ok 22 - using --git-dir and --work-tree
ok 43 - re-init to move gitdir symlink
ok 102 - parse approxidate (5 seconds ago)
ok 25 - missing required value
ok 60 - --stdin -z with superfluous arg with --verbose
ok 43 - bundle can handle -h
ok 103 - parse approxidate (5.seconds.ago)
ok 11 - branch usage error
ok 6 - consecutive blank lines at the beginning should be removed
ok 104 - parse approxidate (10.minutes.ago)
ok 61 - --stdin -z with superfluous arg with --verbose -n
ok 44 - cat-file can handle -h
ok 23 - in-tree .gitattributes (1)
ok 6 - safe.bareRepository in the repository
ok 105 - parse approxidate (yesterday)
ok 12 - for-each-ref --contains <existent_object>
ok 26 - superfluous value provided: boolean
ok 1 - start simple command server
ok 13 - filter: clean empty file
ok 106 - parse approxidate (3.days.ago)
ok 45 - check-attr can handle -h
ok 62 - --stdin -z with superfluous arg with --verbose --non-matching
not ok 27 - superfluous value provided: boolean, abbreviated
ok 5 - setup case tests
ok 2 - simple command server
ok 107 - parse approxidate (12:34:56.3.days.ago)
#	
#		cat >expect <<-\EOF &&
#		error: option `yes' takes no value
#		EOF
#		test_expect_code 129 env GIT_TEST_DISALLOW_ABBREVIATED_OPTIONS=false \
#		test-tool parse-options --ye=hi 2>actual &&
#		test_cmp expect actual &&
#	
#		cat >expect <<-\EOF &&
#		error: option `no-yes' takes no value
#		EOF
#		test_expect_code 129 env GIT_TEST_DISALLOW_ABBREVIATED_OPTIONS=false \
#		test-tool parse-options --no-ye=hi 2>actual &&
#		test_cmp expect actual
#	
ok 13 - for-each-ref --contains <inexistent_object>
ok 16 - local clone of unowned repo accepted in safe directory
ok 7 - safe.bareRepository on the command line
ok 24 - in-tree .gitattributes (2)
ok 46 - check-ignore can handle -h
ok 108 - parse approxidate (3.weeks.ago)
ok 28 - superfluous value provided: cmdmode
ok 3 - servers cannot share the same path
ok 6 - rename (case change)
ok 14 - for-each-ref --no-contains <existent_object>
ok 109 - parse approxidate (3.months.ago)
ok 47 - check-mailmap can handle -h
ok 29 - intermingled arguments
ok 63 - -z without --stdin
ok 4 - big response
ok 110 - parse approxidate (2.years.3.months.ago)
ok 30 - unambiguously abbreviated option
ok 15 - for-each-ref --no-contains <inexistent_object>
ok 44 - re-init to move gitdir with linked worktrees (absolute)
ok 8 - safe.bareRepository in included file
ok 25 - in-tree .gitattributes (3)
ok 48 - check-ref-format can handle -h
ok 7 - merge (case change)
ok 31 - unambiguously abbreviated option with "="
ok 9 - subtest: a passing TODO test
ok 111 - parse approxidate (6am yesterday)
ok 8 # skip add directory (with different case) (missing CASE_INSENSITIVE_FS)
ok 9 # skip add (with different case) (missing CASE_INSENSITIVE_FS)
not ok 32 - ambiguously abbreviated option
ok 16 - for-each-ref usage error
ok 9 - no trace when GIT_DIR is explicitly provided
ok 112 - parse approxidate (6pm yesterday)
ok 49 - checkout can handle -h
ok 64 - -z without --stdin with -q
#	
#		test_expect_code 129 env GIT_TEST_DISALLOW_ABBREVIATED_OPTIONS=false \
#		test-tool parse-options --strin 123
#	
# passed all 16 test(s)
1..16
ok 14 - filter: smudge empty file
ok 33 - non ambiguous option (after two options it abbreviates)
ok 113 - parse approxidate (3:00)
*** t0056-git-C.sh ***
ok 10 - no trace when "bare repository" is .git
ok 5 - chunk response
ok 50 - checkout--worker can handle -h
ok 65 - -z without --stdin with --quiet
ok 114 - parse approxidate (15:00)
ok 26 - in-tree .gitattributes (4)
ok 11 - no trace when "bare repository" is a subdir of .git
ok 115 - parse approxidate (noon today)
ok 51 - checkout-index can handle -h
ok 66 - -z without --stdin with -v
ok 12 - no trace in $GIT_DIR of secondary worktree
ok 116 - parse approxidate (today at noon; offset -12 hours)
ok 52 - cherry can handle -h
ok 34 - Alias options do not contribute to abbreviation
ok 13 - no trace in $GIT_DIR of a submodule
ok 67 - -z without --stdin with -v -n
# passed all 13 test(s)
1..13
ok 117 - parse approxidate (noon today; offset +36 hours)
ok 7 - consecutive blank lines at the end should be removed
*** t0060-path-utils.sh ***
ok 53 - cherry-pick can handle -h
ok 35 - detect possible typos
ok 118 - parse approxidate (noon yesterday)
ok 68 - -z without --stdin with -v --non-matching
ok 36 - detect possible typos
ok 54 - clean can handle -h
ok 45 - re-init to move gitdir within linked worktree (absolute)
ok 119 - parse approxidate (noon yesterday; offset -12 hours)
ok 10 - setup unicode normalization tests
ok 69 - -z without --stdin with --verbose
ok 17 - checked paths are normalized
ok 37 - OPT_CALLBACK() and OPT_BIT() work
ok 15 - disable filter with empty override
ok 1 - setup
ok 55 - clone can handle -h
ok 120 - parse approxidate (last Friday at noon)
ok 38 - OPT_CALLBACK() and callback errors work
ok 70 - -z without --stdin with --verbose -n
ok 11 - rename (silent unicode normalization)
ok 121 - parse approxidate (last Friday at noon; offset -12 hours)
ok 56 - column can handle -h
ok 39 - OPT_BIT() and OPT_SET_INT() work
ok 71 - -z without --stdin with --verbose --non-matching
ok 2 - update-index --add beyond symlinks
ok 122 - parse approxidate (tea last saturday)
ok 27 - checkout with existing .gitattributes
ok 40 - OPT_NEGBIT() and OPT_SET_INT() work
ok 12 - merge (silent unicode normalization)
ok 57 - commit can handle -h
ok 13 # skip checkout with no pathspec and a case insensitive fs (missing CASE_INSENSITIVE_FS)
ok 41 - OPT_BIT() works
ok 123 - parse approxidate (tea last saturday; offset -12 hours)
# passed all 13 test(s)
1..13
*** t0061-run-command.sh ***
ok 42 - OPT_NEGBIT() works
ok 58 - commit-graph can handle -h
ok 3 - add beyond symlinks
ok 124 - parse approxidate (January 5th noon pm)
# passed all 3 test(s)
1..3
ok 72 - -z without --stdin and superfluous arg
*** t0062-revision-walking.sh ***
ok 125 - parse approxidate (January 5th noon pm; offset -12 hours)
ok 43 - OPT_CMDMODE() works
ok 59 - commit-tree can handle -h
ok 23 - using --source
ok 126 - parse approxidate (January 5th today pm)
ok 8 - text without newline at end should end with newline
ok 73 - -z without --stdin and superfluous arg with -q
ok 60 - config can handle -h
ok 44 - OPT_CMDMODE() detects incompatibility (1)
ok 127 - parse approxidate (10am noon)
ok 28 - checkout when deleting .gitattributes
ok 24 - setup bare
ok 46 - re-init to move gitdir with linked worktrees (relative)
ok 128 - parse approxidate (January 5th yesterday)
ok 74 - -z without --stdin and superfluous arg with --quiet
ok 45 - OPT_CMDMODE() detects incompatibility (2)
ok 29 - invalid .gitattributes (must not crash)
ok 61 - count-objects can handle -h
ok 129 - parse approxidate (January 5th yesterday; offset +2 days)
ok 75 - -z without --stdin and superfluous arg with -v
ok 16 - diff does not reuse worktree files that need cleaning
ok 46 - OPT_CMDMODE() detects incompatibility (3)
ok 62 - credential can handle -h
ok 130 - parse approxidate (last tuesday)
ok 76 - -z without --stdin and superfluous arg with -v -n
ok 63 - credential-cache can handle -h
ok 47 - OPT_CMDMODE() detects incompatibility (4)
ok 131 - parse approxidate (July 5th)
ok 18 - checked leading paths are normalized
ok 48 - OPT_COUNTUP() with PARSE_OPT_NODASH works
ok 132 - parse approxidate (06/05/2009)
ok 64 - credential-cache--daemon can handle -h
ok 77 - -z without --stdin and superfluous arg with -v --non-matching
ok 25 - bare repository: check that .gitattribute is ignored
ok 49 - OPT_NUMBER_CALLBACK() works
ok 6 - slow response
ok 133 - parse approxidate (06.05.2009)
ok 50 - negation of OPT_NONEG flags is not ambiguous
ok 65 - credential-store can handle -h
ok 7 - sendbytes
ok 30 - setting up for new autocrlf tests
ok 78 - -z without --stdin and superfluous arg with --verbose
ok 134 - parse approxidate (Jan 5 today)
ok 10 - subtest: 2 TODO tests, one passin
ok 26 - --attr-source is bad
ok 135 - parse approxidate (Jun 6, 5AM)
ok 51 - --list keeps list of strings
ok 66 - describe can handle -h
ok 79 - -z without --stdin and superfluous arg with --verbose -n
ok 31 - report no change after setting autocrlf
ok 136 - parse approxidate (5AM Jun 6)
ok 52 - --no-list resets list
ok 8 - stress test threads
ok 1 - "git -C <path>" runs git from the directory <path>
ok 47 - re-init to move gitdir within linked worktree (relative)
ok 48 # skip .git hidden (missing MINGW)
ok 27 - attr.tree when HEAD is unborn
ok 53 - multiple quiet levels
ok 67 - diagnose can handle -h
ok 137 - parse approxidate (6AM, June 7, 2009)
ok 80 - -z without --stdin and superfluous arg with --verbose --non-matching
ok 49 # skip bare git dir not hidden (missing MINGW)
ok 32 - files are clean after checkout
ok 2 - "git -C <path>" with an empty <path> is a no-op
ok 54 - multiple verbose levels
ok 138 - parse approxidate (2008-12-01)
ok 55 - --no-quiet sets --quiet to 0
ok 9 - stop-daemon works
ok 33 - LF only file gets CRLF with autocrlf
ok 68 - diff can handle -h
ok 28 - bad attr source defaults to reading .gitattributes file
ok 56 - --no-quiet resets multiple -q to 0
ok 139 - parse approxidate (2009-12-01)
ok 1 - basename
ok 34 - Mixed file is still mixed with autocrlf
ok 69 - diff-files can handle -h
ok 57 - --no-verbose sets verbose to 0
# passed all 9 test(s)
1..9
ok 2 - dirname
ok 35 - CRLF only file has CRLF with autocrlf
ok 140 - parse approxidate (2000 +0000)
*** t0066-dir-iterator.sh ***
ok 58 - --no-verbose resets multiple verbose to 0
ok 81 - needs work tree
ok 50 - remote init from does not use config from cwd
ok 141 - parse approxidate (@2000 +0000)
ok 3 - Multiple -C options: "-C dir1 -C dir2" is equivalent to "-C dir1/dir2"
ok 9 - text plus spaces without newline at end should end with newline
ok 70 - diff-index can handle -h
ok 3 - normalize path:  => 
ok 59 - GIT_TEST_DISALLOW_ABBREVIATED_OPTIONS works
ok 142 - human date 1251642000
ok 71 - diff-pairs can handle -h
ok 143 - human date 1251228000
ok 60 - --end-of-options treats remainder as args
ok 82 - needs work tree with -q
ok 4 - normalize path: . => 
ok 144 - human date 1249932000
ok 72 - diff-tree can handle -h
ok 61 - KEEP_DASHDASH works
ok 19 - configured paths are normalized
ok 36 - New CRLF file gets LF in repo
ok 145 - human date 1238660000
ok 2 - setup main
ok 83 - needs work tree with --quiet
# passed all 36 test(s)
1..36
ok 5 - normalize path: ./ => 
*** t0067-parse_pathspec_file.sh ***
ok 1 # skip subprocess inherits only std handles (missing MINGW)
ok 73 - difftool can handle -h
ok 146 - human date 1220210400
ok 62 - KEEP_ARGV0 works
ok 29 - bare repo no longer defaults to reading .gitattributes from HEAD
ok 4 - Effect on --git-dir option: "-C c --git-dir=a.git" is equivalent to "--git-dir c/a.git"
ok 84 - needs work tree with -v
ok 147 - human date 1214160000
not ok 17 - required process filter should filter data
ok 6 - normalize path: ./. => 
ok 2 - start_command reports ENOENT (slash)
ok 74 - fast-export can handle -h
ok 63 - STOP_AT_NON_OPTION works
#	
#		test_config_global filter.protocol.process "test-tool rot13-filter --log=debug.log clean smudge" &&
#		test_config_global filter.protocol.required true &&
#		rm -rf repo &&
#		mkdir repo &&
#		(
#			cd repo &&
#			git init &&
#	
#			echo "*.r filter=protocol" >.gitattributes &&
#			git add . &&
#			git commit -m "test commit 1" &&
#			git branch empty-branch &&
#	
#			cp "$TEST_ROOT/test.o" test.r &&
#			cp "$TEST_ROOT/test2.o" test2.r &&
#			mkdir testsubdir &&
#			cp "$TEST_ROOT/test3 'sq',\$x=.o" "testsubdir/test3 'sq',\$x=.r" &&
#			>test4-empty.r &&
#	
#			S=$(test_file_size test.r) &&
#			S2=$(test_file_size test2.r) &&
#			S3=$(test_file_size "testsubdir/test3 'sq',\$x=.r") &&
#			M=$(git hash-object test.r) &&
#			M2=$(git hash-object test2.r) &&
#			M3=$(git hash-object "testsubdir/test3 'sq',\$x=.r") &&
#			EMPTY=$(git hash-object /dev/null) &&
#	
#			filter_git add . &&
#			cat >expected.log <<-EOF &&
#				START
#				init handshake complete
#				IN: clean test.r $S [OK] -- OUT: $S . [OK]
#				IN: clean test2.r $S2 [OK] -- OUT: $S2 . [OK]
#				IN: clean test4-empty.r 0 [OK] -- OUT: 0  [OK]
#				IN: clean testsubdir/test3 'sq',\$x=.r $S3 [OK] -- OUT: $S3 . [OK]
#				STOP
#			EOF
#			test_cmp_count expected.log debug.log &&
#	
#			git commit -m "test commit 2" &&
#			MAIN=$(git rev-parse --verify main) &&
#			META="ref=refs/heads/main treeish=$MAIN" &&
#			rm -f test2.r "testsubdir/test3 'sq',\$x=.r" &&
#	
#			filter_git checkout --quiet --no-progress . &&
#			cat >expected.log <<-EOF &&
#				START
#				init handshake complete
#				IN: smudge test2.r blob=$M2 $S2 [OK] -- OUT: $S2 . [OK]
#				IN: smudge testsubdir/test3 'sq',\$x=.r blob=$M3 $S3 [OK] -- OUT: $S3 . [OK]
#				STOP
#			EOF
#			test_cmp_exclude_clean expected.log debug.log &&
#	
#			# Make sure that the file appears dirty, so checkout below has to
#			# run the configured filter.
#			touch test.r &&
#			filter_git checkout --quiet --no-progress empty-branch &&
#			cat >expected.log <<-EOF &&
#				START
#				init handshake complete
#				IN: clean test.r $S [OK] -- OUT: $S . [OK]
#				STOP
#			EOF
#			test_cmp_exclude_clean expected.log debug.log &&
#	
#			filter_git checkout --quiet --no-progress main &&
#			cat >expected.log <<-EOF &&
#				START
#				init handshake complete
#				IN: smudge test.r $META blob=$M $S [OK] -- OUT: $S . [OK]
#				IN: smudge test2.r $META blob=$M2 $S2 [OK] -- OUT: $S2 . [OK]
#				IN: smudge test4-empty.r $META blob=$EMPTY 0 [OK] -- OUT: 0  [OK]
#				IN: smudge testsubdir/test3 'sq',\$x=.r $META blob=$M3 $S3 [OK] -- OUT: $S3 . [OK]
#				STOP
#			EOF
#			test_cmp_exclude_clean expected.log debug.log &&
#	
#			test_cmp_committed_rot13 "$TEST_ROOT/test.o" test.r &&
#			test_cmp_committed_rot13 "$TEST_ROOT/test2.o" test2.r &&
#			test_cmp_committed_rot13 "$TEST_ROOT/test3 'sq',\$x=.o" "testsubdir/test3 'sq',\$x=.r"
#		)
#	
ok 148 - human date 1196472000
ok 5 - Order should not matter: "--git-dir=a.git -C c" is equivalent to "-C c --git-dir=a.git"
ok 3 - start_command reports ENOENT (no slash)
ok 85 - needs work tree with -v -n
ok 7 - normalize path: ./.. => ++failed++
ok 64 - KEEP_UNKNOWN_OPT works
ok 75 - fast-import can handle -h
ok 10 - text plus spaces without newline at end should not show spaces
ok 149 - human date 621660000
ok 51 - re-init from a linked worktree
# failed 1 among 149 test(s)
1..149
make[2]: [Makefile:82: t0006-date.sh] Error 1 (ignored)
ok 6 - Effect on --work-tree option: "-C c/a.git --work-tree=../a"  is equivalent to "--work-tree=c/a --git-dir=c/a.git"
*** t0068-for-each-repo.sh ***
ok 65 - NO_INTERNAL_HELP works for -h
ok 76 - fetch can handle -h
ok 1 - setup
ok 8 - normalize path: ../. => ++failed++
ok 86 - needs work tree with -v --non-matching
ok 4 - run_command can run a command
ok 66 - NO_INTERNAL_HELP works for --help
ok 7 - Order should not matter: "--work-tree=../a -C c/a.git" is equivalent to "-C c/a.git --work-tree=../a"
ok 2 - revision walking can be done twice
ok 77 - fetch-pack can handle -h
# passed all 2 test(s)
1..2
ok 87 - needs work tree with --verbose
ok 67 - NO_INTERNAL_HELP works for --help-all
ok 9 - normalize path: ./../.// => ++failed++
*** t0070-fundamental.sh ***
ok 78 - fmt-merge-msg can handle -h
ok 52 - init honors GIT_DEFAULT_HASH
ok 8 - Effect on --git-dir and --work-tree options - "-C c --git-dir=a.git --work-tree=a" is equivalent to "--git-dir=c/a.git --work-tree=c/a"
ok 68 - KEEP_UNKNOWN_OPT | NO_INTERNAL_HELP works
ok 5 - run_command is restricted to PATH
ok 88 - needs work tree with --verbose -n
ok 10 - normalize path: dir/.. => 
ok 79 - for-each-ref can handle -h
ok 69 - subcommand - no subcommand shows error and usage
ok 9 - Order should not matter: "-C c --git-dir=a.git --work-tree=a" is equivalent to "--git-dir=a.git -C c --work-tree=a"
ok 89 - needs work tree with --verbose --non-matching
ok 11 - normalize path: dir/sub/../.. => 
ok 70 - subcommand - subcommand after -- shows error and usage
ok 80 - for-each-repo can handle -h
ok 11 - text plus spaces without newline should show the correct lines
ok 6 - run_command can run a script without a #! line
ok 53 - init honors --object-format
ok 10 - Order should not matter: "-C c --git-dir=a.git --work-tree=a" is equivalent to "--git-dir=a.git --work-tree=a -C c"
ok 20 - configured leading paths are normalized
ok 71 - subcommand - subcommand after --end-of-options shows error and usage
ok 81 - format-patch can handle -h
ok 30 - precedence of --attr-source, GIT_ATTR_SOURCE, then attr.tree
ok 12 - normalize path: dir/sub/../../.. => ++failed++
ok 11 - Relative followed by fullpath: "-C ./here -C /there" is equivalent to "-C /there"
# passed all 11 test(s)
1..11
ok 90 - non-existent file at top-level not ignored
ok 72 - subcommand - unknown subcommand shows error and usage
ok 82 - format-rev can handle -h
*** t0071-sort.sh ***
ok 13 - normalize path: dir => dir
ok 73 - subcommand - subcommands cannot be abbreviated
not ok 31 - diff without repository with attr source
ok 7 - run_command does not try to execute a directory
ok 11 - subtest: mixed results: pass, failure and a TODO test
ok 83 - fsck can handle -h
#	
#		mkdir -p "$TRASH_DIRECTORY/outside/nongit" &&
#		(
#			cd "$TRASH_DIRECTORY/outside/nongit" &&
#			GIT_CEILING_DIRECTORIES="$TRASH_DIRECTORY/outside" &&
#			export GIT_CEILING_DIRECTORIES &&
#			touch file &&
#			cat >expect <<-EOF &&
#			fatal: cannot use --attr-source or GIT_ATTR_SOURCE without repo
#			EOF
#			test_must_fail env GIT_ATTR_SOURCE=HEAD git grep --no-index foo file 2>err &&
#			test_cmp expect err
#		)
#	
ok 91 - non-existent file at top-level not ignored with -q
ok 74 - subcommand - no negated subcommands
ok 14 - normalize path: dir// => dir/
ok 84 - fsck-objects can handle -h
ok 92 - non-existent file at top-level not ignored with --quiet
ok 75 - subcommand - simple
ok 15 - normalize path: ./dir => dir
ok 93 - non-existent file at top-level not ignored with -v
ok 12 - text plus spaces at end should not show spaces
ok 76 - subcommand - stop parsing at the first subcommand
ok 85 - fsmonitor--daemon can handle -h
ok 54 - init honors init.defaultObjectFormat
ok 8 - run_command passes over non-executable file
ok 16 - normalize path: dir/. => dir/
ok 94 - non-existent file at top-level not ignored with -v -n
ok 1 - setup
ok 77 - subcommand - KEEP_ARGV0
ok 86 - gc can handle -h
not ok 18 - required process filter should filter data for various subcommands
#	
#		test_config_global filter.protocol.process "test-tool rot13-filter --log=debug.log clean smudge" &&
#		test_config_global filter.protocol.required true &&
#		(
#			cd repo &&
#	
#			S=$(test_file_size test.r) &&
#			S2=$(test_file_size test2.r) &&
#			S3=$(test_file_size "testsubdir/test3 'sq',\$x=.r") &&
#			M=$(git hash-object test.r) &&
#			M2=$(git hash-object test2.r) &&
#			M3=$(git hash-object "testsubdir/test3 'sq',\$x=.r") &&
#			EMPTY=$(git hash-object /dev/null) &&
#	
#			MAIN=$(git rev-parse --verify main) &&
#	
#			cp "$TEST_ROOT/test.o" test5.r &&
#			git add test5.r &&
#			git commit -m "test commit 3" &&
#			git checkout empty-branch &&
#			filter_git rebase --onto empty-branch main^^ main &&
#			MAIN2=$(git rev-parse --verify main) &&
#			META="ref=refs/heads/main treeish=$MAIN2" &&
#			cat >expected.log <<-EOF &&
#				START
#				init handshake complete
#				IN: smudge test.r $META blob=$M $S [OK] -- OUT: $S . [OK]
#				IN: smudge test2.r $META blob=$M2 $S2 [OK] -- OUT: $S2 . [OK]
#				IN: smudge test4-empty.r $META blob=$EMPTY 0 [OK] -- OUT: 0  [OK]
#				IN: smudge test5.r $META blob=$M $S [OK] -- OUT: $S . [OK]
#				IN: smudge testsubdir/test3 'sq',\$x=.r $META blob=$M3 $S3 [OK] -- OUT: $S3 . [OK]
#				STOP
#			EOF
#			test_cmp_exclude_clean expected.log debug.log &&
#	
#			git reset --hard empty-branch &&
#			filter_git reset --hard $MAIN &&
#			META="treeish=$MAIN" &&
#			cat >expected.log <<-EOF &&
#				START
#				init handshake complete
#				IN: smudge test.r $META blob=$M $S [OK] -- OUT: $S . [OK]
#				IN: smudge test2.r $META blob=$M2 $S2 [OK] -- OUT: $S2 . [OK]
#				IN: smudge test4-empty.r $META blob=$EMPTY 0 [OK] -- OUT: 0  [OK]
#				IN: smudge testsubdir/test3 'sq',\$x=.r $META blob=$M3 $S3 [OK] -- OUT: $S3 . [OK]
#				STOP
#			EOF
#			test_cmp_exclude_clean expected.log debug.log &&
#	
#			git branch old-main $MAIN &&
#			git reset --hard empty-branch &&
#			filter_git reset --hard old-main &&
#			META="ref=refs/heads/old-main treeish=$MAIN" &&
#			cat >expected.log <<-EOF &&
#				START
#				init handshake complete
#				IN: smudge test.r $META blob=$M $S [OK] -- OUT: $S . [OK]
#				IN: smudge test2.r $META blob=$M2 $S2 [OK] -- OUT: $S2 . [OK]
#				IN: smudge test4-empty.r $META blob=$EMPTY 0 [OK] -- OUT: 0  [OK]
#				IN: smudge testsubdir/test3 'sq',\$x=.r $META blob=$M3 $S3 [OK] -- OUT: $S3 . [OK]
#				STOP
#			EOF
#			test_cmp_exclude_clean expected.log debug.log &&
#	
#			git checkout -b merge empty-branch &&
#			git branch -f main $MAIN2 &&
#			filter_git merge main &&
#			META="treeish=$MAIN2" &&
#			cat >expected.log <<-EOF &&
#				START
#				init handshake complete
#				IN: smudge test.r $META blob=$M $S [OK] -- OUT: $S . [OK]
#				IN: smudge test2.r $META blob=$M2 $S2 [OK] -- OUT: $S2 . [OK]
#				IN: smudge test4-empty.r $META blob=$EMPTY 0 [OK] -- OUT: 0  [OK]
#				IN: smudge test5.r $META blob=$M $S [OK] -- OUT: $S . [OK]
#				IN: smudge testsubdir/test3 'sq',\$x=.r $META blob=$M3 $S3 [OK] -- OUT: $S3 . [OK]
#				STOP
#			EOF
#			test_cmp_exclude_clean expected.log debug.log &&
#	
#			filter_git archive main >/dev/null &&
#			META="ref=refs/heads/main treeish=$MAIN2" &&
#			cat >expected.log <<-EOF &&
#				START
#				init handshake complete
#				IN: smudge test.r $META blob=$M $S [OK] -- OUT: $S . [OK]
#				IN: smudge test2.r $META blob=$M2 $S2 [OK] -- OUT: $S2 . [OK]
#				IN: smudge test4-empty.r $META blob=$EMPTY 0 [OK] -- OUT: 0  [OK]
#				IN: smudge test5.r $META blob=$M $S [OK] -- OUT: $S . [OK]
#				IN: smudge testsubdir/test3 'sq',\$x=.r $META blob=$M3 $S3 [OK] -- OUT: $S3 . [OK]
#				STOP
#			EOF
#			test_cmp_exclude_clean expected.log debug.log &&
#	
#			TREE="$(git rev-parse $MAIN2^{tree})" &&
#			filter_git archive $TREE >/dev/null &&
#			META="treeish=$TREE" &&
#			cat >expected.log <<-EOF &&
#				START
#				init handshake complete
#				IN: smudge test.r $META blob=$M $S [OK] -- OUT: $S . [OK]
#				IN: smudge test2.r $META blob=$M2 $S2 [OK] -- OUT: $S2 . [OK]
#				IN: smudge test4-empty.r $META blob=$EMPTY 0 [OK] -- OUT: 0  [OK]
#				IN: smudge test5.r $META blob=$M $S [OK] -- OUT: $S . [OK]
#				IN: smudge testsubdir/test3 'sq',\$x=.r $META blob=$M3 $S3 [OK] -- OUT: $S3 . [OK]
#				STOP
#			EOF
#			test_cmp_exclude_clean expected.log debug.log
#		)
#	
ok 95 - non-existent file at top-level not ignored with -v --non-matching
ok 17 - normalize path: dir///./ => dir/
ok 78 - subcommand - SUBCOMMAND_OPTIONAL + subcommand not given
ok 2 - dir-iterator should iterate through all files
ok 21 - safe.directory set to a dot
ok 87 - get-tar-commit-id can handle -h
ok 9 - run_command reports EACCES
ok 96 - non-existent file at top-level not ignored with --verbose
ok 55 - init warns about invalid init.defaultObjectFormat
ok 3 - dir-iterator should list files in the correct order
ok 79 - subcommand - SUBCOMMAND_OPTIONAL + given subcommand
ok 18 - normalize path: dir//sub/.. => dir/
ok 88 - grep can handle -h
ok 97 - non-existent file at top-level not ignored with --verbose -n
ok 4 - begin should fail upon inexistent paths
ok 80 - subcommand - SUBCOMMAND_OPTIONAL + subcommand not given + unknown dashless args
ok 56 - --object-format overrides GIT_DEFAULT_HASH
ok 89 - hash-object can handle -h
ok 1 - one item from stdin
ok 19 - normalize path: dir/sub/../ => dir/
ok 98 - non-existent file at top-level not ignored with --verbose --non-matching
ok 5 - begin should fail upon non directory paths
ok 81 - subcommand - SUBCOMMAND_OPTIONAL + subcommand not given + unknown option
ok 90 - help can handle -h
ok 2 - one item from file
ok 13 - text plus spaces at end should be cleaned and newline must remain
ok 20 - normalize path: dir/sub/../. => dir/
ok 82 - subcommand - SUBCOMMAND_OPTIONAL | KEEP_UNKNOWN_OPT + subcommand not given + unknown option
ok 91 - history can handle -h
ok 57 - GIT_DEFAULT_HASH overrides init.defaultObjectFormat
ok 3 - NUL delimiters
ok 99 - non-existent file at top-level not ignored with --no-index
ok 83 - subcommand - SUBCOMMAND_OPTIONAL | KEEP_UNKNOWN_OPT + subcommand ignored after unknown option
ok 21 - normalize path: dir/s1/../s2/ => dir/s2/
ok 10 - unreadable directory in PATH
ok 92 - hook can handle -h
ok 4 - LF delimiters
ok 84 - subcommand - SUBCOMMAND_OPTIONAL | KEEP_UNKNOWN_OPT + command and subcommand options cannot be mixed
ok 100 - non-existent file at top-level not ignored with --no-index -q
ok 6 - advance should not fail on errors by default
ok 93 - index-pack can handle -h
ok 85 - subcommand - SUBCOMMAND_OPTIONAL | KEEP_UNKNOWN_OPT | KEEP_ARGV0
ok 22 - normalize path: d1/s1///s2/..//../s3/ => d1/s3/
ok 5 - no trailing delimiter
ok 101 - non-existent file at top-level not ignored with --no-index --quiet
ok 14 - spaces with newline at end should be replaced with empty string
ok 11 - run_command runs in parallel with more jobs available than tasks
ok 1 - mktemp to nonexistent directory prints filename
ok 58 - reinit repository with GIT_DEFAULT_HASH=sha1 does not change format
ok 94 - init can handle -h
ok 86 - subcommand - SUBCOMMAND_OPTIONAL | KEEP_UNKNOWN_OPT | KEEP_DASHDASH
ok 22 - safe.directory set to asterisk
ok 23 - normalize path: d1/s1//../s2/../../d2 => d2
# failed 2 among 22 test(s)
1..22
make[2]: [Makefile:82: t0033-safe-directory.sh] Error 1 (ignored)
ok 102 - non-existent file at top-level not ignored with --no-index -v
ok 19 - required process filter takes precedence
ok 7 - advance should fail on errors, w/ pedantic flag
*** t0080-unit-test-output.sh ***
ok 6 - CRLF delimiters
ok 87 - subcommand - completion helper
ok 95 - init-db can handle -h
ok 3 - commit files empty attr
ok 103 - non-existent file at top-level not ignored with --no-index -v -n
ok 88 - subcommands are incompatible with STOP_AT_NON_OPTION
ok 24 - normalize path: d1/.../d2 => d1/.../d2
ok 12 - run_command runs ungrouped in parallel with more jobs available than tasks
ok 7 - quotes
ok 59 - reinit repository with GIT_DEFAULT_HASH=sha256 does not change format
ok 89 - subcommands are incompatible with KEEP_UNKNOWN_OPT unless in combination with SUBCOMMAND_OPTIONAL
ok 96 - interpret-trailers can handle -h
ok 8 - setup dirs with symlinks
ok 104 - non-existent file at top-level not ignored with --no-index -v --non-matching
ok 8 - --pathspec-file-nul takes quotes literally
ok 90 - subcommands are incompatible with KEEP_DASHDASH unless in combination with SUBCOMMAND_OPTIONAL
ok 2 - mktemp to unwritable directory prints filename
ok 25 - normalize path: d1/..././../d2 => d1/d2
ok 97 - last-modified can handle -h
# passed all 8 test(s)
1..8
ok 13 - run_command runs in parallel with as many jobs as tasks
ok 105 - non-existent file at top-level not ignored with --no-index --verbose
ok 9 - dir-iterator should not follow symlinks by default
ok 91 - negative unsigned
*** t0081-find-pack.sh ***
ok 60 - extensions.objectFormat is not allowed with repo version 0
ok 3 - git_mkstemps_mode does not fail if fd 0 is not open
ok 106 - non-existent file at top-level not ignored with --no-index --verbose -n
ok 10 - dir-iterator does not resolve top-level symlinks
ok 92 - unsigned with units but no numbers
ok 4 - check for a bug in the regex routines
ok 26 - normalize path: / => /
ok 98 - log can handle -h
ok 15 - spaces without newline at end should not show spaces
ok 1 - DEFINE_LIST_SORT_DEBUG
# passed all 10 test(s)
1..10
ok 61 - init rejects attempts to initialize with different hash
ok 107 - non-existent file at top-level not ignored with --no-index --verbose --non-matching
*** t0082-zos-encoding.sh ***
ok 14 - run_command runs ungrouped in parallel with as many jobs as tasks
# passed all 1 test(s)
1..1
ok 32 - bare repository: with --source
*** t0083-apply-3way-zos.sh ***
ok 99 - ls-files can handle -h
ok 5 - incomplete sideband messages are reassembled
ok 27 - normalize path: // => /
ok 33 - bare repository: check that --cached honors index
ok 6 - eof on sideband message is reported
ok 100 - ls-remote can handle -h
ok 15 - run_command runs in parallel with more tasks than jobs available
ok 7 - missing sideband designator is reported
ok 12 - subtest: mixed results: a mixture of all possible results
ok 93 - i16 limits range
ok 28 - normalize path: /// => /
ok 108 - non-existent file at top-level ignored
ok 16 - spaces without newline at end should be replaced with empty string
ok 101 - ls-tree can handle -h
ok 62 - extensions.refStorage is not allowed with repo version 0
ok 29 - normalize path: /. => /
ok 94 - u16 limits range
ok 102 - mailinfo can handle -h
# failed 2 among 94 test(s)
1..94
make[2]: [Makefile:82: t0040-parse-options.sh] Error 1 (ignored)
ok 109 - non-existent file at top-level ignored with -q
ok 16 - run_command runs ungrouped in parallel with more tasks than jobs available
*** t0084-rerere-zos.sh ***
ok 20 - required process filter should be used only for "clean" operation only
ok 8 - unpack-sideband: --no-chomp-newline
ok 110 - non-existent file at top-level ignored with --quiet
ok 103 - mailsplit can handle -h
ok 30 - normalize path: /./ => /
ok 34 - bare repository: test info/attributes
ok 111 - non-existent file at top-level ignored with -v
ok 9 - unpack-sideband: --chomp-newline (default)
ok 104 - maintenance can handle -h
ok 31 - normalize path: /./.. => ++failed++
ok 35 - binary macro expanded by -a
ok 17 - run_command listens to stdin
ok 112 - non-existent file at top-level ignored with -v -n
ok 105 - merge can handle -h
ok 63 - extensions.refStorage with files backend
ok 36 - query binary macro directly
ok 32 - normalize path: /../. => ++failed++
ok 10 - unpack-sideband: packet_reader_read() consumes sideband, no chomp payload
ok 17 - consecutive text lines should be unchanged
ok 113 - non-existent file at top-level ignored with -v --non-matching
ok 106 - merge-base can handle -h
ok 18 - run_command is asked to abort gracefully
ok 37 - set up symlink tests
ok 114 - non-existent file at top-level ignored with --verbose
ok 107 - merge-file can handle -h
ok 33 - normalize path: /./../.// => ++failed++
ok 18 - strip comments, too
ok 11 - unpack-sideband: packet_reader_read() consumes sideband, chomp payload
ok 19 - run_command is asked to abort gracefully (ungroup)
# passed all 11 test(s)
1..11
ok 64 - extensions.refStorage with unknown backend
*** t0090-cache-tree.sh ***
ok 115 - non-existent file at top-level ignored with --verbose -n
ok 108 - merge-index can handle -h
ok 20 - run_command outputs 
ok 34 - normalize path: /dir/.. => /
not ok 65 - init with GIT_DEFAULT_REF_FORMAT=garbage
ok 19 - strip comments with changed comment char
ok 21 - run_command outputs (ungroup) 
ok 38 - symlinks respected in core.attributesFile
#	
#		test_when_finished "rm -rf refformat" &&
#		cat >expect <<-EOF &&
#		fatal: unknown ref storage format ${SQ}garbage${SQ}
#		EOF
#		test_must_fail env GIT_DEFAULT_REF_FORMAT=garbage git init refformat 2>err &&
#		test_cmp expect err
#	
ok 109 - merge-ours can handle -h
ok 116 - non-existent file at top-level ignored with --verbose --non-matching
ok 35 - normalize path: /dir/sub/../.. => /
ok 110 - merge-recursive can handle -h
ok 1 - TAP output from unit tests
ok 39 - symlinks respected in info/attributes
# passed all 1 test(s)
1..1
ok 20 - strip comments with changed comment string
*** t0091-bugreport.sh ***
ok 111 - merge-recursive-ours can handle -h
ok 36 - normalize path: /dir/sub/../../.. => ++failed++
ok 117 - non-existent file at top-level ignored with --no-index
ok 21 - newline as commentchar is forbidden
ok 66 - init warns about invalid init.defaultRefFormat
ok 22 - empty commentchar is forbidden
ok 40 - symlinks not respected in-tree
ok 112 - merge-recursive-theirs can handle -h
ok 37 - normalize path: /dir => /dir
ok 23 - -c with single line
ok 41 - large attributes line ignored in tree
ok 118 - non-existent file at top-level ignored with --no-index -q
ok 113 - merge-subtree can handle -h
ok 1 - run based on configured value
ok 67 - default ref format
ok 42 - large attributes line ignores trailing content in tree
ok 24 - -c with single line followed by empty line
DEBUG: On z/OS, proceeding with tests
ok 38 - normalize path: /dir// => /dir/
ok 119 - non-existent file at top-level ignored with --no-index --quiet
ok 2 - do nothing on empty config
ok 114 - merge-tree can handle -h
ok 25 - -c with newline only
ok 43 # skip large attributes file ignored in tree (missing EXPENSIVE)
ok 1 - setup
ok 115 - mktag can handle -h
ok 26 - --comment-lines with single line
ok 120 - non-existent file at top-level ignored with --no-index -v
ok 39 - normalize path: /./dir => /dir
ok 3 - error on bad config keys
ok 2 - apply --3way tags correctly
DEBUG: Reached test_done
ok 116 - mktree can handle -h
ok 27 - -c with changed comment char
# passed all 2 test(s)
1..2
ok 68 - init with GIT_DEFAULT_REF_FORMAT=files
ok 121 - non-existent file at top-level ignored with --no-index -v -n
ok 40 - normalize path: /dir/. => /dir/
*** t0092-diagnose.sh ***
ok 4 - error on NULL value for config keys
ok 44 - large attributes line ignored in index
ok 117 - multi-pack-index can handle -h
ok 122 - non-existent file at top-level ignored with --no-index -v --non-matching
1..0 # SKIP This test is z/OS specific
ok 41 - normalize path: /dir///./ => /dir/
ok 69 - init with --ref-format=files
ok 118 - mv can handle -h
*** t0095-bloom.sh ***
ok 4 - commit files attr=auto
ok 13 - subtest: --verbose option
ok 28 - -c with comment char defined in .git/config
ok 123 - non-existent file at top-level ignored with --no-index --verbose
ok 119 - name-rev can handle -h
ok 22 - GIT_TRACE with environment variables
ok 1 - setup repo with character not in IBM-1047
ok 42 - normalize path: /dir//sub/.. => /dir/
ok 23 # skip verify curlies are quoted properly (missing MINGW)
ok 24 # skip can spawn .bat with argv[0] containing spaces (missing MINGW)
ok 45 - large attributes line ignores trailing content in index
ok 120 - notes can handle -h
# passed all 24 test(s)
1..24
ok 124 - non-existent file at top-level ignored with --no-index --verbose -n
ok 46 # skip large attributes file ignored in index (missing EXPENSIVE)
ok 29 - -c outside git repository
ok 47 # skip large attributes blob ignored (missing EXPENSIVE)
*** t0100-previous.sh ***
ok 70 - init with init.defaultRefFormat=files
ok 43 - normalize path: /dir/sub/../ => /dir/
ok 1 - setup
ok 30 - avoid SP-HT sequence in commented line
ok 121 - pack-objects can handle -h
ok 125 - non-existent file at top-level ignored with --no-index --verbose --non-matching
# passed all 30 test(s)
1..30
ok 2 - checkout fails encoding but tags as 1208
ok 5 - --keep-going
*** t0101-at-syntax.sh ***
# passed all 5 test(s)
1..5
ok 71 - --ref-format=files overrides GIT_DEFAULT_REF_FORMAT
ok 48 - builtin object mode attributes work (dir and regular paths)
ok 3 - git status shows modified after encoding failure
ok 44 - normalize path: //dir/sub/../. => /dir/
*** t0200-gettext-basic.sh ***
ok 122 - pack-redundant can handle -h
ok 126 - existing untracked file at top-level not ignored
ok 45 - normalize path: /dir/s1/../s2/ => /dir/s2/
ok 49 - builtin object mode attributes work (executable)
ok 123 - pack-refs can handle -h
ok 4 - checkout succeeds with transliteration
ok 50 - builtin object mode attributes work (symlinks)
ok 46 - normalize path: /d1/s1///s2/..//../s3/ => /d1/s3/
# passed all 4 test(s)
1..4
ok 127 - existing untracked file at top-level not ignored with -q
ok 72 - reinit repository with GIT_DEFAULT_REF_FORMAT=files does not change format
ok 124 - patch-id can handle -h
*** t0201-gettext-fallbacks.sh ***
ok 47 - normalize path: /d1/s1//../s2/../../d2 => /d2
ok 125 - pickaxe can handle -h
ok 128 - existing untracked file at top-level not ignored with --quiet
ok 126 - prune can handle -h
ok 129 - existing untracked file at top-level not ignored with -v
ok 48 - normalize path: /d1/.../d2 => /d1/.../d2
ok 2 - repack everything into a single packfile
ok 1 - create a report
ok 73 - init with GIT_DEFAULT_REF_FORMAT=reftable
ok 130 - existing untracked file at top-level not ignored with -v -n
ok 127 - prune-packed can handle -h
ok 51 - native object mode attributes work with --cached
ok 49 - normalize path: /d1/..././../d2 => /d1/d2
ok 2 - report contains wanted template (before first section)
ok 131 - existing untracked file at top-level not ignored with -v --non-matching
ok 50 - longest ancestor: / / => -1
ok 128 - pull can handle -h
ok 1 - initial commit has cache-tree
ok 74 - init with --ref-format=reftable
ok 51 - longest ancestor: /foo / => 0
ok 3 - sanity check "System Info" section
ok 132 - existing untracked file at top-level not ignored with --verbose
ok 129 - push can handle -h
ok 52 - longest ancestor: /foo /fo => -1
ok 4 - dies if file with same name as report already exists
ok 133 - existing untracked file at top-level not ignored with --verbose -n
ok 53 - longest ancestor: /foo /foo => -1
ok 130 - range-diff can handle -h
ok 5 - --output-directory puts the report in the provided dir
ok 54 - longest ancestor: /foo /bar => -1
ok 134 - existing untracked file at top-level not ignored with --verbose --non-matching
ok 75 - init with init.defaultRefFormat=reftable
ok 6 - incorrect arguments abort with usage
ok 55 - longest ancestor: /foo /foo/bar => -1
ok 131 - read-tree can handle -h
ok 2 - read-tree HEAD establishes cache-tree
ok 7 - incorrect positional arguments abort with usage and hint
ok 56 - longest ancestor: /foo /foo:/bar => -1
ok 1 # skip creates diagnostics zip archive (missing UNZIP)
ok 52 - check object mode attributes work for submodules
ok 76 - --ref-format=reftable overrides GIT_DEFAULT_REF_FORMAT
ok 3 - add more packfiles
ok 132 - rebase can handle -h
ok 2 # skip counts loose objects (missing UNZIP)
ok 135 - existing untracked file at top-level not ignored with --no-index
ok 57 - longest ancestor: /foo /:/foo:/bar => 0
ok 3 # skip --mode=stats excludes .git dir contents (missing UNZIP)
ok 4 # skip --mode=all includes .git dir contents (missing UNZIP)
ok 53 - we do not allow user defined builtin_* attributes
ok 8 - runs outside of a git dir
# passed all 4 test(s)
1..4
ok 58 - longest ancestor: /foo /foo:/:/bar => 0
*** t0202-gettext-perl.sh ***
ok 133 - receive-pack can handle -h
ok 9 - can create leading directories outside of a git dir
ok 136 - existing untracked file at top-level not ignored with --no-index -q
ok 3 - git-add invalidates cache-tree
ok 59 - longest ancestor: /foo /:/bar:/foo => 0
ok 1 - compute unseeded murmur3 hash for empty string
ok 134 - reflog can handle -h
ok 14 - subtest: --verbose-only option
ok 54 - user defined builtin_objectmode values are ignored
ok 77 - reinit repository with GIT_DEFAULT_REF_FORMAT=reftable does not change format
ok 21 - required process filter should process multiple packets
ok 60 - longest ancestor: /foo/bar / => 0
ok 137 - existing untracked file at top-level not ignored with --no-index --quiet
ok 2 - compute unseeded murmur3 hash for test string 1
ok 135 - refs can handle -h
ok 55 # skip deep macro recursion (missing ULIMIT_STACK_SIZE)
ok 61 - longest ancestor: /foo/bar /fo => -1
# failed 1 among 55 test(s)
1..55
make[2]: [Makefile:82: t0003-attributes.sh] Error 1 (ignored)
ok 3 - compute unseeded murmur3 hash for test string 2
*** t0203-gettext-setlocale-sanity.sh ***
ok 138 - existing untracked file at top-level not ignored with --no-index -v
ok 78 - --ref-format= overrides GIT_DEFAULT_REF_FORMAT
ok 136 - remote can handle -h
ok 62 - longest ancestor: /foo/bar /foo => 4
ok 4 - git-add in subdir invalidates cache-tree
ok 4 - compute unseeded murmur3 hash for test string 3
ok 139 - existing untracked file at top-level not ignored with --no-index -v -n
ok 10 - indicates populated hooks
ok 63 - longest ancestor: /foo/bar /foo/ba => -1
ok 137 - remote-ext can handle -h
ok 11 # skip --diagnose creates diagnostics zip archive (missing UNZIP)
ok 5 - compute bloom key for empty string
ok 64 - longest ancestor: /foo/bar /:/fo => 0
ok 140 - existing untracked file at top-level not ignored with --no-index -v --non-matching
ok 12 # skip --diagnose=stats excludes .git dir contents (missing UNZIP)
ok 13 # skip --diagnose=all includes .git dir contents (missing UNZIP)
ok 138 - remote-fd can handle -h
# lib-gettext: No is_IS UTF-8 locale available
# lib-gettext: No is_IS ISO-8859-1 locale available
ok 1 - sanity: $GIT_INTERNAL_GETTEXT_SH_SCHEME is set (to gnu)
ok 2 - sanity: $TEXTDOMAIN is git
ok 3 - xgettext sanity: Perl _() strings are not extracted
# passed all 13 test(s)
1..13
ok 65 - longest ancestor: /foo/bar /foo:/foo/ba => 4
ok 6 - compute bloom key for whitespace
ok 141 - existing untracked file at top-level not ignored with --no-index --verbose
ok 79 - GIT_DEFAULT_REF_FORMAT= overrides init.defaultRefFormat
ok 4 - add more commits (as loose objects)
*** t0204-gettext-reencode-sanity.sh ***
not ok 4 - xgettext sanity: Comment extraction with --add-comments
# passed all 4 test(s)
1..4
ok 1 - branch -d @{-1}
ok 66 - longest ancestor: /foo/bar /bar => -1
ok 139 - repack can handle -h
ok 142 - existing untracked file at top-level not ignored with --no-index --verbose -n
#	
#	    grep "TRANSLATORS: This is a test" "$TEST_DIRECTORY"/t0200/* | wc -l >expect &&
#	    grep "TRANSLATORS: This is a test" "$GIT_PO_PATH"/is.po  | wc -l >actual &&
#	    test_cmp expect actual
#	
*** t0210-trace2-normal.sh ***
ok 7 - compute bloom key for test string 1
ok 1 - setup
ok 22 - required process filter with clean error should fail
# lib-gettext: No is_IS UTF-8 locale available
# lib-gettext: No is_IS ISO-8859-1 locale available
ok 5 - xgettext sanity: Comment extraction with --add-comments stops at statements
ok 1 - sanity: $GIT_INTERNAL_GETTEXT_SH_SCHEME is set (to fallthrough)
ok 2 - sanity: $GIT_INTERNAL_GETTEXT_TEST_FALLBACKS is set
ok 67 - longest ancestor: /foo/bar /fo => -1
ok 6 - sanity: $TEXTDOMAINDIR exists without NO_GETTEXT=YesPlease
ok 3 - sanity: $GIT_INTERNAL_GETTEXT_SH_SCHEME" is fallthrough
ok 7 - sanity: Icelandic locale was compiled
ok 8 - compute bloom key for test string 2
ok 8 # skip sanity: gettext("") metadata is OK (missing GETTEXT_LOCALE)
ok 5 - commit files attr=text
ok 140 - replace can handle -h
ok 2 - @{0} shows current
ok 4 - gettext: our gettext() fallback has pass-through semantics
ok 143 - existing untracked file at top-level not ignored with --no-index --verbose --non-matching
ok 9 # skip sanity: gettext(unknown) is passed through (missing GETTEXT_LOCALE)
ok 68 - longest ancestor: /foo/bar /foo:/bar => 4
ok 10 # skip xgettext: C extraction of _() and N_() strings (missing GETTEXT_LOCALE)
ok 11 # skip xgettext: C extraction with %s (missing GETTEXT_LOCALE)
ok 3 - @{1} shows old
ok 12 # skip xgettext: Shell extraction (missing GETTEXT_LOCALE)
ok 80 - init with feature.experimental=true
ok 69 - longest ancestor: /foo/bar /:/foo:/bar => 4
ok 141 - replay can handle -h
ok 13 # skip xgettext: Shell extraction with $variable (missing GETTEXT_LOCALE)
ok 14 # skip xgettext: Perl extraction (missing GETTEXT_LOCALE)
ok 15 # skip xgettext: Perl extraction with %s (missing GETTEXT_LOCALE)
ok 16 # skip sanity: Some gettext("") data for real locale (missing GETTEXT_LOCALE)
ok 4 - @{now} shows current
ok 70 - longest ancestor: /foo/bar /foo:/:/bar => 4
ok 142 - repo can handle -h
ok 144 - existing tracked file at top-level not ignored
# failed 1 among 16 test(s)
1..16
make[2]: [Makefile:82: t0200-gettext-basic.sh] Error 1 (ignored)
*** t0211-trace2-perf.sh ***
ok 5 - @{2001-09-17} (before the first commit) shows old
ok 71 - longest ancestor: /foo/bar /:/bar:/fo => 0
ok 2 - branch -d @{-12} when there is not enough switches yet
ok 9 - get bloom filters for commit with no changes
ok 6 - silly approxidates work
ok 143 - rerere can handle -h
ok 72 - longest ancestor: /foo/bar /:/bar => 0
ok 145 - existing tracked file at top-level not ignored with -q
ok 7 - notice misspelled upstream
ok 5 - eval_gettext: our eval_gettext() fallback has pass-through semantics
ok 73 - longest ancestor: /foo/bar /foo => 4
ok 8 - complain about total nonsense
ok 144 - reset can handle -h
ok 146 - existing tracked file at top-level not ignored with --quiet
ok 74 - longest ancestor: /foo/bar /foo:/bar => 4
# passed all 8 test(s)
1..8
not ok 23 - process filter should restart after unexpected write failure
ok 81 - init.defaultRefFormat overrides feature.experimental=true
*** t0212-trace2-event.sh ***
#	
#		test_config_global filter.protocol.process "test-tool rot13-filter --log=debug.log clean smudge" &&
#		rm -rf repo &&
#		mkdir repo &&
#		(
#			cd repo &&
#			git init &&
#	
#			echo "*.r filter=protocol" >.gitattributes &&
#	
#			cp "$TEST_ROOT/test.o" test.r &&
#			cp "$TEST_ROOT/test2.o" test2.r &&
#			echo "this is going to fail" >smudge-write-fail.o &&
#			cp smudge-write-fail.o smudge-write-fail.r &&
#	
#			S=$(test_file_size test.r) &&
#			S2=$(test_file_size test2.r) &&
#			SF=$(test_file_size smudge-write-fail.r) &&
#			M=$(git hash-object test.r) &&
#			M2=$(git hash-object test2.r) &&
#			MF=$(git hash-object smudge-write-fail.r) &&
#			rm -f debug.log &&
#	
#			git add . &&
#			rm -f *.r &&
#	
#			rm -f debug.log &&
#			git checkout --quiet --no-progress . 2>git-stderr.log &&
#	
#			grep "smudge write error" git-stderr.log &&
#			test_grep "error: external filter" git-stderr.log &&
#	
#			cat >expected.log <<-EOF &&
#				START
#				init handshake complete
#				IN: smudge smudge-write-fail.r blob=$MF $SF [OK] -- [WRITE FAIL]
#				START
#				init handshake complete
#				IN: smudge test.r blob=$M $S [OK] -- OUT: $S . [OK]
#				IN: smudge test2.r blob=$M2 $S2 [OK] -- OUT: $S2 . [OK]
#				STOP
#			EOF
#			test_cmp_exclude_clean expected.log debug.log &&
#	
#			test_cmp_committed_rot13 "$TEST_ROOT/test.o" test.r &&
#			test_cmp_committed_rot13 "$TEST_ROOT/test2.o" test2.r &&
#	
#			# Smudge failed
#			! test_cmp smudge-write-fail.o smudge-write-fail.r &&
#			rot13.sh <smudge-write-fail.o >expected &&
#			git cat-file blob :smudge-write-fail.r >actual &&
#			test_cmp expected actual
#		)
#	
ok 5 - git-add in subdir does not invalidate sibling cache-tree
ok 147 - existing tracked file at top-level not ignored with -v
ok 75 - longest ancestor: /foo/bar /bar => -1
ok 145 - restore can handle -h
ok 76 # skip longest ancestor: C:/Users/me C:/ => 2 (missing MINGW)
ok 77 # skip longest ancestor: D:/Users/me C:/ => -1 (missing MINGW)
ok 6 - eval_gettext: our eval_gettext() fallback can interpolate variables
ok 78 # skip longest ancestor: //server/share/my-directory //server/share/ => 14 (missing MINGW)
ok 148 - existing tracked file at top-level not ignored with -v -n
ok 146 - rev-list can handle -h
ok 79 - strip_path_suffix
ok 10 - get bloom filter for commit with 10 changes
ok 149 - existing tracked file at top-level not ignored with -v --non-matching
ok 80 - absolute path rejects the empty string
ok 11 # skip get bloom filter for commit with 513 changes (missing EXPENSIVE)
ok 81 # skip <drive-letter>:\\abc is an absolute path (missing MINGW)
ok 6 - update-index invalidates cache-tree
ok 147 - rev-parse can handle -h
# passed all 11 test(s)
1..11
ok 82 - GIT_DEFAULT_REF_FORMAT= overrides feature.experimental=true
ok 7 - eval_gettext: our eval_gettext() fallback can interpolate variables with spaces
ok 150 - existing tracked file at top-level not ignored with --verbose
*** t0213-trace2-ancestry.sh ***
ok 82 - real path rejects the empty string
ok 148 - revert can handle -h
ok 151 - existing tracked file at top-level not ignored with --verbose -n
ok 149 - rm can handle -h
ok 152 - existing tracked file at top-level not ignored with --verbose --non-matching
ok 83 - re-init with same format (files)
ok 8 - eval_gettext: our eval_gettext() fallback can interpolate variables with spaces and quotes
ok 83 - real path works on absolute paths 1
# passed all 8 test(s)
1..8
ok 150 - send-pack can handle -h
*** t0300-credentials.sh ***
# lib-gettext: No is_IS UTF-8 locale available
# lib-gettext: No is_IS ISO-8859-1 locale available
not ok 24 - process filter should not be restarted if it signals an error
ok 15 - subtest: skip one with GIT_SKIP_TESTS
#	
#		test_config_global filter.protocol.process "test-tool rot13-filter --log=debug.log clean smudge" &&
#		rm -rf repo &&
#		mkdir repo &&
#		(
#			cd repo &&
#			git init &&
#	
#			echo "*.r filter=protocol" >.gitattributes &&
#	
#			cp "$TEST_ROOT/test.o" test.r &&
#			cp "$TEST_ROOT/test2.o" test2.r &&
#			echo "this will cause an error" >error.o &&
#			cp error.o error.r &&
#	
#			S=$(test_file_size test.r) &&
#			S2=$(test_file_size test2.r) &&
#			SE=$(test_file_size error.r) &&
#			M=$(git hash-object test.r) &&
#			M2=$(git hash-object test2.r) &&
#			ME=$(git hash-object error.r) &&
#			rm -f debug.log &&
#	
#			git add . &&
#			rm -f *.r &&
#	
#			filter_git checkout --quiet --no-progress . &&
#			cat >expected.log <<-EOF &&
#				START
#				init handshake complete
#				IN: smudge error.r blob=$ME $SE [OK] -- [ERROR]
#				IN: smudge test.r blob=$M $S [OK] -- OUT: $S . [OK]
#				IN: smudge test2.r blob=$M2 $S2 [OK] -- OUT: $S2 . [OK]
#				STOP
#			EOF
#			test_cmp_exclude_clean expected.log debug.log &&
#	
#			test_cmp_committed_rot13 "$TEST_ROOT/test.o" test.r &&
#			test_cmp_committed_rot13 "$TEST_ROOT/test2.o" test2.r &&
#			test_cmp error.o error.r
#		)
#	
ok 151 - shortlog can handle -h
ok 153 - existing tracked file at top-level shown as ignored with --no-index
ok 84 - real path works on absolute paths 2
1..0 # SKIP Perl Test::More unavailable, skipping test
ok 84 - re-init with different format fails (files -> reftable)
ok 7 - write-tree establishes cache-tree
*** t0301-credential-cache.sh ***
ok 152 - show can handle -h
# lib-gettext: No is_IS UTF-8 locale available
# lib-gettext: No is_IS ISO-8859-1 locale available
ok 154 - existing tracked file at top-level shown as ignored with --no-index -q
ok 3 - merge @{-1}
ok 153 - show-branch can handle -h
ok 8 - test-tool scrap-cache-tree works
ok 154 - show-index can handle -h
ok 85 - re-init with same format (reftable)
ok 155 - existing tracked file at top-level shown as ignored with --no-index --quiet
ok 85 - real path removes extra leading slashes
ok 156 - existing tracked file at top-level shown as ignored with --no-index -v
# lib-gettext: No is_IS UTF-8 locale available
# lib-gettext: No is_IS ISO-8859-1 locale available
ok 155 - show-ref can handle -h
ok 1 - git show a ISO-8859-1 commit under C locale
ok 1 # skip gettext: Emitting UTF-8 from our UTF-8 *.mo files / Icelandic (missing GETTEXT_LOCALE)
ok 2 # skip git show a ISO-8859-1 commit under a UTF-8 locale (missing GETTEXT_LOCALE)
ok 2 # skip gettext: Emitting UTF-8 from our UTF-8 *.mo files / Runes (missing GETTEXT_LOCALE)
ok 3 # skip gettext: Emitting ISO-8859-1 from our UTF-8 *.mo files / Icelandic (missing GETTEXT_ISO_LOCALE)
# passed all 2 test(s)
1..2
ok 4 # skip gettext: impossible ISO-8859-1 output (missing GETTEXT_ISO_LOCALE)
ok 5 # skip gettext: Fetching a UTF-8 msgid -> UTF-8 (missing GETTEXT_LOCALE)
ok 157 - existing tracked file at top-level shown as ignored with --no-index -v -n
ok 156 - sparse-checkout can handle -h
*** t0302-credential-store.sh ***
ok 6 # skip gettext: Fetching a UTF-8 msgid -> ISO-8859-1 (missing GETTEXT_ISO_LOCALE)
ok 1 - normal stream, return code 0
ok 7 # skip gettext.c: git init UTF-8 -> UTF-8 (missing GETTEXT_LOCALE)
ok 86 - real path removes other extra slashes
not ok 25 - process filter abort stops processing of all further files
ok 8 # skip gettext.c: git init UTF-8 -> ISO-8859-1 (missing GETTEXT_ISO_LOCALE)
ok 86 - re-init with different format fails (reftable -> files)
not ok 2 - normal stream, return code 1
#	
#		test_config_global filter.protocol.process "test-tool rot13-filter --log=debug.log clean smudge" &&
#		rm -rf repo &&
#		mkdir repo &&
#		(
#			cd repo &&
#			git init &&
#	
#			echo "*.r filter=protocol" >.gitattributes &&
#	
#			cp "$TEST_ROOT/test.o" test.r &&
#			cp "$TEST_ROOT/test2.o" test2.r &&
#			echo "error this blob and all future blobs" >abort.o &&
#			cp abort.o abort.r &&
#	
#			M="blob=$(git hash-object abort.r)" &&
#			rm -f debug.log &&
#			SA=$(test_file_size abort.r) &&
#	
#			git add . &&
#			rm -f *.r &&
#	
#	
#			# Note: This test assumes that Git filters files in alphabetical
#			# order ("abort.r" before "test.r").
#			filter_git checkout --quiet --no-progress . &&
#			cat >expected.log <<-EOF &&
#				START
#				init handshake complete
#				IN: smudge abort.r $M $SA [OK] -- [ABORT]
#				STOP
#			EOF
#			test_cmp_exclude_clean expected.log debug.log &&
#	
#			test_cmp "$TEST_ROOT/test.o" test.r &&
#			test_cmp "$TEST_ROOT/test2.o" test2.r &&
#			test_cmp abort.o abort.r
#		)
#	
# passed all 8 test(s)
1..8
ok 4 - merge @{-1}~1
ok 157 - stage can handle -h
#	
#		test_when_finished "rm trace.normal actual expect" &&
#		test_must_fail env GIT_TRACE2="$(pwd)/trace.normal" test-tool trace2 001return 1 &&
#		scrub_normal <trace.normal >actual &&
#		cat >expect <<-EOF &&
#			version $V
#			start _EXE_ trace2 001return 1
#			cmd_name trace2 (trace2)
#			exit elapsed:_TIME_ code:1
#			atexit elapsed:_TIME_ code:1
#		EOF
#		test_cmp expect actual
#	
ok 158 - existing tracked file at top-level shown as ignored with --no-index -v --non-matching
*** t0303-credential-external.sh ***
ok 87 - init with --ref-format=garbage
ok 88 # skip core.hidedotfiles = false (missing MINGW)
ok 89 # skip redirect std handles (missing MINGW)
ok 158 - stash can handle -h
ok 159 - existing tracked file at top-level shown as ignored with --no-index --verbose
ok 3 - automatic filename
ok 1 - perf stream, return code 0
ok 159 - status can handle -h
ok 9 - second commit has cache-tree
ok 160 - existing tracked file at top-level shown as ignored with --no-index --verbose -n
not ok 2 - perf stream, return code 1
ok 4 - normal stream, exit code 0
ok 160 - stripspace can handle -h
#	
#		test_when_finished "rm trace.perf actual expect" &&
#		test_must_fail env GIT_TRACE2_PERF="$(pwd)/trace.perf" test-tool trace2 001return 1 &&
#		perl "$TEST_DIRECTORY/t0211/scrub_perf.perl" <trace.perf >actual &&
#		cat >expect <<-EOF &&
#			d0|main|version|||||$V
#			d0|main|start||_T_ABS_|||_EXE_ trace2 001return 1
#			d0|main|cmd_name|||||trace2 (trace2)
#			d0|main|exit||_T_ABS_|||code:1
#			d0|main|atexit||_T_ABS_|||code:1
#		EOF
#		test_cmp expect actual
#	
not ok 5 - normal stream, exit code 1
ok 161 - existing tracked file at top-level shown as ignored with --no-index --verbose --non-matching
#	
#		test_when_finished "rm trace.normal actual expect" &&
#		test_must_fail env GIT_TRACE2="$(pwd)/trace.normal" test-tool trace2 002exit 1 &&
#		scrub_normal <trace.normal >actual &&
#		cat >expect <<-EOF &&
#			version $V
#			start _EXE_ trace2 002exit 1
#			cmd_name trace2 (trace2)
#			exit elapsed:_TIME_ code:1
#			atexit elapsed:_TIME_ code:1
#		EOF
#		test_cmp expect actual
#	
ok 90 - --initial-branch
ok 5 - merge @{-100} before checking out that many branches yet
ok 26 - invalid process filter must fail (and not hang!)
ok 161 - submodule--helper can handle -h
ok 1 # skip event stream, error event (missing JSON_PP)
ok 2 # skip event stream, return code 0 (missing JSON_PP)
ok 3 - perf stream, error event
ok 3 # skip event stream, list config (missing JSON_PP)
ok 87 - real path works on symlinks
ok 4 # skip event stream, list env vars (missing JSON_PP)
ok 5 # skip basic trace2_data (missing JSON_PP)
ok 6 - normal stream, error event
ok 6 # skip using global config, event stream, error event (missing JSON_PP)
ok 162 - switch can handle -h
not ok 7 - BUG messages are written to trace2
ok 91 - overridden default initial branch name (config)
ok 6 - log -g @{-1}
ok 88 - prefix_path works with absolute paths to work tree symlinks
ok 162 - existing untracked file at top-level ignored
ok 4 - perf stream, child processes
#	
#		test_when_finished "rm trace.normal actual expect" &&
#		test_must_fail env GIT_TRACE2="$(pwd)/trace.normal" test-tool trace2 007bug &&
#		scrub_normal <trace.normal >actual &&
#		cat >expect <<-EOF &&
#			version $V
#			start _EXE_ trace2 007bug
#			cmd_name trace2 (trace2)
#			error the bug message
#			exit elapsed:_TIME_ code:99
#			atexit elapsed:_TIME_ code:99
#		EOF
#		test_cmp expect actual
#	
# passed all 6 test(s)
1..6
ok 163 - symbolic-ref can handle -h
*** t0410-partial-clone.sh ***
ok 92 - advice on unconfigured init.defaultBranch
ok 89 - prefix_path works with only absolute path to work tree
not ok 8 - bug messages with BUG_if_bug() are written to trace2
ok 90 - prefix_path rejects absolute path to dir with same beginning as work tree
ok 164 - tag can handle -h
ok 7 - discard traces when there are too many files
#	
#		test_when_finished "rm trace.normal actual expect" &&
#		test_expect_code 99 env GIT_TRACE2="$(pwd)/trace.normal" \
#			test-tool trace2 008bug 2>err &&
#		cat >expect <<-\EOF &&
#		a bug message
#		another bug message
#		an explicit BUG_if_bug() following bug() call(s) is nice, but not required
#		EOF
#		sed "s/^.*: //" <err >actual &&
#		test_cmp expect actual &&
#	
#		scrub_normal <trace.normal >actual &&
#		cat >expect <<-EOF &&
#			version $V
#			start _EXE_ trace2 008bug
#			cmd_name trace2 (trace2)
#			error a bug message
#			error another bug message
#			error an explicit BUG_if_bug() following bug() call(s) is nice, but not required
#			exit elapsed:_TIME_ code:99
#			atexit elapsed:_TIME_ code:99
#		EOF
#		test_cmp expect actual
#	
ok 6 - commit files attr=-text
ok 93 - advice on unconfigured init.defaultBranch disabled
ok 163 - existing untracked file at top-level ignored with -q
ok 1 - detect cmd_ancestry support
ok 2 # skip normal: git alias chain, 2 levels (missing TRACE2_ANCESTRY)
ok 8 - unsafe URLs are redacted by default in cmd_start events
ok 3 # skip perf: git alias chain, 2 levels (missing TRACE2_ANCESTRY)
ok 165 - unpack-file can handle -h
ok 4 # skip event: git alias chain, 2 levels (missing TRACE2_ANCESTRY)
ok 5 # skip normal: deeper chain, 3 levels (missing TRACE2_ANCESTRY)
ok 27 - missing process filter with space in path does not die
ok 164 - existing untracked file at top-level ignored with --quiet
ok 9 - unsafe URLs are redacted by default in child_start events
not ok 9 - bug messages without explicit BUG_if_bug() are written to trace2
# passed all 5 test(s)
1..5
#	
#		test_when_finished "rm trace.normal actual expect" &&
#		test_expect_code 99 env GIT_TRACE2="$(pwd)/trace.normal" \
#			test-tool trace2 009bug_BUG 2>err &&
#		cat >expect <<-\EOF &&
#		a bug message
#		another bug message
#		had bug() call(s) in this process without explicit BUG_if_bug()
#		EOF
#		sed "s/^.*: //" <err >actual &&
#		test_cmp expect actual &&
#	
#		scrub_normal <trace.normal >actual &&
#		cat >expect <<-EOF &&
#			version $V
#			start _EXE_ trace2 009bug_BUG
#			cmd_name trace2 (trace2)
#			error a bug message
#			error another bug message
#			error on exit(): had bug() call(s) in this process without explicit BUG_if_bug()
#			exit elapsed:_TIME_ code:99
#			atexit elapsed:_TIME_ code:99
#		EOF
#		test_cmp expect actual
#	
ok 91 - prefix_path works with absolute path to a symlink to work tree having  same beginning as work tree
ok 5 - using global config, perf stream, return code 0
*** t0411-clone-from-partial.sh ***
ok 94 - default branch name
ok 166 - unpack-objects can handle -h
ok 10 - unsafe URLs are redacted by default in exec events
ok 165 - existing untracked file at top-level ignored with -v
ok 11 - unsafe URLs are redacted by default in def_param events
not ok 10 - bug messages followed by BUG() are written to trace2
ok 92 - relative path: /foo/a/b/c/ /foo/a/b/ => c/
ok 167 - update-index can handle -h
#	
#		test_when_finished "rm trace.normal actual expect" &&
#		test_expect_code 99 env GIT_TRACE2="$(pwd)/trace.normal" \
#			test-tool trace2 010bug_BUG 2>err &&
#		cat >expect <<-\EOF &&
#		a bug message
#		a BUG message
#		EOF
#		sed "s/^.*: //" <err >actual &&
#		test_cmp expect actual &&
#	
#		scrub_normal <trace.normal >actual &&
#		cat >expect <<-EOF &&
#			version $V
#			start _EXE_ trace2 010bug_BUG
#			cmd_name trace2 (trace2)
#			error a bug message
#			error a BUG message
#			exit elapsed:_TIME_ code:99
#			atexit elapsed:_TIME_ code:99
#		EOF
#		test_cmp expect actual
#	
# passed all 11 test(s)
1..11
ok 166 - existing untracked file at top-level ignored with -v -n
*** t0450-txt-doc-vs-help.sh ***
ok 168 - update-ref can handle -h
ok 11 - a valueless true configuration variable is handled
ok 93 - relative path: /foo/a/b/c/ /foo/a/b => c/
ok 95 - overridden default main branch name (env)
ok 167 - existing untracked file at top-level ignored with -v --non-matching
ok 1 - setup helper scripts
not ok 96 - invalid default branch name
ok 169 - update-server-info can handle -h
ok 16 - subtest: skip several with GIT_SKIP_TESTS
ok 6 - stopwatch timer test/test1
#	
#		test_must_fail env GIT_TEST_DEFAULT_INITIAL_BRANCH_NAME="with space" \
#			git init initial-branch-invalid 2>err &&
#		test_grep "invalid branch name" err
#	
ok 168 - existing untracked file at top-level ignored with --verbose
ok 94 - relative path: /foo/a//b//c/ ///foo/a/b// => c/
ok 170 - upload-archive can handle -h
ok 169 - existing untracked file at top-level ignored with --verbose -n
ok 171 - upload-archive--writer can handle -h
ok 2 - credential_fill invokes helper
ok 95 - relative path: /foo/a/b /foo/a/b => ./
ok 12 - using global config, normal stream, return code 0
ok 10 - commit --interactive gives cache-tree on partial commit
ok 170 - existing untracked file at top-level ignored with --verbose --non-matching
ok 172 - upload-pack can handle -h
ok 97 - branch -m with the initial branch
ok 96 - relative path: /foo/a/b/ /foo/a/b => ./
ok 1 - helper (cache) has no existing data
ok 173 - url-parse can handle -h
ok 3 - credential_fill invokes helper with credential
ok 97 - relative path: /foo/a /foo/a/b => ../
ok 7 - stopwatch timer test/test2
ok 98 - init with includeIf.onbranch condition
ok 2 - helper (cache) stores password
ok 174 - var can handle -h
ok 171 - existing untracked file at top-level ignored with --no-index
ok 98 - relative path: / /foo/a/b/ => ../../../
ok 175 - verify-commit can handle -h
ok 99 - init with includeIf.onbranch condition with existing directory
ok 3 - helper (cache) can retrieve password
ok 1 - helper (store) has no existing data
ok 172 - existing untracked file at top-level ignored with --no-index -q
ok 176 - verify-pack can handle -h
ok 99 - relative path: /foo/a/c /foo/a/b/ => ../c
ok 11 - commit -p with shrinking cache-tree
ok 4 - credential_fill invokes helper with ephemeral credential
ok 8 - global counter test/test1
ok 13 - using global config with include
ok 173 - existing untracked file at top-level ignored with --no-index --quiet
ok 177 - verify-tag can handle -h
ok 2 - helper (store) stores password
ok 100 - re-init with includeIf.onbranch condition
ok 100 - relative path: /foo/a/c /foo/a/b => ../c
ok 174 - existing untracked file at top-level ignored with --no-index -v
ok 178 - version can handle -h
ok 101 - relative path: /foo/x/y /foo/a/b/ => ../../x/y
ok 3 - helper (store) can retrieve password
ok 5 - credential_fill invokes helper with credential and state
ok 175 - existing untracked file at top-level ignored with --no-index -v -n
ok 179 - whatchanged can handle -h
ok 101 - re-init skips non-matching includeIf.onbranch
ok 102 - relative path: /foo/a/b <empty> => /foo/a/b
ok 4 - helper (cache) requires matching protocol
ok 180 - worktree can handle -h
ok 9 - global counter test/test2
ok 176 - existing untracked file at top-level ignored with --no-index -v --non-matching
ok 103 - relative path: /foo/a/b <null> => /foo/a/b
ok 181 - write-tree can handle -h
ok 177 - existing untracked file at top-level ignored with --no-index --verbose
# passed all 181 test(s)
1..181
ok 102 - re-init reads matching includeIf.onbranch
ok 1 - extensions.partialclone without filter
*** t0500-progress-display.sh ***
ok 104 - relative path: foo/a/b/c/ foo/a/b/ => c/
ok 4 - helper (store) requires matching protocol
ok 14 - unsafe URLs are redacted by default
ok 178 - existing untracked file at top-level ignored with --no-index --verbose -n
ok 1 - setup: list of builtins
# failed 6 among 14 test(s)
1..14
make[2]: [Makefile:82: t0210-trace2-normal.sh] Error 1 (ignored)
ok 6 - credential_fill invokes multiple helpers
ok 2 - list of adoc and help mismatches is sorted
not ok 103 - init honors GIT_OBJECT_DIRECTORY
*** t0600-reffiles-backend.sh ***
ok 12 - commit in child dir has cache-tree
ok 105 - relative path: foo/a/b/c/ foo/a/b => c/
#	
#		test_when_finished "rm -rf init-objdir custom-odb" &&
#		mkdir custom-odb &&
#		env GIT_OBJECT_DIRECTORY="$(pwd)/custom-odb" \
#			git init init-objdir &&
#		test_path_is_missing init-objdir/.git/objects/pack &&
#		test_path_is_dir custom-odb/pack &&
#		test_path_is_dir custom-odb/info
#	
# failed 7 among 103 test(s)
1..103
make[2]: [Makefile:82: t0001-init.sh] Error 1 (ignored)
ok 179 - existing untracked file at top-level ignored with --no-index --verbose --non-matching
*** t0601-reffiles-pack-refs.sh ***
ok 5 - helper (cache) requires matching host
ok 3 - add -h output has no \t
ok 106 - relative path: foo/a/b//c foo/a//b => c
ok 4 - add -h output has dashed labels
ok 5 - add -h output has consistent spacing
ok 180 - mix of file types at top-level
ok 6 - add appropriately marked as having .adoc
ok 107 - relative path: foo/a/b/ foo/a/b/ => ./
ok 10 - unsafe URLs are redacted by default
ok 5 - helper (store) requires matching host
ok 1 - create evil repo
ok 17 - subtest: sh pattern skipping with GIT_SKIP_TESTS
ok 7 - add *.adoc SYNOPSIS has dashed labels
ok 6 - helper (cache) requires matching username
ok 108 - relative path: foo/a/b/ foo/a/b => ./
ok 7 - credential_fill response does not get capabilities when helpers are incapable
ok 181 - mix of file types at top-level with -v
ok 7 - commit files attr=lf
ok 2 - local clone must not fetch from promisor remote and execute script
ok 109 - relative path: foo/a foo/a/b => ../
ok 182 - mix of file types at top-level with -v -n
not ok 8 - add -h output and SYNOPSIS agree # TODO known breakage
ok 110 - relative path: foo/x/y foo/a/b => ../../x/y
ok 183 - mix of file types at top-level with -v --non-matching
ok 6 - helper (store) requires matching username
ok 8 - credential_fill response does not get capabilities when caller is incapable
ok 13 - reset --hard gives cache-tree
ok 3 - clone from file://... must not fetch from promisor remote and execute script
ok 184 - mix of file types at top-level with --verbose
ok 111 - relative path: foo/a/c foo/a/b => ../c
ok 9 - am -h output has no \t
ok 10 - am -h output has dashed labels
ok 1 - helper (store) has no existing data
ok 18 - subtest: skip entire test suite with GIT_SKIP_TESTS
ok 11 - expect def_params for normal builtin command
ok 11 - am -h output has consistent spacing
ok 185 - mix of file types at top-level with --verbose -n
ok 2 - helper (store) stores password
ok 3 - helper (store) can retrieve password
ok 4 - helper (store) requires matching protocol
ok 5 - helper (store) requires matching host
ok 6 - helper (store) requires matching username
ok 112 - relative path: foo/a/b /foo/x/y => foo/a/b
ok 4 - fetch from file://... must not fetch from promisor remote and execute script
ok 12 - am appropriately marked as having .adoc
ok 9 - credential_fill stops when we get a full response
ok 186 - mix of file types at top-level with --verbose --non-matching
ok 13 - am *.adoc SYNOPSIS has dashed labels
ok 113 - relative path: /foo/a/b foo/x/y => /foo/a/b
ok 2 - convert shallow clone to partial clone
ok 7 - helper (cache) requires matching path
ok 7 - helper (store) requires matching path
ok 114 # skip relative path: d:/a/b D:/a/c => ../b (missing MINGW)
ok 5 - pack-objects should fetch from promisor remote and execute script
ok 115 # skip relative path: C:/a/b D:/a/c => C:/a/b (missing MINGW)
ok 187 - mix of file types at top-level with --no-index
ok 10 - credential_fill thinks a credential is a full response
not ok 14 - am -h output and SYNOPSIS agree # TODO known breakage
ok 116 - relative path: foo/a/b <empty> => foo/a/b
ok 12 - expect def_params for query command
ok 7 - helper (store) requires matching path
ok 8 - helper (store) overwrites on store
ok 9 - helper (store) can forget host
ok 6 - clone from promisor remote does not lazy-fetch by default
ok 188 - mix of file types at top-level with --no-index -v
ok 14 - reset --hard without index gives cache-tree
ok 15 - annotate -h output has no \t
ok 189 - mix of file types at top-level with --no-index -v -n
ok 117 - relative path: foo/a/b <null> => foo/a/b
ok 16 - annotate -h output has dashed labels
ok 17 - annotate -h output has consistent spacing
ok 190 - mix of file types at top-level with --no-index -v --non-matching
ok 10 - helper (store) can store multiple users
ok 1 - simple progress display
not ok 7 - promisor lazy-fetching can be re-enabled
ok 118 - relative path: <empty> /foo/a/b => ./
ok 18 - annotate appropriately marked as having .adoc
#	
#		rm -f script-executed &&
#		test_must_fail env GIT_NO_LAZY_FETCH=0 \
#			git clone evil lazy-ok 2>err &&
#		test_grep "fake-upload-pack running" err &&
#		test_path_is_file script-executed
#	
ok 11 - credential_fill continues through partial response
ok 1 - enable reflogs
ok 11 - helper (store) does not erase a password distinct from input
ok 12 - helper (store) can forget user
ok 13 - helper (store) remembers other user
# failed 1 among 7 test(s)
1..7
make[2]: [Makefile:82: t0411-clone-from-partial.sh] Error 1 (ignored)
ok 191 - mix of file types at top-level with --no-index --verbose
*** t0602-reffiles-fsck.sh ***
ok 119 - relative path: <empty> <empty> => ./
ok 2 - progress display with total
ok 19 - annotate *.adoc SYNOPSIS has dashed labels
ok 192 - mix of file types at top-level with --no-index --verbose -n
not ok 13 - expect def_params for remote-curl and _run_dashed_
ok 3 - progress display breaks long lines #1
ok 14 - helper (store) can store empty username
ok 193 - mix of file types at top-level with --no-index --verbose --non-matching
#	
#		test_when_finished "rm prop.perf actual" &&
#	
#		test_config_global "trace2.configParams" "cfg.prop.*" &&
#		test_config_global "trace2.envvars" "ENV_PROP_FOO,ENV_PROP_BAR" &&
#	
#		test_config_global "cfg.prop.foo" "red" &&
#	
#		test_might_fail env \
#			ENV_PROP_FOO=blue \
#			GIT_TRACE2_PERF="$(pwd)/prop.perf" \
#			git remote-http x y &&
#	
#		perl "$TEST_DIRECTORY/t0211/scrub_perf.perl" <prop.perf >actual &&
#	
#		grep "d0|main|cmd_name|.*|_run_dashed_" actual &&
#		grep "d0|main|def_param|.*|cfg.prop.foo:red" actual &&
#		grep "d0|main|def_param|.*|ENV_PROP_FOO:blue" actual &&
#	
#		grep "d1|main|cmd_name|.*|remote-curl" actual &&
#		grep "d1|main|def_param|.*|cfg.prop.foo:red" actual &&
#		grep "d1|main|def_param|.*|ENV_PROP_FOO:blue" actual
#	
ok 120 - relative path: <empty> <null> => ./
ok 12 - credential_fill populates password_expiry_utc
ok 15 - checkout gives cache-tree
ok 2 - prepare a trivial repository
ok 20 - annotate -h output and SYNOPSIS agree
ok 121 - relative path: <null> <empty> => ./
ok 1 - setup
ok 8 - helper (cache) overwrites on store
ok 4 - progress display breaks long lines #2
ok 194 - non-existent file in subdir a/ not ignored
ok 15 - helper (store) erases all matching credentials
ok 3 - ${pack_refs} --prune --all
ok 5 - progress display breaks long lines #3 - even the first is too long
ok 122 - relative path: <null> <null> => ./
ok 21 - apply -h output has no \t
ok 2 - empty directory should not fool rev-parse
ok 195 - non-existent file in subdir a/ not ignored with -q
ok 22 - apply -h output has dashed labels
ok 16 - helper (store) not confused by long header
ok 4 - see if git show-ref works as expected
ok 3 - convert to partial clone with noop extension
ok 8 - helper (store) overwrites on store
ok 23 - apply -h output has consistent spacing
ok 123 - relative path: <null> /foo/a/b => ./
ok 6 - progress display breaks long lines #4 - title line matches terminal width
ok 196 - non-existent file in subdir a/ not ignored with --quiet
ok 13 - credential_fill ignores expired password
not ok 14 - expect def_params for http-fetch and _run_dashed_
ok 17 - helper (store) stores password_expiry_utc
ok 18 - helper (store) gets password_expiry_utc
ok 124 - git-path A=B info/grafts => .git/info/grafts
ok 24 - apply appropriately marked as having .adoc
ok 16 - checkout -b gives cache-tree
#	
#		test_when_finished "rm prop.perf actual" &&
#	
#		test_config_global "trace2.configParams" "cfg.prop.*" &&
#		test_config_global "trace2.envvars" "ENV_PROP_FOO,ENV_PROP_BAR" &&
#	
#		test_config_global "cfg.prop.foo" "red" &&
#	
#		test_might_fail env \
#			ENV_PROP_FOO=blue \
#			GIT_TRACE2_PERF="$(pwd)/prop.perf" \
#			git http-fetch --stdin file:/// <<-EOF &&
#		EOF
#	
#		perl "$TEST_DIRECTORY/t0211/scrub_perf.perl" <prop.perf >actual &&
#	
#		grep "d0|main|cmd_name|.*|_run_dashed_" actual &&
#		grep "d0|main|def_param|.*|cfg.prop.foo:red" actual &&
#		grep "d0|main|def_param|.*|ENV_PROP_FOO:blue" actual &&
#	
#		grep "d1|main|cmd_name|.*|http-fetch" actual &&
#		grep "d1|main|def_param|.*|cfg.prop.foo:red" actual &&
#		grep "d1|main|def_param|.*|ENV_PROP_FOO:blue" actual
#	
ok 197 - non-existent file in subdir a/ not ignored with -v
ok 125 - git-path GIT_GRAFT_FILE=foo info/grafts => foo
ok 5 - see if a branch still exists when packed
ok 7 - progress shortens - crazy caller
ok 28 - delayed checkout in process filter
ok 3 - empty directory should not fool for-each-ref
ok 25 - apply *.adoc SYNOPSIS has dashed labels
ok 198 - non-existent file in subdir a/ not ignored with -v -n
ok 126 - git-path GIT_GRAFT_FILE=foo info/////grafts => foo
ok 4 - empty directory should not fool create
ok 19 - helper (store) overwrites when password_expiry_utc changes
ok 19 - subtest: GIT_SKIP_TESTS does not skip unmatched suite
ok 14 - credential_fill passes along metadata
ok 127 - git-path GIT_INDEX_FILE=foo index => foo
ok 199 - non-existent file in subdir a/ not ignored with -v --non-matching
ok 8 - progress display with throughput
ok 9 - helper (cache) can forget host
ok 6 - git branch c/d should barf if branch c exists
ok 128 - git-path GIT_INDEX_FILE=foo index/foo => .git/index/foo
ok 200 - non-existent file in subdir a/ not ignored with --verbose
ok 20 - helper (store) stores oauth_refresh_token
ok 21 - helper (store) gets oauth_refresh_token
ok 5 - empty directory should not fool verify
ok 129 - git-path GIT_INDEX_FILE=foo index2 => .git/index2
ok 130 - setup fake objects directory foo
not ok 26 - apply -h output and SYNOPSIS agree # TODO known breakage
ok 201 - non-existent file in subdir a/ not ignored with --verbose -n
ok 9 - progress display with throughput and total
ok 131 - git-path GIT_OBJECT_DIRECTORY=foo objects => foo
ok 7 - see if a branch still exists after git ${pack_refs} --prune
ok 9 - helper (store) can forget host
ok 15 - credential_fill produces no credential without capability
ok 17 - checkout -B gives cache-tree
ok 132 - git-path GIT_OBJECT_DIRECTORY=foo objects/foo => foo/foo
ok 202 - non-existent file in subdir a/ not ignored with --verbose --non-matching
ok 8 - commit files attr=crlf
ok 6 - empty directory should not fool 1-arg update
ok 8 - see if git ${pack_refs} --prune remove ref files
ok 10 - cover up after throughput shortens
ok 27 - archive -h output has no \t
ok 28 - archive -h output has dashed labels
ok 133 - git-path GIT_OBJECT_DIRECTORY=foo objects2 => .git/objects2
ok 29 - archive -h output has consistent spacing
ok 134 - setup common repository
ok 11 - cover up after throughput shortens a lot
ok 4 - converting to partial clone fails with unrecognized extension
ok 9 - see if git ${pack_refs} --prune removes empty dirs
ok 15 - expect def_params during git alias expansion
ok 30 - archive appropriately marked as having .adoc
ok 135 - git-path GIT_COMMON_DIR=bar index => .git/index
ok 203 - non-existent file in subdir a/ not ignored with --no-index
ok 22 - helper (store) times out
ok 136 - git-path GIT_COMMON_DIR=bar index.lock => .git/index.lock
ok 7 - empty directory should not fool 2-arg update
ok 31 - archive *.adoc SYNOPSIS has dashed labels
ok 137 - git-path GIT_COMMON_DIR=bar HEAD => .git/HEAD
ok 12 - progress generates traces
ok 204 - non-existent file in subdir a/ not ignored with --no-index -q
ok 10 - helper (cache) can store multiple users
ok 9 - setup commit file with mixed EOL
ok 16 - credential_approve calls all helpers
ok 29 - missing file in delayed checkout
ok 138 - git-path GIT_COMMON_DIR=bar logs/HEAD => .git/logs/HEAD
ok 10 - commit file with mixed EOL onto LF crlf=false attr=
ok 205 - non-existent file in subdir a/ not ignored with --no-index --quiet
ok 8 - empty directory should not fool 0-arg delete
ok 139 - git-path GIT_COMMON_DIR=bar logs/HEAD.lock => .git/logs/HEAD.lock
ok 13 - progress generates traces: stop / start
ok 11 - commit file with mixed EOL onto CLRF attr= aeol= crlf=false
ok 12 - commit file with mixed EOL onto CRLF_mix_LF attr= aeol= crlf=false
ok 140 - git-path GIT_COMMON_DIR=bar logs/refs/bisect/foo => .git/logs/refs/bisect/foo
ok 206 - non-existent file in subdir a/ not ignored with --no-index -v
ok 10 - git branch g should work when git branch g/h has been deleted
ok 10 - helper (store) can store multiple users
ok 13 - commit file with mixed EOL onto LF_mix_cr attr= aeol= crlf=false 
ok 14 - progress generates traces: start without stop
ok 141 - git-path GIT_COMMON_DIR=bar logs/refs => bar/logs/refs
not ok 32 - archive -h output and SYNOPSIS agree # TODO known breakage
ok 207 - non-existent file in subdir a/ not ignored with --no-index -v -n
ok 14 - commit file with mixed EOL onto CRLF_nul attr= aeol= crlf=false
ok 17 - credential_approve stores password expiry
ok 9 - empty directory should not fool 1-arg delete
ok 142 - git-path GIT_COMMON_DIR=bar logs/refs/ => bar/logs/refs/
ok 208 - non-existent file in subdir a/ not ignored with --no-index -v --non-matching
ok 15 - progress generates traces: stop without start
ok 11 - git branch i/j/k should barf if branch i exists
ok 33 - backfill -h output has no \t
ok 143 - git-path GIT_COMMON_DIR=bar logs/refs/bisec/foo => bar/logs/refs/bisec/foo
ok 34 - backfill -h output has dashed labels
ok 35 - backfill -h output has consistent spacing
ok 144 - git-path GIT_COMMON_DIR=bar logs/refs/bisec => bar/logs/refs/bisec
ok 36 - backfill appropriately marked as having .adoc
ok 11 - helper (cache) does not erase a password distinct from input
ok 209 - non-existent file in subdir a/ not ignored with --no-index --verbose
ok 18 - credential_approve stores oauth refresh token
ok 16 - progress generates traces: start with active progress bar (no stops)
ok 145 - git-path GIT_COMMON_DIR=bar logs/refs/bisectfoo => bar/logs/refs/bisectfoo
# passed all 16 test(s)
1..16
ok 10 - non-empty directory blocks create
ok 37 - backfill *.adoc SYNOPSIS has dashed labels
*** t0610-reftable-basics.sh ***
ok 210 - non-existent file in subdir a/ not ignored with --no-index --verbose -n
ok 15 - setup commit file with mixed EOL
ok 19 - do not bother storing password-less credential
ok 146 - git-path GIT_COMMON_DIR=bar objects => bar/objects
ok 16 - commit file with mixed EOL onto LF crlf=true attr=
ok 211 - non-existent file in subdir a/ not ignored with --no-index --verbose --non-matching
ok 147 - git-path GIT_COMMON_DIR=bar objects/bar => bar/objects/bar
ok 17 - commit file with mixed EOL onto CLRF attr= aeol= crlf=true
ok 20 - credential_approve does not store expired password
ok 16 - expect def_params during shell alias expansion
ok 11 - helper (store) does not erase a password distinct from input
ok 12 - test git branch k after branch k/l/m and k/lm have been deleted
ok 18 - commit file with mixed EOL onto CRLF_mix_LF attr= aeol= crlf=true
ok 148 - git-path GIT_COMMON_DIR=bar info/exclude => bar/info/exclude
ok 19 - commit file with mixed EOL onto LF_mix_cr attr= aeol= crlf=true 
ok 5 - missing reflog object, but promised by a commit, passes fsck
ok 38 - backfill -h output and SYNOPSIS agree
ok 149 - git-path GIT_COMMON_DIR=bar info/grafts => bar/info/grafts
ok 20 - commit file with mixed EOL onto CRLF_nul attr= aeol= crlf=true
ok 11 - broken reference blocks create
ok 212 - non-existent file in subdir a/ ignored
ok 150 - git-path GIT_COMMON_DIR=bar info/sparse-checkout => .git/info/sparse-checkout
ok 12 - helper (cache) can forget user
ok 30 - invalid file in delayed checkout
ok 151 - git-path GIT_COMMON_DIR=bar info//sparse-checkout => .git/info//sparse-checkout
ok 39 - bisect -h output has no \t
ok 213 - non-existent file in subdir a/ ignored with -q
ok 40 - bisect -h output has dashed labels
ok 152 - git-path GIT_COMMON_DIR=bar remotes/bar => bar/remotes/bar
ok 13 - helper (cache) remembers other user
ok 153 - git-path GIT_COMMON_DIR=bar branches/bar => bar/branches/bar
ok 31 # skip delayed checkout with case-collision don't write to the wrong place (missing CASE_INSENSITIVE_FS of SYMLINKS,CASE_INSENSITIVE_FS)
ok 21 - credential_reject calls all helpers
ok 214 - non-existent file in subdir a/ ignored with --quiet
ok 41 - bisect -h output has consistent spacing
ok 13 - test git branch n after some branch deletion and pruning
ok 12 - helper (store) can forget user
ok 154 - git-path GIT_COMMON_DIR=bar logs/refs/heads/main => bar/logs/refs/heads/main
ok 21 - setup commit file with mixed EOL
ok 42 - bisect appropriately marked as having .adoc
ok 20 - subtest: --run basic
ok 12 - non-empty directory blocks indirect create
ok 215 - non-existent file in subdir a/ ignored with -v
ok 32 # skip delayed checkout with utf-8-collision don't write to the wrong place (missing UTF8_NFD_TO_NFC of SYMLINKS,UTF8_NFD_TO_NFC)
ok 22 - commit file with mixed EOL onto LF crlf=input attr=
ok 33 # skip delayed checkout with submodule collision don't write to the wrong place (missing CASE_INSENSITIVE_FS of SYMLINKS,CASE_INSENSITIVE_FS)
ok 155 - git-path GIT_COMMON_DIR=bar refs/heads/main => bar/refs/heads/main
ok 43 - bisect *.adoc SYNOPSIS has dashed labels
ok 13 - helper (store) remembers other user
ok 23 - commit file with mixed EOL onto CLRF attr= aeol= crlf=input
ok 216 - non-existent file in subdir a/ ignored with -v -n
ok 156 - git-path GIT_COMMON_DIR=bar refs/bisect/foo => .git/refs/bisect/foo
ok 14 - helper (cache) can store empty username
ok 22 - credential_reject erases credential regardless of expiry
ok 14 - test excluded refs are not packed
ok 24 - commit file with mixed EOL onto CRLF_mix_LF attr= aeol= crlf=input
ok 25 - commit file with mixed EOL onto LF_mix_cr attr= aeol= crlf=input 
ok 157 - git-path GIT_COMMON_DIR=bar hooks/me => bar/hooks/me
ok 217 - non-existent file in subdir a/ ignored with -v --non-matching
ok 26 - commit file with mixed EOL onto CRLF_nul attr= aeol= crlf=input
ok 158 - git-path GIT_COMMON_DIR=bar config => bar/config
ok 15 - test --no-exclude refs clears excluded refs
ok 13 - broken reference blocks indirect create
ok 159 - git-path GIT_COMMON_DIR=bar packed-refs => bar/packed-refs
ok 218 - non-existent file in subdir a/ ignored with --verbose
ok 44 - bisect -h output and SYNOPSIS agree
ok 23 - usernames can be preserved
ok 17 - expect def_params during nested git alias expansion
ok 14 - helper (store) can store empty username
ok 23 - test cleanup removes everything
# failed 3 among 17 test(s)
1..17
make[2]: [Makefile:82: t0211-trace2-perf.sh] Error 1 (ignored)
ok 160 - git-path GIT_COMMON_DIR=bar shallow => bar/shallow
*** t0611-reftable-httpd.sh ***
ok 34 - setup for progress tests
# passed all 23 test(s)
1..23
ok 219 - non-existent file in subdir a/ ignored with --verbose -n
ok 16 - test only included refs are packed
*** t0612-reftable-jgit-compatibility.sh ***
ok 45 - blame -h output has no \t
ok 6 - missing reflog object, but promised by a tag, passes fsck
ok 161 - git-path GIT_COMMON_DIR=bar common => bar/common
ok 46 - blame -h output has dashed labels
ok 47 - blame -h output has consistent spacing
ok 35 # skip delayed checkout shows progress by default on tty (pathspec checkout) (missing TTY)
ok 220 - non-existent file in subdir a/ ignored with --verbose --non-matching
ok 162 - git-path GIT_COMMON_DIR=bar common/file => bar/common/file
ok 24 - usernames can be overridden
ok 1 - ref name should be checked
ok 27 - setup commit file with mixed EOL
ok 18 - merge --ff-only maintains cache-tree
ok 163 - test_submodule_relative_url: ../ ../foo ../submodule => ../../submodule
ok 48 - blame appropriately marked as having .adoc
ok 25 - do not bother completing already-full credential
ok 28 - commit file with mixed EOL onto LF crlf=false attr=auto
ok 17 - test --no-include refs clears included refs
ok 29 - commit file with mixed EOL onto CLRF attr=auto aeol= crlf=false
ok 164 - test_submodule_relative_url: ../ ../foo/bar ../submodule => ../../foo/submodule
ok 49 - blame *.adoc SYNOPSIS has dashed labels
ok 30 - commit file with mixed EOL onto CRLF_mix_LF attr=auto aeol= crlf=false
ok 221 - non-existent file in subdir a/ ignored with --no-index
ok 18 - test --exclude takes precedence over --include
ok 31 - commit file with mixed EOL onto LF_mix_cr attr=auto aeol= crlf=false 
ok 14 - no bogus intermediate values during delete
ok 165 - test_submodule_relative_url: ../ ../foo/submodule ../submodule => ../../foo/submodule
ok 36 - delayed checkout omits progress on non-tty (pathspec checkout)
ok 37 # skip delayed checkout omits progress with --quiet (pathspec checkout) (missing TTY)
ok 32 - commit file with mixed EOL onto CRLF_nul attr=auto aeol= crlf=false
ok 38 # skip delayed checkout honors --[no]-progress (pathspec checkout) (missing TTY)
ok 166 - test_submodule_relative_url: ../ ./foo ../submodule => ../submodule
ok 39 # skip delayed checkout shows progress by default on tty (branch checkout) (missing TTY)
ok 167 - test_submodule_relative_url: ../ ./foo/bar ../submodule => ../foo/submodule
ok 222 - non-existent file in subdir a/ ignored with --no-index -q
ok 19 - see if up-to-date packed refs are preserved
ok 15 - helper (cache) erases all matching credentials
ok 168 - test_submodule_relative_url: ../../../ ../foo/bar ../sub/a/b/c => ../../../../foo/sub/a/b/c
not ok 50 - blame -h output and SYNOPSIS agree # TODO known breakage
ok 2 - lock files should be ignored
ok 223 - non-existent file in subdir a/ ignored with --no-index --quiet
ok 26 - empty helper list falls back to internal getpass
ok 1 - pack-refs does not crash with -h
ok 40 - delayed checkout omits progress on non-tty (branch checkout)
ok 169 - test_submodule_relative_url: ../ /home/haritha/code/bazel-7.2.0/git_255_iconv_translit_3waymerge/gitport/git/t/trash directory.t0060-path-utils/addtest ../repo => /home/haritha/code/bazel-7.2.0/git_255_iconv_translit_3waymerge/gitport/git/t/trash directory.t0060-path-utils/repo
ok 41 # skip delayed checkout omits progress with --quiet (branch checkout) (missing TTY)
ok 42 # skip delayed checkout honors --[no]-progress (branch checkout) (missing TTY)
ok 51 - branch -h output has no \t
ok 224 - non-existent file in subdir a/ ignored with --no-index -v
ok 170 - test_submodule_relative_url: ../ foo/bar ../submodule => ../foo/submodule
ok 52 - branch -h output has dashed labels
ok 7 - missing reflog object alone fails fsck, even with extension set
ok 2 - init: creates basic reftable structures
ok 33 - setup commit file with mixed EOL
ok 15 - helper (store) erases all matching credentials
ok 20 - pack, prune and repack
ok 53 - branch -h output has consistent spacing
ok 171 - test_submodule_relative_url: ../ foo ../submodule => ../submodule
ok 225 - non-existent file in subdir a/ ignored with --no-index -v -n
ok 34 - commit file with mixed EOL onto LF crlf=true attr=auto
ok 27 - internal getpass does not ask for known username
ok 172 - test_submodule_relative_url: (null) ../foo/bar ../sub/a/b/c => ../foo/sub/a/b/c
ok 35 - commit file with mixed EOL onto CLRF attr=auto aeol= crlf=true
ok 54 - branch appropriately marked as having .adoc
ok 15 - delete fails cleanly if packed-refs file is locked
ok 3 - init: sha256 object format via environment variable
ok 226 - non-existent file in subdir a/ ignored with --no-index -v --non-matching
ok 36 - commit file with mixed EOL onto CRLF_mix_LF attr=auto aeol= crlf=true
ok 173 - test_submodule_relative_url: (null) ../foo/bar ../sub/a/b/c/ => ../foo/sub/a/b/c
ok 3 - bare lock files should not be ignored
ok 55 - branch *.adoc SYNOPSIS has dashed labels
ok 37 - commit file with mixed EOL onto LF_mix_cr attr=auto aeol= crlf=true 
ok 174 - test_submodule_relative_url: (null) ../foo/bar/ ../sub/a/b/c => ../foo/sub/a/b/c
ok 227 - non-existent file in subdir a/ ignored with --no-index --verbose
ok 38 - commit file with mixed EOL onto CRLF_nul attr=auto aeol= crlf=true
ok 175 - test_submodule_relative_url: (null) ../foo/bar ../submodule => ../foo/submodule
ok 4 - init: sha256 object format via option
ok 21 - explicit ${pack_refs} with dangling packed reference
ok 228 - non-existent file in subdir a/ ignored with --no-index --verbose -n
ok 176 - test_submodule_relative_url: (null) ../foo/submodule ../submodule => ../foo/submodule
ok 16 - helper (cache) not confused by long header
ok 177 - test_submodule_relative_url: (null) ../foo ../submodule => ../submodule
ok 28 - git-credential respects core.askPass
ok 229 - non-existent file in subdir a/ ignored with --no-index --verbose --non-matching
not ok 56 - branch -h output and SYNOPSIS agree # TODO known breakage
ok 17 - helper (cache) stores password_expiry_utc
ok 16 - delete fails cleanly if packed-refs.new write fails
ok 178 - test_submodule_relative_url: (null) ./foo/bar ../submodule => foo/submodule
ok 43 - delayed checkout correctly reports the number of updated entries
ok 4 - ref name check should be adapted into fsck messages
# failed 6 among 43 test(s)
1..43
ok 57 - bugreport -h output has no \t
make[2]: [Makefile:82: t0021-conversion.sh] Error 1 (ignored)
*** t0613-reftable-write-options.sh ***
ok 21 - subtest: --run with a range
ok 179 - test_submodule_relative_url: (null) ./foo ../submodule => submodule
ok 58 - bugreport -h output has dashed labels
ok 16 - helper (store) not confused by long header
ok 17 - when xdg file does not exist, xdg file not created
ok 39 - setup commit file with mixed EOL
ok 18 - setup xdg file
ok 18 - helper (cache) gets password_expiry_utc
ok 180 - test_submodule_relative_url: (null) //somewhere else/repo ../subrepo => //somewhere else/subrepo
ok 230 - existing untracked file in subdir a/ not ignored
ok 59 - bugreport -h output has consistent spacing
ok 40 - commit file with mixed EOL onto LF crlf=input attr=auto
ok 29 - respect configured credentials
ok 181 - test_submodule_relative_url: (null) //somewhere else/repo ../../subrepo => //subrepo
1..0 # SKIP skipping reftable JGit tests; JGit is not present in PATH
ok 41 - commit file with mixed EOL onto CLRF attr=auto aeol= crlf=input
ok 5 - init: reinitializing reftable backend succeeds
ok 60 - bugreport appropriately marked as having .adoc
ok 22 - delete ref with dangling packed version
*** t0614-reftable-fsck.sh ***
ok 42 - commit file with mixed EOL onto CRLF_mix_LF attr=auto aeol= crlf=input
ok 231 - existing untracked file in subdir a/ not ignored with -q
ok 182 - test_submodule_relative_url: (null) //somewhere else/repo ../../../subrepo => /subrepo
ok 43 - commit file with mixed EOL onto LF_mix_cr attr=auto aeol= crlf=input 
ok 61 - bugreport *.adoc SYNOPSIS has dashed labels
ok 183 - test_submodule_relative_url: (null) //somewhere else/repo ../../../../subrepo => subrepo
1..0 # SKIP no web server found at ''
ok 8 - missing ref object, but promised, passes fsck
ok 232 - existing untracked file in subdir a/ not ignored with --quiet
ok 44 - commit file with mixed EOL onto CRLF_nul attr=auto aeol= crlf=input
*** t1000-read-tree-m-3way.sh ***
ok 184 - test_submodule_relative_url: (null) /home/haritha/code/bazel-7.2.0/git_255_iconv_translit_3waymerge/gitport/git/t/trash directory.t0060-path-utils/subsuper_update_r ../subsubsuper_update_r => /home/haritha/code/bazel-7.2.0/git_255_iconv_translit_3waymerge/gitport/git/t/trash directory.t0060-path-utils/subsubsuper_update_r
ok 30 - match configured credential
ok 233 - existing untracked file in subdir a/ not ignored with -v
ok 17 - setup worktree
ok 19 - helper (store) has no existing data
ok 185 - test_submodule_relative_url: (null) /home/haritha/code/bazel-7.2.0/git_255_iconv_translit_3waymerge/gitport/git/t/trash directory.t0060-path-utils/super_update_r2 ../subsuper_update_r => /home/haritha/code/bazel-7.2.0/git_255_iconv_translit_3waymerge/gitport/git/t/trash directory.t0060-path-utils/subsuper_update_r
ok 62 - bugreport -h output and SYNOPSIS agree
ok 6 - init: reinitializing files with reftable backend fails
ok 234 - existing untracked file in subdir a/ not ignored with -v -n
ok 5 - no refs directory of worktree should not cause problems
ok 20 - helper (store) stores password
ok 186 - test_submodule_relative_url: (null) /home/haritha/code/bazel-7.2.0/git_255_iconv_translit_3waymerge/gitport/git/t/trash directory.t0060-path-utils/. ../. => /home/haritha/code/bazel-7.2.0/git_255_iconv_translit_3waymerge/gitport/git/t/trash directory.t0060-path-utils/.
ok 235 - existing untracked file in subdir a/ not ignored with -v --non-matching
ok 63 - bundle -h output has no \t
ok 23 - delete ref while another dangling packed ref
ok 18 - for_each_reflog()
ok 45 - setup commit NNO files
ok 64 - bundle -h output has dashed labels
ok 187 - test_submodule_relative_url: (null) /home/haritha/code/bazel-7.2.0/git_255_iconv_translit_3waymerge/gitport/git/t/trash directory.t0060-path-utils ./. => /home/haritha/code/bazel-7.2.0/git_255_iconv_translit_3waymerge/gitport/git/t/trash directory.t0060-path-utils/.
ok 236 - existing untracked file in subdir a/ not ignored with --verbose
ok 46 - commit NNO files crlf=false attr= LF
ok 21 - helper (store) can retrieve password
ok 24 - pack ref directly below refs/
ok 47 - commit NNO files attr= aeol= crlf=false CRLF
ok 65 - bundle -h output has consistent spacing
ok 237 - existing untracked file in subdir a/ not ignored with --verbose -n
ok 48 - commit NNO files attr= aeol= crlf=false CRLF_mix_LF
ok 31 - do not match configured credential
ok 188 - test_submodule_relative_url: (null) /home/haritha/code/bazel-7.2.0/git_255_iconv_translit_3waymerge/gitport/git/t/trash directory.t0060-path-utils/addtest ../repo => /home/haritha/code/bazel-7.2.0/git_255_iconv_translit_3waymerge/gitport/git/t/trash directory.t0060-path-utils/repo
ok 7 - init: reinitializing reftable with files backend fails
ok 25 - do not pack ref in refs/bisect
ok 49 - commit NNO files attr= aeol= crlf=false LF_mix_cr
ok 66 - bundle appropriately marked as having .adoc
ok 238 - existing untracked file in subdir a/ not ignored with --verbose --non-matching
ok 19 - parsing reverse reflogs at BUFSIZ boundaries
ok 189 - test_submodule_relative_url: (null) /home/haritha/code/bazel-7.2.0/git_255_iconv_translit_3waymerge/gitport/git/t/trash directory.t0060-path-utils ./å äö => /home/haritha/code/bazel-7.2.0/git_255_iconv_translit_3waymerge/gitport/git/t/trash directory.t0060-path-utils/å äö
ok 26 - disable reflogs
ok 50 - commit NNO files attr= aeol= crlf=false CRLF_nul
ok 8 - init: honors --shared=umask with umask 002
ok 19 - helper (cache) overwrites when password_expiry_utc changes
ok 67 - bundle *.adoc SYNOPSIS has dashed labels
ok 190 - test_submodule_relative_url: (null) /home/haritha/code/bazel-7.2.0/git_255_iconv_translit_3waymerge/gitport/git/t/trash directory.t0060-path-utils/. ../submodule => /home/haritha/code/bazel-7.2.0/git_255_iconv_translit_3waymerge/gitport/git/t/trash directory.t0060-path-utils/submodule
ok 239 - existing untracked file in subdir a/ not ignored with --no-index
ok 27 - create packed foo/bar/baz branch
ok 191 - test_submodule_relative_url: (null) /home/haritha/code/bazel-7.2.0/git_255_iconv_translit_3waymerge/gitport/git/t/trash directory.t0060-path-utils/submodule ../submodule => /home/haritha/code/bazel-7.2.0/git_255_iconv_translit_3waymerge/gitport/git/t/trash directory.t0060-path-utils/submodule
ok 20 - helper (cache) stores oauth_refresh_token
ok 22 - helper (store) requires matching protocol
ok 20 - reflog expire operates on symref not referrent
ok 192 - test_submodule_relative_url: (null) /home/haritha/code/bazel-7.2.0/git_255_iconv_translit_3waymerge/gitport/git/t/trash directory.t0060-path-utils/home2/../remote ../bundle1 => /home/haritha/code/bazel-7.2.0/git_255_iconv_translit_3waymerge/gitport/git/t/trash directory.t0060-path-utils/home2/../bundle1
ok 28 - notice d/f conflict with existing directory
ok 19 - merge maintains cache-tree
ok 240 - existing untracked file in subdir a/ not ignored with --no-index -q
ok 21 - helper (cache) gets oauth_refresh_token
ok 68 - bundle -h output and SYNOPSIS agree
ok 29 - existing directory reports concrete ref
ok 241 - existing untracked file in subdir a/ not ignored with --no-index --quiet
ok 51 - setup commit NNO files
ok 193 - test_submodule_relative_url: (null) /home/haritha/code/bazel-7.2.0/git_255_iconv_translit_3waymerge/gitport/git/t/trash directory.t0060-path-utils/submodule_update_repo ./. => /home/haritha/code/bazel-7.2.0/git_255_iconv_translit_3waymerge/gitport/git/t/trash directory.t0060-path-utils/submodule_update_repo/.
ok 32 - match multiple configured helpers
ok 22 - helper (cache) stores authtype and credential
ok 9 - pack-refs: honors --shared=umask with umask 002
ok 52 - commit NNO files crlf=true attr= LF
ok 30 - notice d/f conflict with existing ref
ok 69 - cat-file -h output has no \t
ok 242 - existing untracked file in subdir a/ not ignored with --no-index -v
ok 194 - test_submodule_relative_url: (null) file:///tmp/repo ../subrepo => file:///tmp/subrepo
ok 53 - commit NNO files attr= aeol= crlf=true CRLF
ok 70 - cat-file -h output has dashed labels
ok 195 - test_submodule_relative_url: (null) foo/bar ../submodule => foo/submodule
ok 54 - commit NNO files attr= aeol= crlf=true CRLF_mix_LF
ok 243 - existing untracked file in subdir a/ not ignored with --no-index -v -n
ok 10 - init: honors --shared=umask with umask 022
ok 31 - reject packed-refs with unterminated line
ok 21 - empty reflog
ok 23 - helper (cache) gets authtype and credential
ok 71 - cat-file -h output has consistent spacing
ok 55 - commit NNO files attr= aeol= crlf=true LF_mix_cr
ok 196 - test_submodule_relative_url: (null) foo ../submodule => submodule
ok 244 - existing untracked file in subdir a/ not ignored with --no-index -v --non-matching
ok 56 - commit NNO files attr= aeol= crlf=true CRLF_nul
ok 72 - cat-file appropriately marked as having .adoc
ok 197 - test_submodule_relative_url: (null) helper:://hostname/repo ../subrepo => helper:://hostname/subrepo
ok 23 - helper (store) requires matching host
ok 32 - reject packed-refs containing junk
ok 22 - ref resolution not confused by broken symlinks
ok 245 - existing untracked file in subdir a/ not ignored with --no-index --verbose
ok 73 - cat-file *.adoc SYNOPSIS has dashed labels
ok 198 - test_submodule_relative_url: (null) helper:://hostname/repo ../../subrepo => helper:://subrepo
ok 33 - reject packed-refs with a short SHA-1
ok 199 - test_submodule_relative_url: (null) helper:://hostname/repo ../../../subrepo => helper::/subrepo
ok 246 - existing untracked file in subdir a/ not ignored with --no-index --verbose -n
ok 23 - log diagnoses bogus HEAD hash
ok 200 - test_submodule_relative_url: (null) helper:://hostname/repo ../../../../subrepo => helper::subrepo
ok 247 - existing untracked file in subdir a/ not ignored with --no-index --verbose --non-matching
ok 33 - match multiple configured helpers with URLs
ok 24 - helper (store) requires matching username
ok 201 - test_submodule_relative_url: (null) helper:://hostname/repo ../../../../../subrepo => helper:subrepo
ok 24 - helper (cache) gets authtype and credential only if request has authtype capability
ok 74 - cat-file -h output and SYNOPSIS agree
ok 57 - setup commit NNO files
ok 11 - pack-refs: honors --shared=umask with umask 022
ok 1 - adding test file NN and Z/NN
ok 1 - default write options
ok 202 - test_submodule_relative_url: (null) helper:://hostname/repo ../../../../../../subrepo => .:subrepo
ok 34 - timeout if packed-refs.lock exists
ok 58 - commit NNO files crlf=input attr= LF
ok 6 - ref name check should work for multiple worktrees
ok 59 - commit NNO files attr= aeol= crlf=input CRLF
ok 60 - commit NNO files attr= aeol= crlf=input CRLF_mix_LF
ok 61 - commit NNO files attr= aeol= crlf=input LF_mix_cr
ok 248 - existing tracked file in subdir a/ not ignored
ok 22 - subtest: --run with two ranges
ok 62 - commit NNO files attr= aeol= crlf=input CRLF_nul
ok 34 - match percent-encoded values
ok 203 - test_submodule_relative_url: (null) ssh://hostname/repo ../subrepo => ssh://hostname/subrepo
ok 24 - log diagnoses bogus HEAD symref
ok 2 - adding test file ND and Z/ND
ok 25 - helper (cache) stores authtype and credential with username
ok 75 - check-attr -h output has no \t
ok 12 - init: honors --shared=umask with umask 027
ok 76 - check-attr -h output has dashed labels
ok 35 - retry acquiring packed-refs.lock
ok 204 - test_submodule_relative_url: (null) ssh://hostname/repo ../../subrepo => ssh://subrepo
ok 77 - check-attr -h output has consistent spacing
ok 20 - partial commit gives cache-tree
ok 249 - existing tracked file in subdir a/ not ignored with -q
ok 205 - test_submodule_relative_url: (null) ssh://hostname/repo ../../../subrepo => ssh:/subrepo
ok 78 - check-attr appropriately marked as having .adoc
ok 26 - helper (cache) gets authtype and credential with username
ok 79 - check-attr *.adoc SYNOPSIS has dashed labels
ok 250 - existing tracked file in subdir a/ not ignored with --quiet
ok 3 - adding test file NM and Z/NM
ok 206 - test_submodule_relative_url: (null) ssh://hostname/repo ../../../../subrepo => ssh:subrepo
ok 251 - existing tracked file in subdir a/ not ignored with -v
ok 21 - no phantom error when switching trees
ok 4 - adding test file DN and Z/DN
ok 207 - test_submodule_relative_url: (null) ssh://hostname/repo ../../../../../subrepo => .:subrepo
ok 63 - setup commit NNO files
ok 252 - existing tracked file in subdir a/ not ignored with -v -n
ok 80 - check-attr -h output and SYNOPSIS agree
ok 25 - empty directory removal
ok 64 - commit NNO files crlf=false attr=auto LF
ok 27 - helper (cache) does not get authtype and credential with different username
ok 65 - commit NNO files attr=auto aeol= crlf=false CRLF
ok 208 - test_submodule_relative_url: (null) ssh://hostname:22/repo ../subrepo => ssh://hostname:22/subrepo
ok 253 - existing tracked file in subdir a/ not ignored with -v --non-matching
ok 81 - check-ignore -h output has no \t
ok 66 - commit NNO files attr=auto aeol= crlf=false CRLF_mix_LF
ok 82 - check-ignore -h output has dashed labels
ok 13 - pack-refs: honors --shared=umask with umask 027
ok 67 - commit NNO files attr=auto aeol= crlf=false LF_mix_cr
ok 83 - check-ignore -h output has consistent spacing
ok 254 - existing tracked file in subdir a/ not ignored with --verbose
ok 68 - commit NNO files attr=auto aeol= crlf=false CRLF_nul
ok 5 - adding test file DD and Z/DD
ok 25 - helper (store) requires matching path
ok 35 - match percent-encoded UTF-8 values in path
ok 209 - test_submodule_relative_url: (null) user@host:path/to/repo ../subrepo => user@host:path/to/subrepo
ok 9 - missing object, but promised, passes fsck
ok 84 - check-ignore appropriately marked as having .adoc
ok 255 - existing tracked file in subdir a/ not ignored with --verbose -n
ok 36 - pack symlinked packed-refs
ok 14 - init: honors --shared=group with umask 002
ok 2 - disabled reflog writes no log blocks
ok 6 - adding test file DM and Z/DM
ok 22 - switching trees does not invalidate shared index
ok 210 - test_submodule_relative_url: (null) user@host:repo ../subrepo => user@host:subrepo
ok 256 - existing tracked file in subdir a/ not ignored with --verbose --non-matching
ok 85 - check-ignore *.adoc SYNOPSIS has dashed labels
ok 211 - test_submodule_relative_url: (null) user@host:repo ../../subrepo => .:subrepo
ok 7 - adding test file MN and Z/MN
ok 26 - symref empty directory removal
ok 36 - match percent-encoded values in username
ok 212 - match .gitmodules
ok 213 - match .gitattributes
ok 257 - existing tracked file in subdir a/ shown as ignored with --no-index
ok 86 - check-ignore -h output and SYNOPSIS agree
ok 214 - match .gitignore
ok 8 - adding test file MD and Z/MD
ok 69 - setup commit NNO files
ok 215 - match .mailmap
ok 216 # skip is_valid_path() on Windows (missing MINGW)
ok 27 - directory not created deleting packed ref
ok 258 - existing tracked file in subdir a/ shown as ignored with --no-index -q
ok 87 - check-mailmap -h output has no \t
ok 70 - commit NNO files crlf=true attr=auto LF
ok 15 - pack-refs: honors --shared=group with umask 002
ok 23 - cache-tree is used by write-tree when valid
ok 88 - check-mailmap -h output has dashed labels
ok 28 - helper (cache) does not store ephemeral authtype and credential
ok 9 - adding test file MM and Z/MM
ok 71 - commit NNO files attr=auto aeol= crlf=true CRLF
# passed all 23 test(s)
1..23
ok 10 - adding test file SS
ok 89 - check-mailmap -h output has consistent spacing
ok 259 - existing tracked file in subdir a/ shown as ignored with --no-index --quiet
ok 37 - match percent-encoded values in hostname
*** t1001-read-tree-m-2way.sh ***
ok 72 - commit NNO files attr=auto aeol= crlf=true CRLF_mix_LF
ok 16 - init: honors --shared=group with umask 022
ok 11 - adding test file TT
ok 217 - setup runtime prefix
ok 73 - commit NNO files attr=auto aeol= crlf=true LF_mix_cr
ok 90 - check-mailmap appropriately marked as having .adoc
ok 28 - git branch -m u v should fail when the reflog for u is a symlink
ok 12 - prepare initial tree
ok 3 - many refs results in multiple blocks
ok 260 - existing tracked file in subdir a/ shown as ignored with --no-index -v
ok 1 - no errors reported on a well formed repository
ok 74 - commit NNO files attr=auto aeol= crlf=true CRLF_nul
ok 91 - check-mailmap *.adoc SYNOPSIS has dashed labels
ok 13 - change in branch A (removal)
ok 261 - existing tracked file in subdir a/ shown as ignored with --no-index -v -n
ok 14 - change in branch A (modification)
ok 218 - RUNTIME_PREFIX works
ok 26 - helper (store) overwrites on store
ok 15 - change in branch A (modification)
ok 262 - existing tracked file in subdir a/ shown as ignored with --no-index -v --non-matching
ok 10 - missing CLI object, but promised, passes fsck
ok 16 - change in branch A (modification)
ok 219 - %(prefix)/ works
ok 38 - fetch with multiple path components
# passed all 219 test(s)
1..219
ok 29 - helper (cache) does not store ephemeral username and password
ok 92 - check-mailmap -h output and SYNOPSIS agree
ok 263 - existing tracked file in subdir a/ shown as ignored with --no-index --verbose
*** t1002-read-tree-m-u-2way.sh ***
ok 23 - subtest: --run with a left open range
ok 17 - change in branch A (modification)
ok 4 - tiny block size leads to error
ok 30 - socket defaults to ~/.cache/git/credential/socket
ok 75 - setup commit NNO files
ok 18 - change in branch A (modification)
ok 264 - existing tracked file in subdir a/ shown as ignored with --no-index --verbose -n
ok 17 - pack-refs: honors --shared=group with umask 022
ok 2 - table name foo-bar-e4d12d59.ref should be checked
ok 93 - check-ref-format -h output has no \t
ok 76 - commit NNO files crlf=input attr=auto LF
ok 19 - change in branch A (modification)
ok 37 - refs/worktree must not be packed
ok 94 - check-ref-format -h output has dashed labels
ok 77 - commit NNO files attr=auto aeol= crlf=input CRLF
ok 95 - check-ref-format -h output has consistent spacing
ok 20 - change in branch A (addition)
ok 265 - existing tracked file in subdir a/ shown as ignored with --no-index --verbose --non-matching
ok 78 - commit NNO files attr=auto aeol= crlf=input CRLF_mix_LF
ok 21 - change in branch A (addition)
ok 18 - init: honors --shared=group with umask 027
ok 96 - check-ref-format appropriately marked as having .adoc
ok 39 - pull username from config
ok 79 - commit NNO files attr=auto aeol= crlf=input LF_mix_cr
ok 22 - change in branch A (addition)
ok 29 - git branch -m with symlinked .git/refs
ok 23 - change in branch A (addition)
ok 80 - commit NNO files attr=auto aeol= crlf=input CRLF_nul
ok 97 - check-ref-format *.adoc SYNOPSIS has dashed labels
ok 30 # skip rebase when .git/logs is a symlink (missing SYMLINKS_WINDOWS,MINGW of MINGW,SYMLINKS_WINDOWS)
ok 266 - existing untracked file in subdir a/ ignored
ok 24 - change in branch A (addition)
ok 27 - helper (store) can forget host
ok 3 - table name 0x00000000zzzz-0x00000000zzzz-e4d12d59.ref should be checked
ok 31 - helper (cache) has no existing data
ok 38 - create packed-refs file with broken ref
ok 7 - regular ref content should be checked (individual)
ok 31 - git reflog expire honors core.sharedRepository
ok 25 - change in branch A (edit)
ok 267 - existing untracked file in subdir a/ ignored with -q
not ok 98 - check-ref-format -h output and SYNOPSIS agree # TODO known breakage
ok 39 - ${pack_refs} does not silently delete broken packed ref
ok 26 - change in branch A (change file to directory)
ok 19 - pack-refs: honors --shared=group with umask 027
ok 32 - helper (cache) stores password
ok 27 - recording branch A tree
ok 268 - existing untracked file in subdir a/ ignored with --quiet
ok 81 - setup commit NNO files
ok 99 - checkout -h output has no \t
ok 40 - ${pack_refs} does not drop broken refs during deletion
ok 40 - honors username from URL over helper (URL)
ok 100 - checkout -h output has dashed labels
ok 82 - commit NNO files crlf=true attr=-text LF
ok 20 - init: honors --shared=world with umask 002
ok 33 - helper (cache) can retrieve password
ok 269 - existing untracked file in subdir a/ ignored with -v
ok 5 - small block size leads to multiple ref blocks
ok 101 - checkout -h output has consistent spacing
ok 28 - reading original tree and checking out
ok 83 - commit NNO files attr=-text aeol= crlf=true CRLF
ok 4 - table name 0x000000000001-0x000000000002-e4d12d59.abc should be checked
ok 84 - commit NNO files attr=-text aeol= crlf=true CRLF_mix_LF
ok 102 - checkout appropriately marked as having .adoc
ok 29 - change in branch B (removal)
ok 270 - existing untracked file in subdir a/ ignored with -v -n
ok 85 - commit NNO files attr=-text aeol= crlf=true LF_mix_cr
ok 30 - change in branch B (modification)
ok 86 - commit NNO files attr=-text aeol= crlf=true CRLF_nul
ok 103 - checkout *.adoc SYNOPSIS has dashed labels
ok 28 - helper (store) can store multiple users
ok 271 - existing untracked file in subdir a/ ignored with -v --non-matching
ok 31 - change in branch B (modification)
ok 32 - symref transaction supports symlinks
ok 11 - fetching of missing objects
ok 32 - change in branch B (modification)
ok 8 - regular ref content should be checked (aggregate)
ok 272 - existing untracked file in subdir a/ ignored with --verbose
ok 33 - change in branch B (modification)
ok 41 - git pack-refs --all --auto does not repack below 16 refs without packed-refs
ok 34 - change in branch B (modification)
ok 21 - pack-refs: honors --shared=world with umask 002
ok 273 - existing untracked file in subdir a/ ignored with --verbose -n
ok 41 - honors username from URL over helper (components)
ok 34 - helper (cache) requires matching protocol
not ok 104 - checkout -h output and SYNOPSIS agree # TODO known breakage
ok 35 - change in branch B (modification)
ok 5 - table name 0x000000000001-0x000000000002-e4d12d59.refabc should be checked
ok 36 - change in branch B (addition)
ok 6 - small block size fails with large reflog message
ok 274 - existing untracked file in subdir a/ ignored with --verbose --non-matching
ok 22 - init: honors --shared=world with umask 022
ok 105 - checkout--worker -h output has no \t
ok 87 - setup commit NNO files
ok 106 - checkout--worker -h output has dashed labels
ok 37 - change in branch B (addition)
ok 88 - commit NNO files crlf=true attr=-text LF
ok 107 - checkout--worker -h output has consistent spacing
ok 29 - helper (store) does not erase a password distinct from input
ok 89 - commit NNO files attr=-text aeol=lf crlf=true CRLF
ok 108 - checkout--worker appropriately marked as not having .adoc
ok 33 - symref transaction supports false symlink config
ok 38 - change in branch B (addition)
ok 90 - commit NNO files attr=-text aeol=lf crlf=true CRLF_mix_LF
ok 109 # skip checkout--worker *.adoc SYNOPSIS has dashed labels (missing BUILTIN_ADOC_CHECKOUT__WORKER)
# passed all 33 test(s)
1..33
ok 275 - existing untracked file in subdir a/ ignored with --no-index
ok 110 # skip checkout--worker -h output and SYNOPSIS agree (missing BUILTIN_ADOC_CHECKOUT__WORKER)
ok 39 - change in branch B (addition)
ok 91 - commit NNO files attr=-text aeol=lf crlf=true LF_mix_cr
*** t1003-read-tree-prefix.sh ***
ok 92 - commit NNO files attr=-text aeol=lf crlf=true CRLF_nul
ok 111 - checkout-index -h output has no \t
ok 40 - change in branch B (addition and modification)
ok 112 - checkout-index -h output has dashed labels
ok 276 - existing untracked file in subdir a/ ignored with --no-index -q
ok 35 - helper (cache) requires matching host
ok 1 - setup
ok 23 - pack-refs: honors --shared=world with umask 022
ok 113 - checkout-index -h output has consistent spacing
ok 42 - git pack-refs --all --auto does not repack below 16 refs with small packed-refs
ok 41 - change in branch B (modification)
ok 12 - fetching of a promised object that promisor remote no longer has
ok 277 - existing untracked file in subdir a/ ignored with --no-index --quiet
ok 114 - checkout-index appropriately marked as having .adoc
ok 24 - subtest: --run with a right open range
ok 42 - change in branch B (addition of a file to conflict with directory)
ok 42 - last matching username wins
ok 24 - init: honors --shared=world with umask 027
ok 115 - checkout-index *.adoc SYNOPSIS has dashed labels
ok 30 - helper (store) can forget user
ok 43 - recording branch B tree
ok 278 - existing untracked file in subdir a/ ignored with --no-index -v
ok 93 - setup commit NNO files
ok 36 - helper (cache) requires matching username
ok 94 - commit NNO files crlf=true attr=-text LF
ok 279 - existing untracked file in subdir a/ ignored with --no-index -v -n
ok 95 - commit NNO files attr=-text aeol=crlf crlf=true CRLF
ok 31 - helper (store) remembers other user
ok 96 - commit NNO files attr=-text aeol=crlf crlf=true CRLF_mix_LF
not ok 116 - checkout-index -h output and SYNOPSIS agree # TODO known breakage
ok 1 - setup
ok 97 - commit NNO files attr=-text aeol=crlf crlf=true LF_mix_cr
ok 7 - block size exceeding maximum supported size
ok 280 - existing untracked file in subdir a/ ignored with --no-index -v --non-matching
ok 98 - commit NNO files attr=-text aeol=crlf crlf=true CRLF_nul
ok 2 - 1, 2, 3 - no carry forward
ok 117 - cherry -h output has no \t
ok 281 - existing untracked file in subdir a/ ignored with --no-index --verbose
ok 118 - cherry -h output has dashed labels
ok 6 - worktree stacks can be verified
ok 13 - fetching of missing objects works with ref-in-want enabled
ok 119 - cherry -h output has consistent spacing
ok 25 - pack-refs: honors --shared=world with umask 027
ok 32 - helper (store) can store empty username
ok 120 - cherry appropriately marked as having .adoc
ok 121 - cherry *.adoc SYNOPSIS has dashed labels
ok 282 - existing untracked file in subdir a/ ignored with --no-index --verbose -n
ok 44 - keep contents of 3 trees for easy access
ok 283 - existing untracked file in subdir a/ ignored with --no-index --verbose --non-matching
ok 9 - textual symref content should be checked (individual)
ok 99 - setup commit NNO files
ok 43 - http paths can be part of context
ok 100 - commit NNO files crlf=true attr= LF
ok 122 - cherry -h output and SYNOPSIS agree
ok 101 - commit NNO files attr= aeol=lf crlf=true CRLF
ok 102 - commit NNO files attr= aeol=lf crlf=true CRLF_mix_LF
ok 7 - invalid symref gets reported
ok 8 - restart interval at every single record
ok 123 - cherry-pick -h output has no \t
ok 103 - commit NNO files attr= aeol=lf crlf=true LF_mix_cr
# passed all 7 test(s)
1..7
ok 124 - cherry-pick -h output has dashed labels
ok 284 - mix of file types in subdir a/
*** t1004-read-tree-m-u-wf.sh ***
ok 104 - commit NNO files attr= aeol=lf crlf=true CRLF_nul
ok 43 - git pack-refs --all --auto scales with size of packed-refs
ok 37 - helper (cache) requires matching path
ok 125 - cherry-pick -h output has consistent spacing
ok 26 - clone: can clone reftable repository
ok 126 - cherry-pick appropriately marked as having .adoc
ok 285 - mix of file types in subdir a/ with -v
ok 45 - 3-way merge with git read-tree -m, empty cache
ok 127 - cherry-pick *.adoc SYNOPSIS has dashed labels
ok 10 - textual symref content should be checked (aggregate)
ok 286 - mix of file types in subdir a/ with -v -n
ok 44 - context uses urlmatch
ok 1 - setup
ok 3 - 4 - carry forward local addition.
ok 287 - mix of file types in subdir a/ with -v --non-matching
ok 2 - read-tree --prefix
ok 105 - setup commit NNO files
ok 128 - cherry-pick -h output and SYNOPSIS agree
ok 288 - mix of file types in subdir a/ with --verbose
ok 9 - restart interval exceeding maximum supported interval
ok 44 - git maintenance run --task=pack-refs --auto does not repack below 16 refs without packed-refs
ok 106 - commit NNO files crlf=true attr= LF
ok 45 - helpers can abort the process
ok 107 - commit NNO files attr= aeol=crlf crlf=true CRLF
ok 25 - subtest: --run with basic negation
ok 289 - mix of file types in subdir a/ with --verbose -n
ok 33 - helper (store) erases all matching credentials
ok 2 - 1, 2, 3 - no carry forward
ok 108 - commit NNO files attr= aeol=crlf crlf=true CRLF_mix_LF
ok 129 - clean -h output has no \t
ok 109 - commit NNO files attr= aeol=crlf crlf=true LF_mix_cr
ok 290 - mix of file types in subdir a/ with --verbose --non-matching
ok 130 - clean -h output has dashed labels
ok 110 - commit NNO files attr= aeol=crlf crlf=true CRLF_nul
ok 131 - clean -h output has consistent spacing
ok 132 - clean appropriately marked as having .adoc
ok 3 - read-tree --prefix with leading slash exits with error
ok 133 - clean *.adoc SYNOPSIS has dashed labels
# passed all 3 test(s)
1..3
ok 46 - 3-way merge with git read-tree -m, match H
ok 27 - clone: can clone reffiles into reftable repository
ok 291 - mix of file types in subdir a/ with --no-index
*** t1005-read-tree-reset.sh ***
ok 46 - empty helper spec resets helper list
ok 47 - url parser rejects embedded newlines
ok 111 - setup commit NNO files
ok 292 - mix of file types in subdir a/ with --no-index -v
ok 4 - 5 - carry forward local addition.
ok 112 - commit NNO files crlf=true attr=auto LF
ok 38 - helper (cache) overwrites on store
ok 14 - fetching from another promisor remote
ok 45 - git maintenance run --task=pack-refs --auto does not repack below 16 refs with small packed-refs
ok 134 - clean -h output and SYNOPSIS agree
ok 113 - commit NNO files attr=auto aeol=lf crlf=true CRLF
ok 11 - the target of the textual symref should be checked
ok 293 - mix of file types in subdir a/ with --no-index -v -n
ok 47 - 1 - must not have an entry not in A.
ok 114 - commit NNO files attr=auto aeol=lf crlf=true CRLF_mix_LF
ok 10 - object index gets written by default with ref index
ok 115 - commit NNO files attr=auto aeol=lf crlf=true LF_mix_cr
ok 116 - commit NNO files attr=auto aeol=lf crlf=true CRLF_nul
ok 135 - clone -h output has no \t
ok 294 - mix of file types in subdir a/ with --no-index -v --non-matching
ok 136 - clone -h output has dashed labels
ok 34 - helper (store) not confused by long header
ok 35 - when xdg file exists, home file not created
ok 137 - clone -h output has consistent spacing
ok 36 - setup custom xdg file
ok 295 - mix of file types in subdir a/ with --no-index --verbose
ok 138 - clone appropriately marked as having .adoc
ok 48 - url parser rejects embedded carriage returns
ok 139 - clone *.adoc SYNOPSIS has dashed labels
ok 48 - 2 - must match B in !O && !A && B case.
ok 296 - mix of file types in subdir a/ with --no-index --verbose -n
ok 117 - setup commit NNO files
ok 28 - clone: can clone reftable into reffiles repository
ok 297 - mix of file types in subdir a/ with --no-index --verbose --non-matching
ok 3 - 4 - carry forward local addition.
ok 49 - host-less URLs are parsed as empty host
ok 118 - commit NNO files crlf=true attr=auto LF
ok 5 - 6 - local addition already has the same.
ok 119 - commit NNO files attr=auto aeol=crlf crlf=true CRLF
ok 39 - helper (cache) can forget host
ok 298 - sub-directory local ignore
ok 120 - commit NNO files attr=auto aeol=crlf crlf=true CRLF_mix_LF
not ok 140 - clone -h output and SYNOPSIS agree # TODO known breakage
ok 37 - helper (store) has no existing data
ok 46 - git maintenance run --task=pack-refs --auto scales with size of packed-refs
ok 50 - credential system refuses to work with missing host
ok 49 - 2 - matching B alone is OK in !O && !A && B case.
ok 121 - commit NNO files attr=auto aeol=crlf crlf=true LF_mix_cr
ok 1 - two-way setup
ok 122 - commit NNO files attr=auto aeol=crlf crlf=true CRLF_nul
ok 299 - sub-directory local ignore with --verbose
ok 51 - credential system refuses to work with missing protocol
ok 141 - column -h output has no \t
ok 11 - object index can be disabled
ok 38 - helper (store) stores password
ok 142 - column -h output has dashed labels
# passed all 11 test(s)
1..11
ok 300 - local ignore inside a sub-directory
ok 143 - column -h output has consistent spacing
*** t1006-cat-file.sh ***
ok 2 - two-way not clobbering
ok 39 - helper (store) can retrieve password
ok 12 - symlink symref content should be checked
ok 144 - column appropriately marked as having .adoc
ok 29 - ref transaction: corrupted tables cause failure
ok 301 - local ignore inside a sub-directory with --verbose
ok 15 - fetching with --filter configures a promisor remote
ok 145 - column *.adoc SYNOPSIS has dashed labels
ok 3 - two-way with incorrect --exclude-per-directory (1)
ok 302 - nested include of negated pattern
ok 50 - 3 - must match A in !O && A && !B case.
ok 123 - setup commit NNO files
ok 26 - subtest: --run with two negations
ok 47 - pack-refs does not store invalid peeled tag value
ok 52 - url parser handles bare query marker
# passed all 47 test(s)
1..47
ok 6 - 7 - local addition already has the same.
ok 303 - nested include of negated pattern with -q
ok 124 - commit NNO files crlf=true attr=text LF
*** t1007-hash-object.sh ***
ok 40 - helper (cache) can store multiple users
ok 30 - ref transaction: corrupted tables.list cause failure
ok 125 - commit NNO files attr=text aeol=lf crlf=true CRLF
ok 4 - two-way with incorrect --exclude-per-directory (2)
not ok 146 - column -h output and SYNOPSIS agree # TODO known breakage
ok 126 - commit NNO files attr=text aeol=lf crlf=true CRLF_mix_LF
ok 304 - nested include of negated pattern with -v
ok 127 - commit NNO files attr=text aeol=lf crlf=true LF_mix_cr
ok 40 - helper (store) requires matching protocol
ok 147 - commit -h output has no \t
ok 305 - nested include of negated pattern with -v -n
ok 128 - commit NNO files attr=text aeol=lf crlf=true CRLF_nul
ok 51 - 3 - matching A alone is OK in !O && A && !B case.
ok 148 - commit -h output has dashed labels
ok 53 - url parser handles bare fragment marker
ok 31 - ref transaction: refuses to write ref causing F/D conflict
ok 149 - commit -h output has consistent spacing
ok 7 - 8 - conflicting addition.
ok 5 - two-way clobbering a ignored file
ok 150 - commit appropriately marked as having .adoc
ok 41 - helper (cache) does not erase a password distinct from input
ok 306 - ignored sub-directory
ok 1 - setup
ok 151 - commit *.adoc SYNOPSIS has dashed labels
ok 52 - 3 (fail) - must match A in !O && A && !B case.
ok 129 - setup commit NNO files
ok 32 - ref transaction: deleting ref with invalid name fails
ok 41 - helper (store) requires matching host
ok 307 - ignored sub-directory with -q
ok 54 - url parser not confused by encoded markers
ok 130 - commit NNO files crlf=true attr=text LF
ok 131 - commit NNO files attr=text aeol=crlf crlf=true CRLF
ok 308 - ignored sub-directory with --quiet
ok 4 - 5 - carry forward local addition.
ok 8 - 9 - conflicting addition.
ok 132 - commit NNO files attr=text aeol=crlf crlf=true CRLF_mix_LF
ok 152 - commit -h output and SYNOPSIS agree
ok 33 - ref transaction: can skip object ID verification
ok 133 - commit NNO files attr=text aeol=crlf crlf=true LF_mix_cr
ok 42 - helper (cache) can forget user
ok 309 - ignored sub-directory with -v
ok 2 - reset should work
ok 42 - helper (store) requires matching username
ok 134 - commit NNO files attr=text aeol=crlf crlf=true CRLF_nul
ok 153 - commit-graph -h output has no \t
ok 53 - 4 - must match and be up-to-date in !O && A && B && A!=B case.
ok 310 - ignored sub-directory with -v -n
ok 154 - commit-graph -h output has dashed labels
ok 6 - three-way not complaining on an untracked path in both
ok 16 - fetching of missing blobs works
ok 43 - helper (cache) remembers other user
ok 155 - commit-graph -h output has consistent spacing
ok 311 - ignored sub-directory with -v --non-matching
ok 34 - ref transaction: updating same ref multiple times fails
ok 156 - commit-graph appropriately marked as having .adoc
ok 1 - usage: cmdmode -e -p
ok 312 - ignored sub-directory with --verbose
ok 157 - commit-graph *.adoc SYNOPSIS has dashed labels
ok 9 - 10 - path removed.
ok 7 - three-way not clobbering a working tree file
ok 135 - setup commit NNO files
ok 54 - 4 (fail) - must match and be up-to-date in !O && A && B && A!=B case.
ok 2 - usage: cmdmode -p -t
ok 313 - ignored sub-directory with --verbose -n
ok 35 - ref transaction: can delete symbolic self-reference with git-symbolic-ref(1)
ok 136 - commit NNO files crlf=false attr=-text LF
ok 3 - usage: cmdmode -t -s
ok 44 - helper (cache) can store empty username
ok 137 - commit NNO files attr=-text aeol= crlf=false CRLF
ok 314 - ignored sub-directory with --verbose --non-matching
ok 4 - usage: cmdmode -s --textconv
ok 138 - commit NNO files attr=-text aeol= crlf=false CRLF_mix_LF
ok 139 - commit NNO files attr=-text aeol= crlf=false LF_mix_cr
ok 158 - commit-graph -h output and SYNOPSIS agree
ok 5 - usage: cmdmode --textconv --filters
ok 315 - multiple files inside ignored sub-directory
ok 140 - commit NNO files attr=-text aeol= crlf=false CRLF_nul
ok 6 - usage: cmdmode --batch-all-objects -e
ok 36 - ref transaction: deleting symbolic self-reference without --no-deref fails
ok 159 - commit-tree -h output has no \t
ok 1 - setup
ok 160 - commit-tree -h output has dashed labels
ok 316 - multiple files inside ignored sub-directory with -v
ok 55 - 4 (fail) - must match and be up-to-date in !O && A && B && A!=B case.
ok 43 - helper (store) requires matching path
ok 7 - usage: incompatible options: --path with --batch
ok 2 - multiple '--stdin's are rejected
ok 161 - commit-tree -h output has consistent spacing
ok 8 - usage: incompatible options: --path with --batch-check
ok 162 - commit-tree appropriately marked as having .adoc
ok 37 - ref transaction: deleting symbolic self-reference with --no-deref succeeds
ok 5 - 6 - local addition already has the same.
ok 9 - usage: --textconv requires another option
ok 163 - commit-tree *.adoc SYNOPSIS has dashed labels
ok 27 - subtest: --run a range and negation
ok 3 - Can't use --stdin and --stdin-paths together
ok 10 - usage: --filters requires another option
ok 4 - Can't pass filenames as arguments with --stdin-paths
ok 11 - usage: -e requires another option
ok 141 - setup commit NNO files
ok 3 - reset should remove remnants from a failed merge
ok 164 - commit-tree -h output and SYNOPSIS agree
ok 142 - commit NNO files crlf=false attr=-text LF
ok 12 - usage: incompatible options: -e and --batch
ok 5 - Can't use --path with --stdin-paths
ok 10 - 11 - dirty path removed.
ok 143 - commit NNO files attr=-text aeol=lf crlf=false CRLF
ok 144 - commit NNO files attr=-text aeol=lf crlf=false CRLF_mix_LF
ok 317 - cd to ignored sub-directory
ok 13 - usage: incompatible options: -e and --batch-check
ok 6 - Can't use --path with --no-filters
ok 145 - commit NNO files attr=-text aeol=lf crlf=false LF_mix_cr
ok 165 - config -h output has no \t
ok 166 - config -h output has dashed labels
ok 38 - ref transaction: creating symbolic ref fails with F/D conflict
ok 146 - commit NNO files attr=-text aeol=lf crlf=false CRLF_nul
ok 8 - three-way not complaining on an untracked file
ok 14 - usage: incompatible options: -e and --follow-symlinks
ok 167 - config -h output has consistent spacing
ok 318 - cd to ignored sub-directory with -v
ok 15 - usage: incompatible options: -e and --path=foo HEAD:some-path.txt
ok 7 - hash a file
ok 168 - config appropriately marked as having .adoc
ok 16 - usage: -p requires another option
ok 8 - blob does not exist in database
ok 13 - symlink symref content should be checked (worktree)
ok 17 - usage: incompatible options: -p and --batch
ok 169 - config *.adoc SYNOPSIS has dashed labels
ok 45 - helper (cache) erases all matching credentials
ok 18 - usage: incompatible options: -p and --batch-check
ok 56 - 5 - must match in !O && A && B && A==B case.
ok 9 - hash from stdin
ok 319 - symlink
ok 11 - 12 - unmatching local changes being removed.
ok 10 - blob does not exist in database
ok 19 - usage: incompatible options: -p and --follow-symlinks
ok 147 - setup commit NNO files
ok 9 - 3-way not overwriting local changes (setup)
ok 170 - config -h output and SYNOPSIS agree
ok 11 - hash a file and write to database
ok 320 - symlink with -q
ok 148 - commit NNO files crlf=false attr=-text LF
ok 20 - usage: incompatible options: -p and --path=foo HEAD:some-path.txt
ok 149 - commit NNO files attr=-text aeol=crlf crlf=false CRLF
ok 44 - helper (store) overwrites on store
ok 321 - symlink with --quiet
ok 150 - commit NNO files attr=-text aeol=crlf crlf=false CRLF_mix_LF
ok 21 - usage: -t requires another option
ok 17 - fetching of missing trees does not fetch blobs
ok 12 - blob exists in database
ok 171 - count-objects -h output has no \t
ok 151 - commit NNO files attr=-text aeol=crlf crlf=false LF_mix_cr
ok 22 - usage: incompatible options: -t and --batch
ok 172 - count-objects -h output has dashed labels
ok 322 - symlink with -v
ok 152 - commit NNO files attr=-text aeol=crlf crlf=false CRLF_nul
ok 23 - usage: incompatible options: -t and --batch-check
ok 173 - count-objects -h output has consistent spacing
ok 57 - 5 - must match in !O && A && B && A==B case.
ok 24 - usage: incompatible options: -t and --follow-symlinks
ok 323 - symlink with -v -n
ok 174 - count-objects appropriately marked as having .adoc
ok 6 - 7 - local addition already has the same.
ok 39 - ref transaction: ref deletion
ok 25 - usage: incompatible options: -t and --path=foo HEAD:some-path.txt
ok 12 - 13 - unmatching local changes being removed.
not ok 10 - 3-way not overwriting local changes (our side)
ok 46 - helper (cache) not confused by long header
ok 324 - symlink with -v --non-matching
ok 175 - count-objects *.adoc SYNOPSIS has dashed labels
#	
#	
#		# At this point, file1 from side-a should be kept as side-b
#		# did not touch it.
#	
#		git reset --hard &&
#	
#		echo >>file1 "local changes" &&
#		read_tree_u_must_succeed -m -u branch-point side-a side-b &&
#		grep "new line to be kept" file1 &&
#		grep "local changes" file1
#	
#	
ok 13 - git hash-object --stdin file1 <file0 first operates on file0, then file1
ok 47 - use custom XDG_CACHE_HOME if set and default sockets are not created
ok 26 - usage: -s requires another option
ok 27 - usage: incompatible options: -s and --batch
ok 4 - two-way reset should remove remnants too
ok 325 - symlink with --verbose
ok 58 - 5 (fail) - must match A in !O && A && B && A==B case.
ok 28 - usage: incompatible options: -s and --batch-check
ok 153 - setup commit NNO files
ok 45 - helper (store) can forget host
ok 29 - usage: incompatible options: -s and --follow-symlinks
not ok 14 - set up crlf tests
ok 176 - count-objects -h output and SYNOPSIS agree
ok 326 - symlink with --verbose -n
#	
#		echo fooQ | tr Q "\\015" >file0 &&
#		cp file0 file1 &&
#		echo "file0 -crlf" >.gitattributes &&
#		echo "file1 crlf" >>.gitattributes &&
#		git config core.autocrlf true &&
#		file0_sha=$(git hash-object file0) &&
#		file1_sha=$(git hash-object file1) &&
#		test "$file0_sha" != "$file1_sha"
#	
ok 154 - commit NNO files crlf=false attr= LF
ok 30 - usage: incompatible options: -s and --path=foo HEAD:some-path.txt
not ok 15 - check that appropriate filter is invoke when --path is used
ok 155 - commit NNO files attr= aeol=lf crlf=false CRLF
ok 48 - credential-cache --socket option overrides default location
#	
#		path1_sha=$(git hash-object --path=file1 file0) &&
#		path0_sha=$(git hash-object --path=file0 file1) &&
#		test "$file0_sha" = "$path0_sha" &&
#		test "$file1_sha" = "$path1_sha" &&
#		path1_sha=$(git hash-object --path=file1 --stdin <file0) &&
#		path0_sha=$(git hash-object --path=file0 --stdin <file1) &&
#		test "$file0_sha" = "$path0_sha" &&
#		test "$file1_sha" = "$path1_sha"
#	
ok 156 - commit NNO files attr= aeol=lf crlf=false CRLF_mix_LF
ok 157 - commit NNO files attr= aeol=lf crlf=false LF_mix_cr
ok 327 - symlink with --verbose --non-matching
ok 31 - usage: too many arguments: -e one two three
ok 177 - credential -h output has no \t
ok 28 - subtest: --run range negation
ok 40 - ref transaction: writes cause auto-compaction
ok 178 - credential -h output has dashed labels
ok 158 - commit NNO files attr= aeol=lf crlf=false CRLF_nul
ok 32 - usage: incompatible arguments: -e with batch option --buffer
ok 179 - credential -h output has consistent spacing
not ok 16 - gitattributes also work in a subdirectory
#	
#		mkdir subdir &&
#		(
#			cd subdir &&
#			subdir_sha0=$(git hash-object ../file0) &&
#			subdir_sha1=$(git hash-object ../file1) &&
#			test "$file0_sha" = "$subdir_sha0" &&
#			test "$file1_sha" = "$subdir_sha1"
#		)
#	
ok 59 - 6 - must not exist in O && !A && !B case
not ok 11 - 3-way not overwriting local changes (their side)
not ok 17 - --path works in a subdirectory
ok 33 - usage: incompatible arguments: -e with batch option --follow-symlinks
ok 180 - credential appropriately marked as having .adoc
#	
#	
#		# At this point, file2 from side-b should be taken as side-a
#		# did not touch it.
#	
#		git reset --hard &&
#	
#		echo >>file2 "local changes" &&
#		read_tree_u_must_fail -m -u branch-point side-a side-b &&
#		! grep "new line to be kept" file2 &&
#		grep "local changes" file2
#	
#	
#	
#		(
#			cd subdir &&
#			path1_sha=$(git hash-object --path=../file1 ../file0) &&
#			path0_sha=$(git hash-object --path=../file0 ../file1) &&
#			test "$file0_sha" = "$path0_sha" &&
#			test "$file1_sha" = "$path1_sha"
#		)
#	
ok 7 - 8 - conflicting addition.
ok 328 - beyond a symlink
ok 181 - credential *.adoc SYNOPSIS has dashed labels
ok 34 - usage: too many arguments: -p one two three
ok 49 - use custom XDG_CACHE_HOME even if xdg socket exists
ok 35 - usage: incompatible arguments: -p with batch option --buffer
ok 329 - beyond a symlink with -q
ok 36 - usage: incompatible arguments: -p with batch option --follow-symlinks
ok 46 - helper (store) can store multiple users
not ok 182 - credential -h output and SYNOPSIS agree # TODO known breakage
ok 37 - usage: too many arguments: -t one two three
ok 330 - beyond a symlink with --quiet
ok 60 - 7 - must not exist in O && !A && B && O!=B case
ok 38 - usage: incompatible arguments: -t with batch option --buffer
ok 159 - setup commit NNO files
ok 183 - credential-cache -h output has no \t
ok 5 - Porcelain reset should remove remnants too
ok 160 - commit NNO files crlf=false attr= LF
ok 184 - credential-cache -h output has dashed labels
ok 50 - use user socket if user directory exists
ok 331 - beyond a symlink with -v
ok 39 - usage: incompatible arguments: -t with batch option --follow-symlinks
ok 185 - credential-cache -h output has consistent spacing
ok 161 - commit NNO files attr= aeol=crlf crlf=false CRLF
ok 13 - 14 - unchanged in two heads.
ok 40 - usage: too many arguments: -s one two three
ok 162 - commit NNO files attr= aeol=crlf crlf=false CRLF_mix_LF
ok 186 - credential-cache appropriately marked as having .adoc
ok 163 - commit NNO files attr= aeol=crlf crlf=false LF_mix_cr
ok 41 - usage: incompatible arguments: -s with batch option --buffer
ok 18 - check that --no-filters option works
ok 187 - credential-cache *.adoc SYNOPSIS has dashed labels
ok 332 - beyond a symlink with -v -n
ok 164 - commit NNO files attr= aeol=crlf crlf=false CRLF_nul
ok 42 - usage: incompatible arguments: -s with batch option --follow-symlinks
ok 14 - ref content checks should work with worktrees
ok 18 - rev-list stops traversal at missing and promised commit
ok 61 - 8 - must not exist in O && !A && B && O==B case
ok 19 - check that --no-filters option works with --stdin-paths
ok 47 - helper (store) does not erase a password distinct from input
ok 43 - usage: too many arguments: --textconv one two three
ok 333 - beyond a symlink with -v --non-matching
ok 51 - use user socket if user directory is a symlink to a directory
ok 20 - hash from stdin and write to database (-w --stdin)
ok 334 - beyond a symlink with --verbose
not ok 188 - credential-cache -h output and SYNOPSIS agree # TODO known breakage
ok 21 - blob exists in database
ok 335 - beyond a symlink with --verbose -n
ok 189 - credential-cache--daemon -h output has no \t
ok 190 - credential-cache--daemon -h output has dashed labels
ok 191 - credential-cache--daemon -h output has consistent spacing
ok 336 - beyond a symlink with --verbose --non-matching
ok 41 - ref transaction: env var disables compaction
ok 192 - credential-cache--daemon appropriately marked as having .adoc
ok 22 - hash from stdin and write to database (--stdin -w)
ok 44 - usage: incompatible arguments: --textconv with batch option --buffer
ok 45 - usage: incompatible arguments: --textconv with batch option --follow-symlinks
ok 193 - credential-cache--daemon *.adoc SYNOPSIS has dashed labels
ok 23 - blob exists in database
ok 48 - helper (store) can forget user
ok 46 - usage: too many arguments: --filters one two three
ok 6 - Porcelain checkout -f should remove remnants too
ok 24 - hash two files with names on stdin
ok 47 - usage: incompatible arguments: --filters with batch option --buffer
ok 194 - credential-cache--daemon -h output and SYNOPSIS agree
ok 165 - setup commit NNO files
ok 49 - helper (store) remembers other user
ok 48 - usage: incompatible arguments: --filters with batch option --follow-symlinks
ok 166 - commit NNO files crlf=false attr=auto LF
ok 167 - commit NNO files attr=auto aeol=lf crlf=false CRLF
ok 12 - funny symlink in work tree
ok 168 - commit NNO files attr=auto aeol=lf crlf=false CRLF_mix_LF
ok 195 - credential-store -h output has no \t
ok 169 - commit NNO files attr=auto aeol=lf crlf=false LF_mix_cr
ok 196 - credential-store -h output has dashed labels
ok 29 - subtest: --run include, exclude and include
ok 49 - usage: bad option combination: --buffer without batch mode
ok 170 - commit NNO files attr=auto aeol=lf crlf=false CRLF_nul
ok 197 - credential-store -h output has consistent spacing
ok 14 - 15 - unchanged in two heads.
ok 8 - 9 - conflicting addition.
ok 337 - beyond a symlink from subdirectory
ok 198 - credential-store appropriately marked as having .adoc
ok 15 - the filetype of packed-refs should be checked
ok 25 - hash two files with names on stdin and write to database (-w --stdin-paths)
ok 50 - helper (store) can store empty username
ok 199 - credential-store *.adoc SYNOPSIS has dashed labels
ok 26 - blob exists in database
ok 50 - usage: bad option combination: --follow-symlinks without batch mode
ok 27 - blob exists in database
ok 52 - helper (cache --timeout=1) times out
ok 338 - beyond a symlink from subdirectory with -q
ok 62 - 9 - must match and be up-to-date in O && A && !B && O!=A case
ok 13 - funny symlink in work tree, un-unlink-able
not ok 200 - credential-store -h output and SYNOPSIS agree # TODO known breakage
ok 51 - usage: bad option combination: --batch-all-objects without batch mode
# passed all 52 test(s)
1..52
ok 15 - 16 - conflicting local change.
*** t1008-read-tree-overlay.sh ***
ok 339 - beyond a symlink from subdirectory with --quiet
ok 171 - setup commit NNO files
ok 28 - hash two files with names on stdin and write to database (--stdin-paths -w)
ok 201 - describe -h output has no \t
ok 172 - commit NNO files crlf=false attr=auto LF
ok 7 - Porcelain checkout -f HEAD should remove remnants too
ok 16 - empty packed-refs should be reported
ok 52 - usage: bad option combination: -z without batch mode
ok 202 - describe -h output has dashed labels
ok 340 - beyond a symlink from subdirectory with -v
# passed all 7 test(s)
1..7
ok 173 - commit NNO files attr=auto aeol=crlf crlf=false CRLF
ok 29 - blob exists in database
ok 203 - describe -h output has consistent spacing
*** t1009-read-tree-new-index.sh ***
ok 174 - commit NNO files attr=auto aeol=crlf crlf=false CRLF_mix_LF
ok 30 - blob exists in database
ok 204 - describe appropriately marked as having .adoc
ok 175 - commit NNO files attr=auto aeol=crlf crlf=false LF_mix_cr
ok 341 - beyond a symlink from subdirectory with -v -n
ok 176 - commit NNO files attr=auto aeol=crlf crlf=false CRLF_nul
ok 53 - usage: bad option combination: -Z without batch mode
ok 31 - too-short tree
ok 14 - D/F setup
ok 205 - describe *.adoc SYNOPSIS has dashed labels
ok 63 - 9 (fail) - must match and be up-to-date in O && A && !B && O!=A case
ok 342 - beyond a symlink from subdirectory with -v --non-matching
ok 16 - 17 - conflicting local change.
ok 42 - ref transaction: alternating table sizes are compacted
ok 32 - malformed mode in tree
ok 343 - beyond a symlink from subdirectory with --verbose
ok 206 - describe -h output and SYNOPSIS agree
ok 51 - helper (store) erases all matching credentials
ok 54 - setup part 1
ok 177 - setup commit NNO files
ok 9 - 10 - path removed.
ok 344 - beyond a symlink from subdirectory with --verbose -n
ok 64 - 9 (fail) - must match and be up-to-date in O && A && !B && O!=A case
ok 178 - commit NNO files crlf=false attr=text LF
ok 207 - diagnose -h output has no \t
ok 208 - diagnose -h output has dashed labels
ok 55 # skip compat setup (missing RUST)
ok 179 - commit NNO files attr=text aeol=lf crlf=false CRLF
ok 180 - commit NNO files attr=text aeol=lf crlf=false CRLF_mix_LF
ok 33 - empty filename in tree
ok 209 - diagnose -h output has consistent spacing
ok 345 - beyond a symlink from subdirectory with --verbose --non-matching
ok 181 - commit NNO files attr=text aeol=lf crlf=false LF_mix_cr
ok 19 - missing tree objects with --missing=allow-promisor and --exclude-promisor-objects
ok 56 - setup part 2
ok 17 - packed-refs header should be checked
ok 55 - credential config with partial URLs
ok 43 - ref transaction: writes are synced
ok 182 - commit NNO files attr=text aeol=lf crlf=false CRLF_nul
ok 210 - diagnose appropriately marked as having .adoc
ok 15 - D/F
ok 57 - blob exists
ok 17 - 18 - local change already having a good result.
ok 211 - diagnose *.adoc SYNOPSIS has dashed labels
ok 346 - submodule
ok 58 - Type of blob is correct
ok 34 - duplicate filename in tree
ok 65 - 10 - must match and be up-to-date in O && A && !B && O==A case
ok 59 - Size of blob is correct
ok 35 - corrupt commit
ok 36 - corrupt tag
ok 60 - Content of blob is correct
ok 347 - submodule with -q
ok 10 - 11 - dirty path removed.
ok 37 - hash-object complains about bogus type name
ok 52 - helper (store) not confused by long header
ok 53 - if custom xdg file exists, home and xdg files not created
ok 61 - Pretty content of blob is correct
ok 212 - diagnose -h output and SYNOPSIS agree
ok 56 - interactive prompt is sanitized
# passed all 56 test(s)
1..56
ok 38 - hash-object complains about truncated type name
ok 183 - setup commit NNO files
*** t1010-mktree.sh ***
ok 18 - packed-refs missing header should not be reported
ok 44 - ref transaction: empty transaction in empty repo
ok 62 - --batch output of blob is correct
ok 348 - submodule with --quiet
ok 39 - --literally complains about non-standard types
ok 184 - commit NNO files crlf=false attr=text LF
ok 213 - diff -h output has no \t
ok 66 - 10 (fail) - must match and be up-to-date in O && A && !B && O==A case
ok 54 - get: use home file if both home and xdg files have matches
ok 214 - diff -h output has dashed labels
ok 185 - commit NNO files attr=text aeol=crlf crlf=false CRLF
ok 63 - --batch-check output of blob is correct
ok 349 - submodule with -v
ok 215 - diff -h output has consistent spacing
ok 186 - commit NNO files attr=text aeol=crlf crlf=false CRLF_mix_LF
ok 40 - --stdin outside of repository (uses default hash)
ok 187 - commit NNO files attr=text aeol=crlf crlf=false LF_mix_cr
ok 64 - --batch-command --buffer output of blob content is correct
# failed 4 among 40 test(s)
1..40
make[2]: [Makefile:82: t1007-hash-object.sh] Error 1 (ignored)
*** t1011-read-tree-sparse-checkout.sh ***
ok 216 - diff appropriately marked as having .adoc
ok 350 - submodule with -v -n
ok 188 - commit NNO files attr=text aeol=crlf crlf=false CRLF_nul
ok 55 - get: use xdg file if home file has no matches
ok 20 - missing non-root tree object and rev-list
ok 217 - diff *.adoc SYNOPSIS has dashed labels
ok 65 - --batch-command --buffer output of blob info is correct
ok 30 - subtest: --run include, exclude and include, comma separated
ok 18 - 19 - local change already having a good result, further modified.
ok 351 - submodule with -v --non-matching
ok 67 - 10 (fail) - must match and be up-to-date in O && A && !B && O==A case
ok 19 - packed-refs unknown traits should not be reported
ok 1 - setup
ok 66 - --batch-command --no-buffer output of blob content is correct
ok 352 - submodule with --verbose
ok 2 - non-existent index file
ok 67 - --batch-command --no-buffer output of blob info is correct
ok 11 - 12 - unmatching local changes being removed.
ok 3 - empty index file
ok 218 - diff -h output and SYNOPSIS agree
ok 16 - D/F resolve
ok 68 - custom --batch-check format
ok 189 - setup commit NNO files
# passed all 3 test(s)
1..3
ok 353 - submodule with --verbose -n
ok 56 - get: use xdg file if home file is unreadable
*** t1012-read-tree-df.sh ***
ok 190 - commit NNO files crlf=input attr=-text LF
ok 1 - setup
ok 69 - custom --batch-command format
ok 191 - commit NNO files attr=-text aeol= crlf=input CRLF
ok 219 - diff-files -h output has no \t
ok 354 - submodule with --verbose --non-matching
ok 17 - D/F recursive
ok 192 - commit NNO files attr=-text aeol= crlf=input CRLF_mix_LF
ok 220 - diff-files -h output has dashed labels
# failed 2 among 17 test(s)
1..17
make[2]: [Makefile:82: t1004-read-tree-m-u-wf.sh] Error 1 (ignored)
ok 70 - --batch-check with %(rest)
ok 193 - commit NNO files attr=-text aeol= crlf=input LF_mix_cr
ok 57 - store: if both xdg and home files exist, only store in home file
*** t1013-read-tree-submodule.sh ***
ok 68 - 11 - must match and be up-to-date in O && A && B && O!=A && O!=B && A!=B case
ok 221 - diff-files -h output has consistent spacing
ok 194 - commit NNO files attr=-text aeol= crlf=input CRLF_nul
ok 71 - --batch-check with %(objectmode)
ok 222 - diff-files appropriately marked as having .adoc
ok 355 - submodule from subdirectory
ok 58 - erase: erase matching credentials from both xdg and home files
ok 72 - --batch without type (blob)
ok 2 - multi-read
ok 223 - diff-files *.adoc SYNOPSIS has dashed labels
# passed all 2 test(s)
1..2
ok 19 - 20 - no local change, use new tree.
ok 73 - --batch without size (blob)
*** t1014-read-tree-confusing.sh ***
ok 12 - 13 - unmatching local changes being removed.
ok 69 - 11 (fail) - must match and be up-to-date in O && A && B && O!=A && O!=B && A!=B case
ok 74 - --batch-command --buffer with flush for blob info
ok 356 - submodule from subdirectory with -q
ok 195 - setup commit NNO files
ok 224 - diff-files -h output and SYNOPSIS agree
ok 75 - --batch-command --buffer without flush for blob info
ok 196 - commit NNO files crlf=input attr=-text LF
ok 357 - submodule from subdirectory with --quiet
ok 197 - commit NNO files attr=-text aeol=lf crlf=input CRLF
ok 198 - commit NNO files attr=-text aeol=lf crlf=input CRLF_mix_LF
ok 59 - get: ignore credentials without scheme as invalid
ok 225 - diff-index -h output has no \t
ok 20 - packed-refs content should be checked
ok 226 - diff-index -h output has dashed labels
ok 199 - commit NNO files attr=-text aeol=lf crlf=input LF_mix_cr
ok 358 - submodule from subdirectory with -v
ok 76 - --batch-check without %(rest) considers whole line
ok 70 - 11 (fail) - must match and be up-to-date in O && A && B && O!=A && O!=B && A!=B case
ok 227 - diff-index -h output has consistent spacing
ok 200 - commit NNO files attr=-text aeol=lf crlf=input CRLF_nul
ok 20 - 21 - no local change, dirty cache.
ok 228 - diff-index appropriately marked as having .adoc
ok 359 - submodule from subdirectory with -v -n
ok 77 - tree exists
ok 229 - diff-index *.adoc SYNOPSIS has dashed labels
ok 360 - submodule from subdirectory with -v --non-matching
ok 78 - Type of tree is correct
ok 21 - rev-list stops traversal at missing and promised tree
ok 79 - Size of tree is correct
ok 361 - submodule from subdirectory with --verbose
ok 80 - Pretty content of tree is correct
ok 60 - get: ignore credentials without valid host/path as invalid
ok 201 - setup commit NNO files
ok 71 - 12 - must match A in O && A && B && O!=A && A==B case
ok 230 - diff-index -h output and SYNOPSIS agree
ok 202 - commit NNO files crlf=input attr=-text LF
ok 81 - --batch-check output of tree is correct
ok 203 - commit NNO files attr=-text aeol=crlf crlf=input CRLF
ok 362 - submodule from subdirectory with --verbose -n
ok 21 - 22 - local change cache updated.
ok 204 - commit NNO files attr=-text aeol=crlf crlf=input CRLF_mix_LF
ok 231 - diff-pairs -h output has no \t
ok 45 - ref transaction: fails gracefully when auto compaction fails
ok 82 - --batch-command --buffer output of tree info is correct
ok 232 - diff-pairs -h output has dashed labels
ok 205 - commit NNO files attr=-text aeol=crlf crlf=input LF_mix_cr
ok 233 - diff-pairs -h output has consistent spacing
ok 363 - submodule from subdirectory with --verbose --non-matching
not ok 1 - setup
ok 83 - --batch-command --no-buffer output of tree info is correct
ok 206 - commit NNO files attr=-text aeol=crlf crlf=input CRLF_nul
#	
#		test_commit init &&
#		echo modified >>init.t &&
#	
#		cat >expected <<-EOF &&
#		100644 $(git hash-object init.t) 0	init.t
#		100644 $EMPTY_BLOB 0	sub/added
#		100644 $EMPTY_BLOB 0	sub/addedtoo
#		100644 $EMPTY_BLOB 0	subsub/added
#		EOF
#		cat >expected.swt <<-\EOF &&
#		H init.t
#		H sub/added
#		H sub/addedtoo
#		H subsub/added
#		EOF
#	
#		mkdir sub subsub &&
#		touch sub/added sub/addedtoo subsub/added &&
#		git add init.t sub/added sub/addedtoo subsub/added &&
#		git commit -m "modified and added" &&
#		git tag top &&
#		git rm sub/added &&
#		git commit -m removed &&
#		git tag removed &&
#		git checkout top &&
#		git ls-files --stage >result &&
#		test_cmp expected result
#	
ok 234 - diff-pairs appropriately marked as having .adoc
ok 61 - get: ignore credentials without username/password as invalid
ok 84 - custom --batch-check format
ok 235 - diff-pairs *.adoc SYNOPSIS has dashed labels
ok 364 - global ignore not yet enabled
ok 31 - subtest: --run exclude and include
ok 72 - 12 - must match A in O && A && B && O!=A && A==B case
ok 13 - 14 - unchanged in two heads.
not ok 2 - read-tree without .git/info/sparse-checkout
ok 85 - custom --batch-command format
#	
#		read_tree_u_must_succeed -m -u HEAD &&
#		git ls-files --stage >result &&
#		test_cmp expected result &&
#		git ls-files -t >result &&
#		test_cmp expected.swt result
#	
ok 46 - ref transaction: timeout acquiring tables.list lock
ok 86 - --batch-check with %(rest)
ok 236 - diff-pairs -h output and SYNOPSIS agree
not ok 3 - read-tree with .git/info/sparse-checkout but disabled
ok 365 - global ignore
ok 22 - DF vs DF/DF case setup.
ok 87 - --batch-check with %(objectmode)
#	
#		mkdir .git/info &&
#		echo >.git/info/sparse-checkout &&
#		read_tree_u_must_succeed -m -u HEAD &&
#		git ls-files -t >result &&
#		test_cmp expected.swt result &&
#		test_path_is_file init.t &&
#		test_path_is_file sub/added
#	
ok 237 - diff-tree -h output has no \t
ok 238 - diff-tree -h output has dashed labels
ok 207 - setup commit NNO files
ok 88 - blob exists
ok 208 - commit NNO files crlf=input attr= LF
ok 239 - diff-tree -h output has consistent spacing
ok 22 - rev-list stops traversal at missing and promised blob
ok 21 - packed-ref with sorted trait should be checked
ok 209 - commit NNO files attr= aeol=lf crlf=input CRLF
ok 89 - Type of blob is correct
ok 62 - get: credentials with DOS line endings are invalid
ok 73 - 12 (fail) - must match A in O && A && B && O!=A && A==B case
ok 240 - diff-tree appropriately marked as having .adoc
ok 210 - commit NNO files attr= aeol=lf crlf=input CRLF_mix_LF
ok 366 - global ignore with -v
not ok 4 - read-tree --no-sparse-checkout with empty .git/info/sparse-checkout and enabled
ok 90 - Size of blob is correct
ok 211 - commit NNO files attr= aeol=lf crlf=input LF_mix_cr
#	
#		git config core.sparsecheckout true &&
#		echo >.git/info/sparse-checkout &&
#		read_tree_u_must_succeed --no-sparse-checkout -m -u HEAD &&
#		git ls-files -t >result &&
#		test_cmp expected.swt result &&
#		test_path_is_file init.t &&
#		test_path_is_file sub/added
#	
ok 241 - diff-tree *.adoc SYNOPSIS has dashed labels
ok 1 - create base tree
ok 63 - get: credentials with path and DOS line endings are valid
ok 212 - commit NNO files attr= aeol=lf crlf=input CRLF_nul
ok 91 - Pretty content of blob is correct
ok 2 - enable core.protectHFS for rejection tests
ok 47 - ref transaction: retry acquiring tables.list lock
ok 3 - enable core.protectNTFS for rejection tests
ok 92 - --batch-check output of blob is correct
ok 242 - diff-tree -h output and SYNOPSIS agree
ok 1 - setup
ok 23 - DF vs DF/DF case test.
ok 367 - --stdin
not ok 5 - read-tree with empty .git/info/sparse-checkout
ok 4 - reject . at end of path
ok 93 - --batch-command --buffer output of blob info is correct
#	
#		git config core.sparsecheckout true &&
#		echo >.git/info/sparse-checkout &&
#		read_tree_u_must_succeed -m -u HEAD &&
#		git ls-files --stage >result &&
#		test_cmp expected result &&
#		git ls-files -t >result &&
#		cat >expected.swt <<-\EOF &&
#		S init.t
#		S sub/added
#		S sub/addedtoo
#		S subsub/added
#		EOF
#		test_cmp expected.swt result &&
#		test_path_is_missing init.t &&
#		test_path_is_missing sub/added
#	
ok 2 - ls-tree piped to mktree (1)
ok 243 - difftool -h output has no \t
ok 368 - --stdin -q
ok 3 - ls-tree piped to mktree (2)
ok 94 - --batch-command --no-buffer output of blob info is correct
ok 244 - difftool -h output has dashed labels
ok 5 - reject . as subtree
ok 245 - difftool -h output has consistent spacing
not ok 6 - match directories with trailing slash
ok 74 - 13 - must match A in O && A && B && O!=A && O==B case
ok 4 - ls-tree output in wrong order given to mktree (1)
#	
#		cat >expected.swt-noinit <<-\EOF &&
#		S init.t
#		H sub/added
#		H sub/addedtoo
#		S subsub/added
#		EOF
#	
#		echo sub/ > .git/info/sparse-checkout &&
#		read_tree_u_must_succeed -m -u HEAD &&
#		git ls-files -t > result &&
#		test_cmp expected.swt-noinit result &&
#		test_path_is_missing init.t &&
#		test_path_is_file sub/added
#	
ok 95 - custom --batch-check format
ok 369 - --stdin -v
ok 246 - difftool appropriately marked as having .adoc
ok 213 - setup commit NNO files
ok 5 - ls-tree output in wrong order given to mktree (2)
ok 214 - commit NNO files crlf=input attr= LF
ok 96 - custom --batch-command format
ok 6 - reject .. at end of path
ok 247 - difftool *.adoc SYNOPSIS has dashed labels
ok 215 - commit NNO files attr= aeol=crlf crlf=input CRLF
not ok 7 - match directories without trailing slash
ok 216 - commit NNO files attr= aeol=crlf crlf=input CRLF_mix_LF
ok 370 - --stdin -z
ok 6 - allow missing object with --missing
#	
#		echo sub >.git/info/sparse-checkout &&
#		read_tree_u_must_succeed -m -u HEAD &&
#		git ls-files -t >result &&
#		test_cmp expected.swt-noinit result &&
#		test_path_is_missing init.t &&
#		test_path_is_file sub/added
#	
ok 64 - get: credentials with DOS line endings are invalid if path is relevant
ok 97 - --batch-check with %(rest)
ok 7 - reject .. as subtree
ok 217 - commit NNO files attr= aeol=crlf crlf=input LF_mix_cr
ok 22 - packed-ref without sorted trait should not be checked
ok 218 - commit NNO files attr= aeol=crlf crlf=input CRLF_nul
ok 7 - mktree refuses to read ls-tree -r output (1)
ok 248 - difftool -h output and SYNOPSIS agree
ok 8 - reject .git at end of path
ok 14 - 15 - unchanged in two heads.
ok 98 - --batch-check with %(objectmode)
ok 24 - a/b (untracked) vs a case setup.
ok 8 - mktree refuses to read ls-tree -r output (2)
not ok 8 - match directories with negated patterns
ok 371 - --stdin -z -q
#	
#		cat >expected.swt-negation <<\EOF &&
#	S init.t
#	S sub/added
#	H sub/addedtoo
#	S subsub/added
#	EOF
#	
#		cat >.git/info/sparse-checkout <<\EOF &&
#	sub
#	!sub/added
#	EOF
#		git read-tree -m -u HEAD &&
#		git ls-files -t >result &&
#		test_cmp expected.swt-negation result &&
#		test_path_is_missing init.t &&
#		test_path_is_missing sub/added &&
#		test_path_is_file sub/addedtoo
#	
# passed all 8 test(s)
1..8
ok 65 - get: store file can contain empty/bogus lines
ok 99 - blob exists
*** t1015-read-index-unmerged.sh ***
# passed all 65 test(s)
1..65
ok 9 - reject .git as subtree
ok 249 - fast-export -h output has no \t
ok 75 - 13 - must match A in O && A && B && O!=A && O==B case
*** t1016-compatObjectFormat.sh ***
ok 372 - --stdin -z -v
ok 250 - fast-export -h output has dashed labels
ok 100 - Type of blob is correct
ok 251 - fast-export -h output has consistent spacing
not ok 9 - match directories with negated patterns (2)
#	
#		cat >expected.swt-negation2 <<\EOF &&
#	H init.t
#	H sub/added
#	S sub/addedtoo
#	H subsub/added
#	EOF
#	
#		cat >.git/info/sparse-checkout <<\EOF &&
#	/*
#	!sub
#	sub/added
#	EOF
#		git read-tree -m -u HEAD &&
#		git ls-files -t >result &&
#		test_cmp expected.swt-negation2 result &&
#		test_path_is_file init.t &&
#		test_path_is_file sub/added &&
#		test_path_is_missing sub/addedtoo
#	
ok 101 - Size of blob is correct
ok 10 - reject .GIT at end of path
ok 252 - fast-export appropriately marked as having .adoc
ok 373 - -z --stdin
ok 102 - Pretty content of blob is correct
not ok 10 - match directory pattern
ok 253 - fast-export *.adoc SYNOPSIS has dashed labels
ok 11 - reject .GIT as subtree
ok 219 - setup commit NNO files
ok 374 - -z --stdin -q
#	
#		echo "s?b" >.git/info/sparse-checkout &&
#		read_tree_u_must_succeed -m -u HEAD &&
#		git ls-files -t >result &&
#		test_cmp expected.swt-noinit result &&
#		test_path_is_missing init.t &&
#		test_path_is_file sub/added
#	
ok 220 - commit NNO files crlf=input attr=auto LF
ok 23 - rev-list stops traversal at promisor commit, tree, and blob
ok 25 - a/b (untracked) vs a, plus c/d case test.
ok 103 - --batch-check output of blob is correct
ok 12 - reject {u200c}.Git at end of path
ok 221 - commit NNO files attr=auto aeol=lf crlf=input CRLF
not ok 11 - checkout area changes
ok 375 - -z --stdin -v
ok 76 - 14 - must match and be up-to-date in O && A && B && O==A && O!=B case
ok 104 - --batch-command --buffer output of blob info is correct
ok 26 - read-tree supports the super-prefix
#	
#		cat >expected.swt-nosub <<-\EOF &&
#		H init.t
#		S sub/added
#		S sub/addedtoo
#		S subsub/added
#		EOF
#	
#		echo init.t >.git/info/sparse-checkout &&
#		read_tree_u_must_succeed -m -u HEAD &&
#		git ls-files -t >result &&
#		test_cmp expected.swt-nosub result &&
#		test_path_is_file init.t &&
#		test_path_is_missing sub/added
#	
ok 222 - commit NNO files attr=auto aeol=lf crlf=input CRLF_mix_LF
ok 15 - 16 - conflicting local change.
ok 13 - reject {u200c}.Git as subtree
ok 223 - commit NNO files attr=auto aeol=lf crlf=input LF_mix_cr
not ok 12 - read-tree updates worktree, absent case
ok 32 - subtest: --run empty selectors
ok 105 - --batch-command --no-buffer output of blob info is correct
not ok 254 - fast-export -h output and SYNOPSIS agree # TODO known breakage
#	
#		echo sub/added >.git/info/sparse-checkout &&
#		git checkout -f top &&
#		read_tree_u_must_succeed -m -u HEAD^ &&
#		test_path_is_missing init.t
#	
ok 224 - commit NNO files attr=auto aeol=lf crlf=input CRLF_nul
ok 106 - custom --batch-check format
ok 14 - reject .gI{u200c}T at end of path
not ok 13 - read-tree will not throw away dirty changes, non-sparse
ok 107 - custom --batch-command format
#	
#		echo "/*" >.git/info/sparse-checkout &&
#		read_tree_u_must_succeed -m -u HEAD &&
#	
#		echo dirty >init.t &&
#		read_tree_u_must_fail -m -u HEAD^ &&
#		test_path_is_file init.t &&
#		grep -q dirty init.t
#	
ok 255 - fast-import -h output has no \t
ok 376 - --stdin from subdirectory
ok 256 - fast-import -h output has dashed labels
ok 15 - reject .gI{u200c}T as subtree
not ok 14 - read-tree will not throw away dirty changes, sparse
ok 257 - fast-import -h output has consistent spacing
ok 77 - 14 - may match B in O && A && B && O==A && O!=B case
not ok 108 - --batch-check with %(rest) # TODO known breakage
#	
#		echo "/*" >.git/info/sparse-checkout &&
#		read_tree_u_must_succeed -m -u HEAD &&
#	
#		echo dirty >init.t &&
#		echo sub/added >.git/info/sparse-checkout &&
#		read_tree_u_must_fail -m -u HEAD^ &&
#		test_path_is_file init.t &&
#		grep -q dirty init.t
#	
not ok 15 - read-tree updates worktree, dirty case
ok 377 - --stdin from subdirectory with -v
ok 258 - fast-import appropriately marked as having .adoc
#	
#		echo sub/added >.git/info/sparse-checkout &&
#		git checkout -f top &&
#		echo dirty >init.t &&
#		read_tree_u_must_fail -m -u HEAD^ &&
#		grep -q dirty init.t &&
#		rm init.t
#	
ok 109 - --batch-check with %(objectmode)
ok 16 - reject .GiT{u200c} at end of path
ok 225 - setup commit NNO files
not ok 16 - read-tree removes worktree, dirty case
ok 27 - a/b vs a, plus c/d case setup.
#	
#		echo init.t >.git/info/sparse-checkout &&
#		git checkout -f top &&
#		echo dirty >added &&
#		read_tree_u_must_succeed -m -u HEAD^ &&
#		grep -q dirty added
#	
ok 226 - commit NNO files crlf=input attr=auto LF
ok 259 - fast-import *.adoc SYNOPSIS has dashed labels
ok 227 - commit NNO files attr=auto aeol=crlf crlf=input CRLF
not ok 17 - read-tree adds to worktree, absent case
ok 378 - --stdin from subdirectory with -v -n
ok 17 - reject .GiT{u200c} as subtree
ok 110 - commit exists
#	
#		echo init.t >.git/info/sparse-checkout &&
#		git checkout -f removed &&
#		read_tree_u_must_succeed -u -m HEAD^ &&
#		test_path_is_missing sub/added
#	
ok 228 - commit NNO files attr=auto aeol=crlf crlf=input CRLF_mix_LF
ok 16 - 17 - conflicting local change.
not ok 18 - read-tree adds to worktree, dirty case
ok 111 - Type of commit is correct
ok 229 - commit NNO files attr=auto aeol=crlf crlf=input LF_mix_cr
ok 78 - 14 (fail) - must match and be up-to-date in O && A && B && O==A && O!=B case
#	
#		echo init.t >.git/info/sparse-checkout &&
#		git checkout -f removed &&
#		mkdir sub &&
#		echo dirty >sub/added &&
#		read_tree_u_must_succeed -u -m HEAD^ &&
#		grep -q dirty sub/added
#	
ok 18 - reject git~1 at end of path
ok 230 - commit NNO files attr=auto aeol=crlf crlf=input CRLF_nul
ok 379 - --stdin -z from subdirectory
ok 48 - ref transaction: many concurrent writers
not ok 19 - index removal and worktree narrowing at the same time
ok 112 - Size of commit is correct
#	
#		echo init.t >.git/info/sparse-checkout &&
#		echo sub/added >>.git/info/sparse-checkout &&
#		git checkout -f top &&
#		echo init.t >.git/info/sparse-checkout &&
#		git checkout removed &&
#		git ls-files sub/added >result &&
#		test_path_is_missing sub/added &&
#		test_must_be_empty result
#	
not ok 260 - fast-import -h output and SYNOPSIS agree # TODO known breakage
ok 113 - Content of commit is correct
not ok 20 - read-tree --reset removes outside worktree
ok 19 - reject git~1 as subtree
ok 380 - --stdin -z from subdirectory with -v
#	
#		echo init.t >.git/info/sparse-checkout &&
#		git checkout -f top &&
#		git reset --hard removed &&
#		git ls-files sub/added >result &&
#		test_must_be_empty result
#	
ok 114 - Pretty content of commit is correct
ok 261 - fetch -h output has no \t
ok 262 - fetch -h output has dashed labels
ok 28 - a/b vs a, plus c/d case test.
not ok 21 - print warnings when some worktree updates disabled
ok 115 - --batch output of commit is correct
ok 20 - reject .git.{space} at end of path
#	
#		echo sub >.git/info/sparse-checkout &&
#		git checkout -f init &&
#		mkdir sub &&
#		touch sub/added sub/addedtoo &&
#		# Use -q to suppress "Previous HEAD position" and "Head is now at" msgs
#		git checkout -q top 2>actual &&
#		cat >expected <<\EOF &&
#	warning: The following paths were already present and thus not updated despite sparse patterns:
#		sub/added
#		sub/addedtoo
#	
#	After fixing the above paths, you may want to run `git sparse-checkout reapply`.
#	EOF
#		test_cmp expected actual
#	
ok 381 - -z --stdin from subdirectory
ok 263 - fetch -h output has consistent spacing
ok 79 - 14 (fail) - must match and be up-to-date in O && A && B && O==A && O!=B case
ok 23 - --[no-]references option should apply to fsck
ok 264 - fetch appropriately marked as having .adoc
not ok 22 - checkout without --ignore-skip-worktree-bits
ok 231 - setup commit NNO files
ok 382 - -z --stdin from subdirectory with -v
#	
#		echo "*" >.git/info/sparse-checkout &&
#		git checkout -f top &&
#		test_path_is_file init.t &&
#		echo sub >.git/info/sparse-checkout &&
#		git checkout &&
#		echo modified >> sub/added &&
#		git checkout . &&
#		test_path_is_missing init.t &&
#		git diff --exit-code HEAD
#	
ok 116 - --batch-check output of commit is correct
ok 21 - reject .git.{space} as subtree
ok 232 - commit NNO files crlf=input attr=text LF
ok 265 - fetch *.adoc SYNOPSIS has dashed labels
not ok 23 - checkout with --ignore-skip-worktree-bits
ok 233 - commit NNO files attr=text aeol=lf crlf=input CRLF
#	
#		echo "*" >.git/info/sparse-checkout &&
#		git checkout -f top &&
#		test_path_is_file init.t &&
#		echo sub >.git/info/sparse-checkout &&
#		git checkout &&
#		echo modified >> sub/added &&
#		git checkout --ignore-skip-worktree-bits . &&
#		test_path_is_file init.t &&
#		git diff --exit-code HEAD
#	
ok 24 - complains about broken root ref
ok 117 - --batch-command --buffer output of commit content is correct
1..0 # SKIP interoperability requires a Git built with Rust
# failed 23 among 23 test(s)
1..23
ok 22 - reject backslashes at end of path
make[2]: [Makefile:82: t1011-read-tree-sparse-checkout.sh] Error 1 (ignored)
ok 234 - commit NNO files attr=text aeol=lf crlf=input CRLF_mix_LF
*** t1020-subdirectory.sh ***
ok 49 - pack-refs: compacts tables
*** t1022-read-tree-partial-clone.sh ***
ok 235 - commit NNO files attr=text aeol=lf crlf=input LF_mix_cr
ok 118 - --batch-command --buffer output of commit info is correct
ok 236 - commit NNO files attr=text aeol=lf crlf=input CRLF_nul
ok 383 - streaming support for --stdin
ok 266 - fetch -h output and SYNOPSIS agree
ok 23 - reject backslashes as subtree
ok 119 - --batch-command --no-buffer output of commit content is correct
ok 267 - fetch-pack -h output has no \t
ok 268 - fetch-pack -h output has dashed labels
ok 80 - 15 - must match A in O && A && B && O==A && O==B case
ok 384 - existing file and directory
ok 120 - --batch-command --no-buffer output of commit info is correct
ok 24 - reject backslashes2 at end of path
ok 269 - fetch-pack -h output has consistent spacing
ok 121 - custom --batch-check format
ok 270 - fetch-pack appropriately marked as having .adoc
ok 385 - existing directory and file
ok 122 - custom --batch-command format
ok 25 - reject backslashes2 as subtree
ok 271 - fetch-pack *.adoc SYNOPSIS has dashed labels
ok 17 - 18 - local change already having a good result.
ok 237 - setup commit NNO files
ok 386 - exact prefix matching (with root)
ok 33 - subtest: --run substring selector
ok 238 - commit NNO files crlf=input attr=text LF
ok 50 - pack-refs: compaction raises locking errors
ok 25 - complains about broken root ref in worktree
ok 123 - --batch-check with %(rest)
ok 1 - setup modify/delete + directory/file conflict
# passed all 25 test(s)
1..25
ok 239 - commit NNO files attr=text aeol=crlf crlf=input CRLF
ok 26 - reject .git...:alternate-stream at end of path
*** t1050-large.sh ***
ok 29 - -m references the correct modified tree
ok 240 - commit NNO files attr=text aeol=crlf crlf=input CRLF_mix_LF
ok 81 - 15 - must match A in O && A && B && O==A && O==B case
ok 124 - --batch-check with %(objectmode)
ok 387 - exact prefix matching (without root)
# passed all 29 test(s)
1..29
ok 241 - commit NNO files attr=text aeol=crlf crlf=input LF_mix_cr
*** t1051-large-conversion.sh ***
not ok 272 - fetch-pack -h output and SYNOPSIS agree # TODO known breakage
ok 242 - commit NNO files attr=text aeol=crlf crlf=input CRLF_nul
ok 125 - --batch without type (commit)
ok 27 - reject .git...:alternate-stream as subtree
ok 388 - directories and ** matches
ok 126 - --batch without size (commit)
ok 389 - ** not confused by matching leading prefix
ok 273 - fmt-merge-msg -h output has no \t
ok 274 - fmt-merge-msg -h output has dashed labels
ok 2 - read-tree --reset cleans unmerged entries
ok 275 - fmt-merge-msg -h output has consistent spacing
ok 390 - trailing whitespace is ignored
ok 82 - 15 (fail) - must match A in O && A && B && O==A && O==B case
ok 276 - fmt-merge-msg appropriately marked as having .adoc
ok 243 - setup commit NNO files
ok 28 - utf-8 paths allowed with core.protectHFS off
# passed all 28 test(s)
1..28
ok 127 - tag exists
ok 244 - commit NNO files crlf=false attr=text LF
ok 391 - quoting allows trailing whitespace
ok 277 - fmt-merge-msg *.adoc SYNOPSIS has dashed labels
*** t1060-object-corruption.sh ***
ok 24 - rev-list dies for missing objects on cmd line
ok 245 - commit NNO files attr=text aeol= crlf=false CRLF
ok 128 - Type of tag is correct
ok 246 - commit NNO files attr=text aeol= crlf=false CRLF_mix_LF
ok 129 - Size of tag is correct
ok 392 - correct handling of backslashes
ok 247 - commit NNO files attr=text aeol= crlf=false LF_mix_cr
ok 248 - commit NNO files attr=text aeol= crlf=false CRLF_nul
ok 3 - One reset --hard cleans unmerged entries
ok 130 - Content of tag is correct
ok 393 - info/exclude trumps core.excludesfile
ok 394 - set up ignore file for symlink tests
ok 131 - Pretty content of tag is correct
not ok 278 - fmt-merge-msg -h output and SYNOPSIS agree # TODO known breakage
ok 132 - --batch output of tag is correct
ok 18 - 19 - local change already having a good result, further modified.
ok 83 - 16 - A matches in one and B matches in another.
ok 279 - for-each-ref -h output has no \t
ok 1 - setup
ok 1 - setup
# passed all 83 test(s)
1..83
ok 133 - --batch-check output of tag is correct
ok 280 - for-each-ref -h output has dashed labels
ok 25 - single promisor remote can be re-initialized gracefully
*** t1090-sparse-checkout-scope.sh ***
ok 395 - symlinks respected in core.excludesFile
ok 134 - --batch-command --buffer output of tag content is correct
ok 281 - for-each-ref -h output has consistent spacing
ok 249 - setup commit NNO files
ok 135 - --batch-command --buffer output of tag info is correct
ok 396 - symlinks respected in info/exclude
ok 250 - commit NNO files crlf=true attr=text LF
ok 282 - for-each-ref appropriately marked as having .adoc
ok 51 - pack-refs: auto compaction
ok 251 - commit NNO files attr=text aeol= crlf=true CRLF
ok 136 - --batch-command --no-buffer output of tag content is correct
ok 283 - for-each-ref *.adoc SYNOPSIS has dashed labels
ok 2 - update-index and ls-files
ok 252 - commit NNO files attr=text aeol= crlf=true CRLF_mix_LF
ok 397 - symlinks not respected in-tree
ok 137 - --batch-command --no-buffer output of tag info is correct
ok 253 - commit NNO files attr=text aeol= crlf=true LF_mix_cr
ok 398 # skip large exclude file ignored in tree (missing EXPENSIVE)
ok 254 - commit NNO files attr=text aeol= crlf=true CRLF_nul
ok 138 - custom --batch-check format
# passed all 398 test(s)
1..398
ok 4 - setup directory/file conflict + simple edit/edit
*** t1091-sparse-checkout-builtin.sh ***
ok 139 - custom --batch-command format
ok 284 - for-each-ref -h output and SYNOPSIS agree
ok 3 - cat-file
ok 140 - --batch-check with %(rest)
ok 34 - subtest: --run keyword selection
ok 2 - 3-way (1)
ok 285 - for-each-repo -h output has no \t
ok 286 - for-each-repo -h output has dashed labels
ok 1 - read-tree in partial clone prefetches in one batch
ok 1 - core.bigFileThreshold must be non-negative
ok 141 - --batch-check with %(objectmode)
ok 4 - diff-files
ok 287 - for-each-repo -h output has consistent spacing
# passed all 1 test(s)
1..1
*** t1092-sparse-checkout-compatibility.sh ***
ok 2 - setup
ok 255 - setup commit NNO files
ok 142 - --batch without type (tag)
ok 288 - for-each-repo appropriately marked as having .adoc
ok 1 - setup input tests
ok 256 - commit NNO files crlf=input attr=text LF
ok 5 - git merge --abort succeeds despite D/F conflict
ok 5 - write-tree
ok 257 - commit NNO files attr=text aeol= crlf=input CRLF
ok 143 - --batch without size (tag)
ok 289 - for-each-repo *.adoc SYNOPSIS has dashed labels
ok 19 - 20 - no local change, use new tree.
ok 258 - commit NNO files attr=text aeol= crlf=input CRLF_mix_LF
ok 144 - Reach a blob from a tag pointing to it
ok 6 - checkout-index
ok 259 - commit NNO files attr=text aeol= crlf=input LF_mix_cr
ok 145 - Passing -t with --batch fails
ok 260 - commit NNO files attr=text aeol= crlf=input CRLF_nul
ok 146 - Passing --batch with -t fails
ok 3 - enter "large" codepath, with small core.bigFileThreshold
ok 147 - Passing -s with --batch fails
ok 2 - autocrlf=true converts on input
ok 290 - for-each-repo -h output and SYNOPSIS agree
ok 148 - Passing --batch with -s fails
ok 4 - add with -c core.compression=0
ok 261 - commit NNO and cleanup
ok 149 - Passing -e with --batch fails
ok 3 - 3-way (2)
ok 291 - format-patch -h output has no \t
ok 292 - format-patch -h output has dashed labels
ok 150 - Passing --batch with -e fails
ok 6 - git am --skip succeeds despite D/F conflict
ok 5 - add with -c core.compression=9
ok 293 - format-patch -h output has consistent spacing
# passed all 6 test(s)
1..6
ok 151 - Passing -p with --batch fails
ok 152 - Passing --batch with -p fails
*** t1100-commit-tree-options.sh ***
ok 3 - eol=crlf converts on input
ok 294 - format-patch appropriately marked as having .adoc
ok 153 - Passing <type> with --batch fails
ok 6 - add with -c core.compression=0 -c pack.compression=0
ok 20 - 21 - no local change, dirty cache.
ok 295 - format-patch *.adoc SYNOPSIS has dashed labels
ok 154 - Passing --batch with <type> fails
ok 7 - add with -c core.compression=9 -c pack.compression=0
ok 52 - gc: auto compaction
ok 155 - Passing oid with --batch fails
ok 4 - ident converts on input
ok 1 - setup
ok 156 - Passing -t with --batch-check fails
ok 8 - add with -c core.compression=0 -c pack.compression=9
not ok 296 - format-patch -h output and SYNOPSIS agree # TODO known breakage
ok 1 - setup corrupt repo
ok 157 - Passing --batch-check with -t fails
ok 9 - add with -c core.compression=9 -c pack.compression=9
ok 26 - gc repacks promisor objects separately from non-promisor objects
ok 297 - format-rev -h output has no \t
ok 158 - Passing -s with --batch-check fails
ok 21 - DF vs DF/DF case setup.
ok 298 - format-rev -h output has dashed labels
ok 7 - read-tree
ok 2 - create feature branch
ok 159 - Passing --batch-check with -s fails
ok 299 - format-rev -h output has consistent spacing
ok 10 - add with -c pack.compression=0
ok 4 - 3-way (3)
ok 160 - Passing -e with --batch-check fails
ok 300 - format-rev appropriately marked as having .adoc
ok 161 - Passing --batch-check with -e fails
ok 3 - perform sparse checkout of main
ok 5 - user-defined filters convert on input
ok 162 - Passing -p with --batch-check fails
ok 8 - alias expansion
ok 11 - add with -c pack.compression=9
ok 35 - subtest: --run invalid range end
ok 301 - format-rev *.adoc SYNOPSIS has dashed labels
ok 4 - merge feature branch into sparse checkout of main
ok 163 - Passing --batch-check with -p fails
ok 1 - setup
ok 164 - Passing <type> with --batch-check fails
ok 2 - git sparse-checkout list (not sparse)
ok 6 - setup output tests
ok 2 - setup repo with missing object
ok 165 - Passing --batch-check with <type> fails
ok 5 - return to full checkout of main
ok 166 - Passing oid with --batch-check fails
ok 12 - add a large file or two
ok 9 - !alias expansion
ok 302 - format-rev -h output and SYNOPSIS agree
ok 3 - git sparse-checkout list (not sparse)
ok 167 - Passing -t with --batch-command fails
ok 262 - commit empty gitattribues
ok 168 - Passing --batch-command with -t fails
ok 7 - autocrlf=true converts on output
ok 4 - git sparse-checkout list (populated)
ok 169 - Passing -s with --batch-command fails
ok 13 - checkout a large file
ok 303 - fsck -h output has no \t
ok 170 - Passing --batch-command with -s fails
ok 10 - GIT_PREFIX for !alias
ok 304 - fsck -h output has dashed labels
ok 27 - gc does not repack promisor objects if there are none
ok 22 - DF vs DF/DF case test.
ok 171 - Passing -e with --batch-command fails
ok 8 - eol=crlf converts on output
# passed all 22 test(s)
1..22
ok 172 - Passing --batch-command with -e fails
*** t1300-config.sh ***
ok 305 - fsck -h output has consistent spacing
ok 5 - git sparse-checkout init
ok 173 - Passing -p with --batch-command fails
ok 306 - fsck appropriately marked as having .adoc
ok 174 - Passing --batch-command with -p fails
ok 6 - skip-worktree on files outside sparse patterns
ok 11 - GIT_PREFIX for built-ins
ok 6 - git sparse-checkout init in empty repo
ok 5 - 2-way (1)
ok 175 - Passing <type> with --batch-command fails
# passed all 5 test(s)
1..5
ok 307 - fsck *.adoc SYNOPSIS has dashed labels
ok 9 - user-defined filters convert on output
ok 176 - Passing --batch-command with <type> fails
*** t1301-shared-repo.sh ***
ok 1 - test preparation: write empty tree
ok 177 - Passing oid with --batch-command fails
ok 7 - git sparse-checkout list after init
ok 53 - maintenance run --task=pack-refs: auto compaction
ok 12 - no file/rev ambiguity check inside .git
ok 178 - Passing -t with --follow-symlinks fails
ok 3 - setup repo with misnamed object
ok 2 - construct commit
ok 10 - ident converts on output
ok 179 - Passing -s with --follow-symlinks fails
ok 8 - init with existing sparse-checkout
ok 4 - streaming a corrupt blob fails
ok 54 - pack-refs: prunes stale tables
ok 3 - read commit
ok 4 - compare commit
ok 180 - Passing -e with --follow-symlinks fails
ok 5 - getting type of a corrupt blob fails
ok 181 - Passing -p with --follow-symlinks fails
ok 308 - fsck -h output and SYNOPSIS agree
ok 13 - no file/rev ambiguity check inside a bare repo (explicit GIT_DIR)
ok 6 - read-tree -u detects bit-errors in blobs
ok 55 - pack-refs: does not prune non-table files
ok 182 - --batch-check for a non-existent named object
ok 7 - read-tree -u detects missing objects
ok 14 - packsize limit
ok 309 - fsck-objects -h output has no \t
ok 11 # skip files over 4GB convert on output (missing !LONG_IS_64BIT,EXPENSIVE of EXPENSIVE,SIZE_T_IS_64BIT,!LONG_IS_64BIT)
ok 310 - fsck-objects -h output has dashed labels
ok 183 - --batch-check for a non-existent hash
ok 14 - no file/rev ambiguity check inside a bare repo
ok 12 # skip files over 4GB convert on input (missing !LONG_IS_64BIT,EXPENSIVE of EXPENSIVE,SIZE_T_IS_64BIT,!LONG_IS_64BIT)
# passed all 12 test(s)
1..12
ok 9 - clone --sparse
ok 8 - clone --no-local --bare detects corruption
ok 184 - --batch for an existent and a non-existent hash
ok 311 - fsck-objects -h output has consistent spacing
*** t1302-repo-version.sh ***
ok 185 - --batch-check for an empty line
ok 312 - fsck-objects appropriately marked as having .adoc
ok 9 - clone --no-local --bare detects missing object
ok 15 - diff --raw
ok 5 - flags and then non flags
ok 15 - detection should not be fooled by a symlink
ok 186 - empty --batch-check notices missing object
# passed all 5 test(s)
1..5
ok 16 - diff --stat
# passed all 15 test(s)
1..15
ok 10 - switching to cone mode with non-cone mode patterns
ok 313 - fsck-objects *.adoc SYNOPSIS has dashed labels
ok 56 - packed-refs: writes are synced
*** t1303-wacky-config.sh ***
ok 10 - clone --no-local --bare detects misnamed object
*** t1304-default-acl.sh ***
ok 17 - diff
ok 187 - --batch with multiple oids gives correct format
ok 18 - diff --cached
ok 11 - clone --local detects corruption
ok 12 - error detected during checkout leaves repo intact
ok 19 - hash-object
ok 188 - --batch, -z with multiple oids gives correct format
ok 263 - commit text=auto
ok 36 - subtest: --invert-exit-code without --immediate
ok 20 - cat-file a large file
ok 13 - clone --local detects missing objects
not ok 314 - fsck-objects -h output and SYNOPSIS agree # TODO known breakage
ok 189 - --batch, -Z with multiple oids gives correct format
ok 21 - cat-file a large file from a tag
not ok 14 - clone --local detects misnamed objects # TODO known breakage
ok 22 - git-show a large file
ok 7 - in partial clone, sparse checkout only fetches needed blobs
ok 190 - --batch-check with multiple oids gives correct format
# passed all 7 test(s)
1..7
ok 315 - fsmonitor--daemon -h output has no \t
*** t1305-config-include.sh ***
ok 11 - interaction with clone --no-checkout (unborn index)
ok 316 - fsmonitor--daemon -h output has dashed labels
ok 57 - ref iterator: bogus names are flagged
ok 317 - fsmonitor--daemon -h output has consistent spacing
ok 191 - --batch-check, -z with multiple oids gives correct format
ok 15 - fetch into corrupted repo with index-pack
ok 318 - fsmonitor--daemon appropriately marked as having .adoc
ok 23 - index-pack
ok 192 - --batch-check, -Z with multiple oids gives correct format
ok 58 - ref iterator: missing object IDs are not flagged
ok 319 - fsmonitor--daemon *.adoc SYNOPSIS has dashed labels
ok 24 - repack
ok 1 - remove global config from test-lib.sh
ok 2 - setup whitespace config
ok 16 - internal tree objects are not "missing"
ok 3 - no internal whitespace
ok 12 - set enables config
ok 1 - shared = 0400 (faulty permission u-w)
ok 4 - internal whitespace
not ok 320 - fsmonitor--daemon -h output and SYNOPSIS agree # TODO known breakage
ok 193 - --batch-command with multiple info calls gives correct format
ok 13 - set sparse-checkout using builtin
ok 59 - basic: commit and list refs
ok 5 - internal and trailing whitespace
ok 321 - gc -h output has no \t
ok 2 - shared=1 does not clear bits preset by umask 002
ok 322 - gc -h output has dashed labels
ok 25 - pack-objects with large loose object
ok 26 - tar archiving
ok 60 - basic: can write large commit message
ok 323 - gc -h output has consistent spacing
ok 6 - internal and trailing whitespace, all quoted
ok 28 - repack -d does not irreversibly delete promisor objects
ok 194 - --batch-command with multiple command calls gives correct format
ok 14 - set sparse-checkout using --stdin
ok 27 - zip archiving, store only
ok 17 - partial clone of corrupted repository
ok 324 - gc appropriately marked as having .adoc
# still have 1 known breakage(s)
# passed all remaining 16 test(s)
1..17
ok 28 - zip archiving, deflate
ok 61 - basic: show-ref fails with empty repository
ok 7 - internal and more trailing whitespace
*** t1306-xdg-files.sh ***
ok 325 - gc *.adoc SYNOPSIS has dashed labels
ok 3 - shared=1 does not clear bits preset by umask 022
ok 62 - basic: can check out unborn branch
ok 195 - setup with newline in input
ok 29 - fsck large blobs
ok 8 - internal and more trailing whitespace, all quoted
ok 4 - shared=all
ok 15 - add to sparse-checkout
# passed all 29 test(s)
1..29
ok 1 - setup
*** t1307-config-blob.sh ***
ok 196 - --batch-check, -z with newline in input
ok 264 - commit text
ok 9 - internal and more trailing whitespace, not all quoted
ok 1 - checking for a working acl setup
not ok 326 - gc -h output and SYNOPSIS agree # TODO known breakage
ok 2 # skip Setup test repo (missing SETFACL)
ok 10 - leading and trailing whitespace
ok 3 # skip Objects creation does not break ACLs with restrictive umask (missing SETFACL)
ok 4 # skip git gc does not break ACLs with restrictive umask (missing SETFACL)
ok 5 - template cannot set core.bare
ok 1 - modify same key
ok 197 - --batch-check, -Z with newline in input
ok 2 - gitdir selection on normal repos
# passed all 4 test(s)
1..4
*** t1308-config-set.sh ***
ok 3 - gitdir selection on unsupported repo
ok 11 - leading and trailing whitespace, all quoted
ok 327 - get-tar-commit-id -h output has no \t
ok 1 - setup
ok 328 - get-tar-commit-id -h output has dashed labels
ok 198 - setup with curly braches in input
ok 329 - get-tar-commit-id -h output has consistent spacing
ok 12 - leading and trailing whitespace, not all quoted
ok 2 - add key in same section
ok 37 - subtest: --invert-exit-code with --immediate: all passed
ok 330 - get-tar-commit-id appropriately marked as having .adoc
not ok 4 - gitdir not required mode
ok 13 - inline comment
ok 199 - object reference with curly brace
ok 6 - update-server-info honors core.sharedRepository
ok 16 - worktree: add copies sparse-checkout patterns
#	
#		git apply --stat test.patch &&
#		git -C test apply --stat ../test.patch &&
#		git -C test2 apply --stat ../test.patch
#	
ok 331 - get-tar-commit-id *.adoc SYNOPSIS has dashed labels
ok 14 - inline comment, quoted
ok 63 - basic: peeled tags are stored
ok 15 - clear default config
ok 1 - include file by absolute path
ok 200 - object reference with at-sign
ok 16 - initial
ok 3 - add key in different section
ok 2 - include file by relative path
ok 5 - gitdir required mode
ok 17 - mixed case
ok 17 - cone mode: match patterns
ok 3 - chained relative paths
ok 201 - setup with commit with colon
ok 4 - make sure git config escapes section names properly
ok 18 - similar section
ok 7 - shared = 0660 (r--r-----) ro
ok 6 - allow version=0 
ok 332 - get-tar-commit-id -h output and SYNOPSIS agree
ok 4 - include paths get tilde-expansion
ok 18 - cone mode: warn on bad pattern
ok 202 - object reference via commit text search
ok 19 - uppercase section
ok 5 - include options can still be examined
ok 5 - do not crash on special long config line
ok 20 - replace with non-match
ok 8 - shared = 0660 (rw-rw----) rw
ok 333 - grep -h output has no \t
ok 29 - gc stops traversal when a missing but promised object is reached
ok 7 - allow version=1 
ok 21 - replace with non-match (actually matching)
ok 64 - basic: for-each-ref can print symrefs
ok 334 - grep -h output has dashed labels
ok 6 - listing includes option and expansion
ok 19 - sparse-checkout disable
ok 1 - git read-tree -u -m --recurse-submodules: added submodule is checked out
ok 335 - grep -h output has consistent spacing
ok 203 - setup blobs which are likely to delta
ok 6 - get many entries
ok 8 - allow version=1 noop
ok 336 - grep appropriately marked as having .adoc
ok 7 - single file lookup does not expand includes by default
ok 204 - confirm that neither loose blob is a delta
ok 337 - grep *.adoc SYNOPSIS has dashed labels
ok 9 - abort version=1 no-such-extension
ok 8 - single file list does not expand includes by default
ok 9 - shared = 0640 (r--r-----) ro
ok 7 - get many entries by regex
ok 22 - append comments
ok 23 - Prohibited LF in comment
ok 10 - allow version=0 no-such-extension
ok 24 - non-match result
ok 9 - writing config file does not expand includes
ok 10 - shared = 0640 (rw-r-----) rw
ok 25 - find mixed-case key by canonical name
ok 205 - %(deltabase) reports packed delta bases
not ok 338 - grep -h output and SYNOPSIS agree # TODO known breakage
ok 1 - read config: xdg file exists and ~/.gitconfig doesn't
ok 265 - commit -text
ok 26 - find mixed-case key by non-canonical name
ok 20 - sparse-index enabled and disabled
ok 11 - allow version=0 noop
ok 2 - read config: xdg file exists and ~/.gitconfig exists
ok 339 - hash-object -h output has no \t
ok 266 - compare_files LF NNO_attr__aeol__true_LF.txt
ok 10 - config modification does not affect includes
ok 340 - hash-object -h output has dashed labels
ok 27 - subsections are not canonicalized by git-config
ok 3 - read with --get: xdg file exists and ~/.gitconfig doesn't
ok 11 - shared = 0600 (r--------) ro
ok 267 - compare_files CRLF NNO_attr__aeol__true_CRLF.txt
ok 8 - add and replace one of many entries
ok 12 - abort version=0 noop-v1
ok 1 - setup default config
ok 28 - value for missing section and missing key is not printed
ok 341 - hash-object -h output has consistent spacing
ok 11 - missing include files are ignored
ok 1 - create config blob
ok 29 - value for missing section and existing key is not printed
ok 2 - get value for a simple key
ok 4 - "$XDG_CONFIG_HOME overrides $HOME/.config/git
ok 268 - compare_files CRLF_mix_LF NNO_attr__aeol__true_CRLF_mix_LF.txt
ok 12 - absolute includes from command line work
ok 342 - hash-object appropriately marked as having .adoc
ok 30 - value for existing section and missing key is not printed
ok 65 - basic: notes
ok 2 - list config blob contents
ok 12 - shared = 0600 (rw-------) rw
ok 3 - get value for a key with value as an empty string
ok 13 - allow version=1 noop-v1
ok 13 - relative includes from command line fail
ok 5 - read with --get: xdg file exists and ~/.gitconfig exists
ok 31 - value for missing subsection and missing key is not printed
ok 269 - compare_files LF_mix_CR NNO_attr__aeol__true_LF_mix_CR.txt
ok 3 - fetch value from blob
ok 343 - hash-object *.adoc SYNOPSIS has dashed labels
ok 30 - do not fetch when checking existence of tree we construct ourselves
ok 32 - value for existing subsection and missing key is not printed
ok 4 - get value for a key with value as NULL
ok 9 - replace many entries
ok 4 - reading non-existing value from blob is an error
ok 6 - read with --list: xdg file exists and ~/.gitconfig doesn't
ok 270 - compare_files CRLF_nul NNO_attr__aeol__true_CRLF_nul.txt
ok 33 - value for missing subsection and existing key is not printed
ok 5 - reading from blob and file is an error
ok 14 - absolute includes from blobs work
ok 7 - read with --list: xdg file exists and ~/.gitconfig exists
ok 21 - cone mode: init and set
ok 14 - precious-objects allowed
ok 271 - compare_files LF NNO_attr_-text_aeol__true_LF.txt
ok 6 - reading from missing ref is an error
ok 34 - unset with cont. lines
ok 15 - precious-objects blocks destructive repack
ok 8 - Setup
ok 5 - upper case key
ok 35 - unset with cont. lines is correct
ok 7 - reading from non-blob is an error
ok 272 - compare_files CRLF NNO_attr_-text_aeol__true_CRLF.txt
ok 344 - hash-object -h output and SYNOPSIS agree
ok 13 - shared = 0666 (r--r--r--) ro
ok 38 - subtest: --invert-exit-code without --immediate: partial pass
ok 15 - relative includes from blobs fail
ok 8 - setting a value in a blob is an error
ok 9 - Exclusion of a file in the XDG ignore file
ok 22 - cone mode: list
ok 10 - unset many entries
ok 36 - multiple unset
ok 206 - setup bogus data
ok 273 - compare_files CRLF_mix_LF NNO_attr_-text_aeol__true_CRLF_mix_LF.txt
ok 9 - deleting a value in a blob is an error
ok 37 - multiple unset is correct
ok 16 - absolute includes from stdin work
ok 345 - help -h output has no \t
ok 14 - shared = 0666 (rw-rw-rw-) rw
ok 10 - editing a blob is an error
ok 346 - help -h output has dashed labels
ok 23 - cone mode: set with nested folders
ok 207 - cat-file -s error on bogus short OID
ok 274 - compare_files LF_mix_CR NNO_attr_-text_aeol__true_LF_mix_CR.txt
ok 6 - mixed case key
ok 17 - relative includes from stdin line fail
ok 38 - --replace-all missing value
ok 347 - help -h output has consistent spacing
ok 16 - other repacks are OK
ok 10 - $XDG_CONFIG_HOME overrides $HOME/.config/git/ignore
ok 11 - --add appends new value after existing empty value
ok 7 - key and value with mixed case
ok 39 - --replace-all
ok 17 - precious-objects blocks prune
ok 11 - Exclusion in both XDG and local ignore files
# passed all 11 test(s)
1..11
ok 208 - cat-file -s error on bogus full OID
ok 275 - compare_files CRLF_nul NNO_attr_-text_aeol__true_CRLF_nul.txt
ok 348 - help appropriately marked as having .adoc
ok 2 - git read-tree -u -m --recurse-submodules: added submodule is checked out in empty dir
ok 40 - all replaced
*** t1309-early-config.sh ***
ok 18 - conditional include, both unanchored
ok 24 - cone mode: add independent path
ok 276 - compare_files LF NNO_attr_-text_aeol_lf_true_LF.txt
ok 11 - parse errors in blobs are properly attributed
ok 349 - help *.adoc SYNOPSIS has dashed labels
ok 41 - really mean test
ok 12 - Exclusion in a non-XDG global ignore file
ok 18 - gc runs without complaint
ok 209 - cat-file -s error on missing short OID
ok 19 - conditional include, $HOME expansion
# failed 1 among 18 test(s)
1..18
make[2]: [Makefile:82: t1302-repo-version.sh] Error 1 (ignored)
ok 15 - shared = 0664 (r--r--r--) ro
*** t1310-config-default.sh ***
ok 8 - key with case sensitive subsection
ok 66 - basic: stash
ok 277 - compare_files CRLF NNO_attr_-text_aeol_lf_true_CRLF.txt
ok 42 - really really mean test
ok 210 - cat-file -s error on missing full OID
ok 20 - conditional include, full pattern
ok 25 - cone mode: add sibling path
ok 13 - Checking XDG ignore file when HOME is unset
ok 43 - get value
ok 278 - compare_files CRLF_mix_LF NNO_attr_-text_aeol_lf_true_CRLF_mix_LF.txt
ok 211 - cat-file -t error on bogus short OID
ok 16 - shared = 0664 (rw-rw-r--) rw
ok 21 - conditional include, relative path
ok 12 - can parse blob ending with CR
ok 279 - compare_files LF_mix_CR NNO_attr_-text_aeol_lf_true_LF_mix_CR.txt
ok 44 - unset
ok 350 - help -h output and SYNOPSIS agree
ok 14 - Checking attributes in the XDG attributes file
ok 212 - cat-file -t error on bogus full OID
ok 22 - conditional include, both unanchored, icase
ok 26 - cone mode: add parent path
ok 9 - key with case insensitive section header
ok 45 - multivar
ok 280 - compare_files CRLF_nul NNO_attr_-text_aeol_lf_true_CRLF_nul.txt
ok 13 - config --blob outside of a repository is an error
ok 15 - Checking XDG attributes when HOME is unset
ok 17 - info/refs respects umask in unshared repo
ok 351 - history -h output has no \t
# passed all 13 test(s)
1..13
ok 213 - cat-file -t error on missing short OID
ok 352 - history -h output has dashed labels
ok 46 - non-match
ok 23 - conditional include, early config reading
*** t1311-config-optional.sh ***
ok 281 - compare_files LF NNO_attr_-text_aeol_crlf_true_LF.txt
ok 16 - $XDG_CONFIG_HOME overrides $HOME/.config/git/attributes
ok 31 - exact rename does not need to fetch the blob lazily
ok 353 - history -h output has consistent spacing
ok 47 - non-match value
ok 214 - cat-file -t error on missing full OID
ok 282 - compare_files CRLF NNO_attr_-text_aeol_crlf_true_CRLF.txt
ok 17 - Checking attributes in both XDG and local attributes files
ok 354 - history appropriately marked as having .adoc
ok 48 - multi-valued get returns final one
ok 24 - conditional include with /**/
ok 215 - cat-file -p error on bogus short OID
ok 283 - compare_files CRLF_mix_LF NNO_attr_-text_aeol_crlf_true_CRLF_mix_LF.txt
ok 355 - history *.adoc SYNOPSIS has dashed labels
ok 49 - multi-valued get-all returns all
ok 10 - key with case insensitive section header & variable
ok 216 - cat-file -p error on bogus full OID
ok 18 - Checking attributes in a non-XDG global attributes file
ok 284 - compare_files LF_mix_CR NNO_attr_-text_aeol_crlf_true_LF_mix_CR.txt
ok 11 - find value with misspelled key
ok 50 - multivar replace
ok 27 - not-up-to-date does not block rest of sparsification
ok 25 - conditional include, set up symlinked $HOME
ok 19 - write: xdg file exists and ~/.gitconfig doesn't
ok 51 - ambiguous unset
ok 12 - find value with the highest priority
ok 217 - cat-file -p error on missing short OID
ok 285 - compare_files CRLF_nul NNO_attr_-text_aeol_crlf_true_CRLF_nul.txt
ok 18 - forced modes
ok 13 - return value for an existing key
ok 52 - invalid unset
ok 20 - write: xdg file exists and ~/.gitconfig exists
ok 14 - return value for value-less key
ok 26 - conditional include, $HOME expansion with symlinks
ok 286 - compare_files LF NNO_attr_auto_aeol__true_LF.txt
ok 67 - basic: cherry-pick
ok 218 - cat-file -p error on missing full OID
ok 356 - history -h output and SYNOPSIS agree
ok 53 - multivar unset
ok 15 - return value for a missing key
ok 219 - -e is OK with a broken object
ok 21 - write: ~/.config/git/ exists and config file doesn't
ok 54 - invalid key
# passed all 21 test(s)
1..21
ok 19 - remote init does not use config from cwd
ok 287 - compare_files CRLF NNO_attr_auto_aeol__true_CRLF.txt
ok 2 - sparse-index contents
*** t1350-config-hooks-path.sh ***
ok 28 - revert to old sparse-checkout on empty update
ok 220 - <type> <hash> does not work with objects of broken types
ok 16 - return value for a bad key: CONFIG_INVALID_KEY
ok 27 - conditional include, relative path with symlinks
ok 357 - hook -h output has no \t
ok 55 - set with 1 arg of "key=value": valid key suggests split form
ok 288 - compare_files CRLF_mix_LF NNO_attr_auto_aeol__true_CRLF_mix_LF.txt
ok 358 - hook -h output has dashed labels
ok 29 - fail when lock is taken
ok 17 - return value for a bad key: CONFIG_NO_SECTION_OR_NAME
ok 28 - conditional include, gitdir matching symlink
ok 56 - set with 1 arg of "key=value": implicit form suggests split form
ok 20 - re-init respects core.sharedrepository (local)
ok 221 - broken types combined with --batch and --batch-check
ok 359 - hook -h output has consistent spacing
ok 289 - compare_files LF_mix_CR NNO_attr_auto_aeol__true_LF_mix_CR.txt
ok 39 - subtest: --invert-exit-code with --immediate: partial pass
ok 18 - find integer value for a key
ok 30 - .gitignore should not warn about cone mode
ok 29 - conditional include, gitdir matching symlink, icase
ok 57 - set with 1 arg of "key=value": invalid key does not suggest split form
ok 222 - clean up broken objects
ok 3 - git read-tree -u -m --recurse-submodules: replace tracked file with submodule checks out submodule
ok 360 - hook appropriately marked as having .adoc
ok 19 - parse integer value during iteration
ok 290 - compare_files CRLF_nul NNO_attr_auto_aeol__true_CRLF_nul.txt
ok 58 - set with 1 arg: variable name starting with digit is invalid
ok 361 - hook *.adoc SYNOPSIS has dashed labels
ok 21 - re-init respects core.sharedrepository (remote)
ok 291 - compare_files LF NNO_attr_auto_aeol_lf_true_LF.txt
not ok 32 - lazy-fetch when accessing object not in the_repository
#	
#		rm -rf full partial.git &&
#		test_create_repo full &&
#		test_commit -C full create-a-file file.txt &&
#	
#		test_config -C full uploadpack.allowfilter 1 &&
#		test_config -C full uploadpack.allowanysha1inwant 1 &&
#		git clone --filter=blob:none --bare "file://$(pwd)/full" partial.git &&
#		FILE_HASH=$(git -C full rev-parse HEAD:file.txt) &&
#	
#		# Sanity check that the file is missing
#		git -C partial.git rev-list --objects --missing=print HEAD >out &&
#		grep "[?]$FILE_HASH" out &&
#	
#		# The no-lazy-fetch mechanism prevents Git from fetching
#		test_must_fail env GIT_NO_LAZY_FETCH=1 \
#			git -C partial.git cat-file -e "$FILE_HASH" &&
#	
#		# The same with command line option to "git"
#		test_must_fail git --no-lazy-fetch -C partial.git cat-file -e "$FILE_HASH" &&
#	
#		# The same, forcing a subprocess via an alias
#		test_must_fail git --no-lazy-fetch -C partial.git \
#			-c alias.foo="!git cat-file" foo -e "$FILE_HASH" &&
#	
#		# Sanity check that the file is still missing
#		git -C partial.git rev-list --objects --missing=print HEAD >out &&
#		grep "[?]$FILE_HASH" out &&
#	
#		git -C full cat-file -s "$FILE_HASH" >expect &&
#		test-tool partial-clone object-info partial.git "$FILE_HASH" >actual &&
#		test_cmp expect actual &&
#	
#		# Sanity check that the file is now present
#		git -C partial.git rev-list --objects --missing=print HEAD >out &&
#		! grep "[?]$FILE_HASH" out
#	
ok 59 - set with 1 arg: digit-led section name is valid
ok 20 - find string value for a key
ok 30 - conditional include, onbranch
ok 292 - compare_files CRLF NNO_attr_auto_aeol_lf_true_CRLF.txt
ok 60 - set with 1 arg: subsection plus invalid variable name
ok 21 - check line error when NULL string is queried
ok 293 - compare_files CRLF_mix_LF NNO_attr_auto_aeol_lf_true_CRLF_mix_LF.txt
ok 22 - find integer if value is non parse-able
ok 61 - set with 1 arg of valid key reports missing value
ok 22 - template can set core.sharedrepository
ok 1 - uses --default when entry missing
ok 1 - read early config
ok 362 - hook -h output and SYNOPSIS agree
# passed all 22 test(s)
1..22
ok 23 - non parse-able integer value during iteration
ok 294 - compare_files LF_mix_CR NNO_attr_auto_aeol_lf_true_LF_mix_CR.txt
ok 2 - does not use --default when entry present
*** t1400-update-ref.sh ***
ok 62 - set with 2 args including "=" in invalid key does not suggest
ok 68 - basic: rebase
ok 31 - sparse-checkout (init|set|disable) warns with dirty status
ok 3 - canonicalizes --default with appropriate type
ok 295 - compare_files CRLF_nul NNO_attr_auto_aeol_lf_true_CRLF_nul.txt
ok 363 - index-pack -h output has no \t
ok 2 - in a sub-directory
ok 364 - index-pack -h output has dashed labels
ok 4 - dies when --default cannot be parsed
ok 63 - "=" inside subsection is valid
ok 31 - conditional include, onbranch, wildcard
ok 296 - compare_files LF NNO_attr_auto_aeol_crlf_true_LF.txt
ok 3 - expanded in-memory index matches full index
ok 365 - index-pack -h output has consistent spacing
ok 64 - correct key
ok 5 - does not allow --default without --get
# passed all 5 test(s)
1..5
ok 65 - hierarchical section
ok 366 - index-pack appropriately marked as having .adoc
ok 297 - compare_files CRLF NNO_attr_auto_aeol_crlf_true_CRLF.txt
ok 3 - ceiling
*** t1401-symbolic-ref.sh ***
ok 66 - hierarchical section value
ok 24 - find bool value for the entered key
ok 367 - index-pack *.adoc SYNOPSIS has dashed labels
ok 298 - compare_files CRLF_mix_LF NNO_attr_auto_aeol_crlf_true_CRLF_mix_LF.txt
ok 32 - conditional include, onbranch, implicit /** for /
ok 25 - find multiple values
ok 67 - working --list
ok 1 - var=:(optional)path-exists
ok 68 - --list without repo produces empty output
ok 299 - compare_files LF_mix_CR NNO_attr_auto_aeol_crlf_true_LF_mix_CR.txt
ok 4 - ceiling #2
ok 69 - --name-only --list
ok 300 - compare_files CRLF_nul NNO_attr_auto_aeol_crlf_true_CRLF_nul.txt
ok 223 - cat-file -t and -s on corrupt loose object
not ok 368 - index-pack -h output and SYNOPSIS agree # TODO known breakage
ok 33 - include cycles are detected
ok 70 - --get-regexp
ok 2 - missing optional value is ignored
ok 301 - compare_files LF NNO_attr_text_aeol__true_LF.txt
ok 26 - get_value_multi: NULL value in config
ok 32 - sparse-checkout (init|set|disable) warns with unmerged status
ok 5 - read config file in right order
ok 71 - --name-only --get-regexp
ok 302 - compare_files LF NNO_attr_text_aeol__true_CRLF.txt
ok 369 - init -h output has no \t
ok 370 - init -h output has dashed labels
ok 224 - object reading handles zlib dictionary
ok 6 - ignore .git/ with incompatible repository version
ok 303 - compare_files LF NNO_attr_text_aeol__true_CRLF_mix_LF.txt
ok 34 - onbranch with unborn branch
ok 3 - missing optional value is ignored in multi-value config
ok 72 - --add
ok 27 - configset_get_value: NULL value in config in my.config
# passed all 3 test(s)
1..3
ok 371 - init -h output has consistent spacing
ok 304 - compare_files LF_mix_CR NNO_attr_text_aeol__true_LF_mix_CR.txt
*** t1402-check-ref-format.sh ***
ok 73 - get variable with no value
not ok 7 - ignore .git/ with invalid repository version # TODO known breakage
ok 74 - get variable with empty value
ok 372 - init appropriately marked as having .adoc
ok 305 - compare_files LF_nul NNO_attr_text_aeol__true_CRLF_nul.txt
ok 4 - git read-tree -u -m --recurse-submodules: replace directory with submodule
ok 1 - set up a pre-commit hook in core.hooksPath
ok 4 - root directory cannot be sparse
ok 69 - reflog: can delete separate reflog entries
ok 75 - get-regexp variable with no value
ok 306 - compare_files LF NNO_attr_text_aeol_lf_true_LF.txt
ok 373 - init *.adoc SYNOPSIS has dashed labels
not ok 8 - ignore .git/ with invalid config # TODO known breakage
ok 28 - configset_get_value_multi: NULL value in config in my.config
ok 33 - push should not fetch new commit objects
ok 76 - get-regexp --bool variable with no value
ok 307 - compare_files LF NNO_attr_text_aeol_lf_true_CRLF.txt
ok 29 - find value from a configset
ok 77 - get-regexp variable with empty value
ok 9 - early config and onbranch
ok 30 - find value with highest priority from a configset
ok 308 - compare_files LF NNO_attr_text_aeol_lf_true_CRLF_mix_LF.txt
ok 40 - subtest: --invert-exit-code --immediate: got a failure
ok 78 - get bool variable with no value
ok 374 - init -h output and SYNOPSIS agree
ok 35 - onbranch with detached HEAD
ok 309 - compare_files LF_mix_CR NNO_attr_text_aeol_lf_true_LF_mix_CR.txt
ok 31 - find value_list for a key from a configset
ok 79 - get bool variable with empty value
not ok 33 - sparse-checkout reapply # TODO known breakage
ok 310 - compare_files LF_nul NNO_attr_text_aeol_lf_true_CRLF_nul.txt
ok 32 - proper error on non-existent files
ok 80 - no arguments, but no crash
ok 10 - onbranch config outside of git repo
# still have 2 known breakage(s)
# passed all remaining 8 test(s)
1..10
ok 375 - init-db -h output has no \t
*** t1403-show-ref.sh ***
ok 311 - compare_files LF NNO_attr_text_aeol_crlf_true_LF.txt
ok 376 - init-db -h output has dashed labels
ok 81 - new section is partial match of another
ok 33 - proper error on directory "files"
ok 377 - init-db -h output has consistent spacing
ok 312 - compare_files LF NNO_attr_text_aeol_crlf_true_CRLF.txt
ok 82 - new variable inserts into proper section
ok 36 - onbranch without repository
ok 378 - init-db appropriately marked as having .adoc
ok 313 - compare_files LF NNO_attr_text_aeol_crlf_true_CRLF_mix_LF.txt
ok 70 - reflog: can switch to previous branch
ok 83 - alternative --file (non-existing file should fail)
ok 34 - reapply can handle config options
ok 379 - init-db *.adoc SYNOPSIS has dashed labels
ok 314 - compare_files LF_mix_CR NNO_attr_text_aeol_crlf_true_LF_mix_CR.txt
ok 84 - alternative GIT_CONFIG
ok 315 - compare_files LF_nul NNO_attr_text_aeol_crlf_true_CRLF_nul.txt
ok 85 - alternative GIT_CONFIG (--file)
ok 37 - onbranch without repository but explicit nonexistent Git directory
ok 34 - proper error on non-accessible files
# passed all 37 test(s)
1..37
ok 316 - compare_files LF NNO_attr__aeol__false_LF.txt
ok 86 - alternative GIT_CONFIG (--file=-)
ok 35 - cone mode: set with core.ignoreCase=true
*** t1404-update-ref-errors.sh ***
not ok 380 - init-db -h output and SYNOPSIS agree # TODO known breakage
ok 35 - proper error on error in default config files
ok 317 - compare_files CRLF NNO_attr__aeol__false_CRLF.txt
ok 87 - setting a value in stdin is an error
ok 36 - proper error on error in custom config files
ok 1 - setup
ok 88 - editing stdin is an error
ok 318 - compare_files CRLF_mix_LF NNO_attr__aeol__false_CRLF_mix_LF.txt
ok 381 - interpret-trailers -h output has no \t
ok 89 - refer config from subdirectory
ok 382 - interpret-trailers -h output has dashed labels
ok 2 - symbolic-ref read/write roundtrip
ok 319 - compare_files LF_mix_CR NNO_attr__aeol__false_LF_mix_CR.txt
ok 37 - check line errors for malformed values
ok 3 - symbolic-ref refuses non-ref for HEAD
ok 90 - --set in alternative file
ok 383 - interpret-trailers -h output has consistent spacing
ok 320 - compare_files CRLF_nul NNO_attr__aeol__false_CRLF_nul.txt
ok 91 - rename section
ok 38 - error on modifying repo config without repo
ok 384 - interpret-trailers appropriately marked as having .adoc
ok 92 - rename succeeded
ok 71 - reflog: copying branch writes reflog entry
ok 4 - symbolic-ref refuses bare sha1
ok 321 - compare_files LF NNO_attr_-text_aeol__false_LF.txt
ok 93 - rename non-existing section
ok 2 - Check that various forms of specifying core.hooksPath work
ok 39 - iteration shows correct origins
ok 94 - rename succeeded
# passed all 39 test(s)
1..39
ok 385 - interpret-trailers *.adoc SYNOPSIS has dashed labels
ok 95 - rename another section
ok 5 - HEAD cannot be removed
ok 1 - ref name '' is invalid
*** t1405-main-ref-store.sh ***
ok 322 - compare_files CRLF NNO_attr_-text_aeol__false_CRLF.txt
ok 96 - rename succeeded
ok 3 - git rev-parse --git-path hooks
ok 2 - ref name '/' is invalid
ok 5 - git read-tree -u -m --recurse-submodules: nested submodules are checked out
ok 323 - compare_files CRLF_mix_LF NNO_attr_-text_aeol__false_CRLF_mix_LF.txt
ok 97 - rename a section with a var on the same line
ok 3 - ref name '/' is invalid with options --allow-onelevel
ok 98 - rename succeeded
ok 324 - compare_files LF_mix_CR NNO_attr_-text_aeol__false_LF_mix_CR.txt
ok 99 - renaming empty section name is rejected
ok 4 - ref name '/' is invalid with options --normalize
ok 6 - symbolic-ref can be deleted
ok 4 - core.hooksPath=/dev/null
ok 100 - renaming to bogus section is rejected
ok 386 - interpret-trailers -h output and SYNOPSIS agree
ok 5 - ref name '/' is invalid with options --allow-onelevel --normalize
ok 325 - compare_files CRLF_nul NNO_attr_-text_aeol__false_CRLF_nul.txt
# passed all 4 test(s)
1..4
*** t1406-submodule-ref-store.sh ***
ok 6 - ref name 'foo/bar/baz' is valid
ok 101 - renaming a section with a long line
ok 326 - compare_files LF NNO_attr_-text_aeol_lf_false_LF.txt
ok 387 - last-modified -h output has no \t
ok 7 - ref name 'foo/bar/baz' is valid with options --normalize
ok 388 - last-modified -h output has dashed labels
ok 8 - ref name 'refs///heads/foo' is invalid
ok 7 - symbolic-ref can delete dangling symref
ok 102 - renaming an embedded section with a long line
ok 327 - compare_files CRLF NNO_attr_-text_aeol_lf_false_CRLF.txt
ok 9 - ref name 'refs///heads/foo' is valid with options --normalize
ok 225 - prep for symlink tests
ok 389 - last-modified -h output has consistent spacing
ok 72 - reflog: renaming branch writes reflog entry
ok 103 - renaming a section with an overly-long line
ok 10 - ref name 'heads/foo/' is invalid
ok 8 - symbolic-ref fails to delete missing FOO
ok 390 - last-modified appropriately marked as having .adoc
ok 328 - compare_files CRLF_mix_LF NNO_attr_-text_aeol_lf_false_CRLF_mix_LF.txt
ok 104 - remove section
ok 11 - ref name '/heads/foo' is invalid
ok 36 - setup submodules
ok 105 - section was removed properly
ok 41 - subtest: tests respect prerequisites
ok 391 - last-modified *.adoc SYNOPSIS has dashed labels
ok 12 - ref name '/heads/foo' is valid with options --normalize
ok 226 - git cat-file --batch-check --follow-symlinks works for non-links
ok 329 - compare_files LF_mix_CR NNO_attr_-text_aeol_lf_false_LF_mix_CR.txt
ok 37 - interaction with submodules
ok 9 - symbolic-ref fails to delete real ref
ok 13 - ref name '///heads/foo' is invalid
ok 227 - git cat-file --batch-check --follow-symlinks works for in-repo, same-dir links
ok 14 - ref name '///heads/foo' is valid with options --normalize
ok 330 - compare_files CRLF_nul NNO_attr_-text_aeol_lf_false_CRLF_nul.txt
ok 38 - check-rules interaction with submodules
ok 15 - ref name './foo' is invalid
ok 1 - setup
ok 73 - reflog: can store empty logs
ok 106 - section ending
ok 228 - git cat-file --batch-check --follow-symlinks works for in-repo, links to dirs
ok 331 - compare_files LF NNO_attr_-text_aeol_crlf_false_LF.txt
ok 16 - ref name './foo/bar' is invalid
ok 392 - last-modified -h output and SYNOPSIS agree
ok 17 - ref name 'foo/./bar' is invalid
ok 332 - compare_files CRLF NNO_attr_-text_aeol_crlf_false_CRLF.txt
ok 229 - git cat-file --batch-check --follow-symlinks works for broken in-repo, same-dir links
ok 2 - create refs/heads/main
ok 10 - create large ref name
ok 18 - ref name 'foo/bar/.' is invalid
ok 333 - compare_files CRLF_mix_LF NNO_attr_-text_aeol_crlf_false_CRLF_mix_LF.txt
ok 230 - git cat-file --batch-check --follow-symlinks -Z works for broken in-repo, same-dir links
ok 19 - ref name '.refs/foo' is invalid
ok 393 - log -h output has no \t
ok 3 - create refs/heads/main with oldvalue verification
ok 20 - ref name 'refs/heads/foo.' is invalid
ok 394 - log -h output has dashed labels
ok 107 - numbers
ok 11 - symbolic-ref can point to large ref name
ok 334 - compare_files LF_mix_CR NNO_attr_-text_aeol_crlf_false_LF_mix_CR.txt
ok 21 - ref name 'heads/foo..bar' is invalid
ok 231 - git cat-file --batch-check --follow-symlinks works for same-dir links-to-links
ok 395 - log -h output has consistent spacing
ok 4 - fail to delete refs/heads/main with stale ref
ok 22 - ref name 'heads/foo?bar' is invalid
ok 39 - different sparse-checkouts with worktrees
ok 12 - we can parse long symbolic ref
ok 335 - compare_files CRLF_nul NNO_attr_-text_aeol_crlf_false_CRLF_nul.txt
ok 23 - ref name 'foo./bar' is valid
ok 396 - log appropriately marked as having .adoc
ok 108 - --int is at least 64 bits
ok 13 - symbolic-ref reports failure in exit code
ok 1 - setup
ok 24 - ref name 'heads/foo.lock' is invalid
ok 336 - compare_files LF NNO_attr_auto_aeol__false_LF.txt
ok 232 - git cat-file --batch-check --follow-symlinks works for parent-dir links
ok 397 - log *.adoc SYNOPSIS has dashed labels
ok 40 - set using filename keeps file on-disk
ok 25 - ref name 'heads///foo.lock' is invalid
ok 5 - delete refs/heads/main
ok 1 - setup
ok 337 - compare_files CRLF NNO_attr_auto_aeol__false_CRLF.txt
ok 26 - ref name 'foo.lock/bar' is invalid
ok 109 - invalid unit
ok 338 - compare_files CRLF_mix_LF NNO_attr_auto_aeol__false_CRLF_mix_LF.txt
ok 233 - git cat-file --batch-check --follow-symlinks -Z works for parent-dir links
ok 27 - ref name 'foo.lock///bar' is invalid
ok 339 - compare_files LF_mix_CR NNO_attr_auto_aeol__false_LF_mix_CR.txt
ok 41 - pattern-checks: /A/**
not ok 398 - log -h output and SYNOPSIS agree # TODO known breakage
ok 340 - compare_files CRLF_nul NNO_attr_auto_aeol__false_CRLF_nul.txt
ok 1 - setup
ok 2 - existing loose ref is a simple prefix of new
ok 28 - ref name 'heads/foo@bar' is valid
ok 399 - ls-files -h output has no \t
ok 2 - show-ref
ok 234 - git cat-file --batch-check --follow-symlinks works for .. links
ok 341 - compare_files LF NNO_attr_auto_aeol_lf_false_LF.txt
ok 29 - ref name 'heads/v@{ation' is invalid
ok 400 - ls-files -h output has dashed labels
ok 6 - delete refs/heads/main without oldvalue verification
ok 342 - compare_files CRLF NNO_attr_auto_aeol_lf_false_CRLF.txt
ok 110 - invalid unit boolean
ok 401 - ls-files -h output has consistent spacing
ok 30 - ref name 'heads/foo\bar' is invalid
ok 2 - create_symref(FOO, refs/heads/main)
ok 343 - compare_files CRLF_mix_LF NNO_attr_auto_aeol_lf_false_CRLF_mix_LF.txt
ok 402 - ls-files appropriately marked as having .adoc
ok 31 - ref name 'heads/foo	' is invalid
ok 344 - compare_files LF_mix_CR NNO_attr_auto_aeol_lf_false_LF_mix_CR.txt
ok 403 - ls-files *.adoc SYNOPSIS has dashed labels
ok 3 - show-ref -q
ok 32 - ref name 'heads/foo' is invalid
ok 34 - setup for promisor.quiet tests
ok 235 - git cat-file --batch-check --follow-symlinks works for ../.. links
ok 111 - line number is reported correctly
ok 345 - compare_files CRLF_nul NNO_attr_auto_aeol_lf_false_CRLF_nul.txt
ok 3 - existing packed ref is a simple prefix of new
ok 33 - ref name 'heads/fuß' is valid
ok 74 - reflog: expiry empties reflog
ok 35 # skip promisor.quiet=false shows progress messages (missing TTY)
ok 34 - ref name 'heads/*foo/bar' is valid with options --refspec-pattern
ok 36 # skip promisor.quiet=true does not show progress messages (missing TTY)
ok 112 - invalid stdin config
ok 7 - fail to create  due to file/directory conflict
ok 346 - compare_files LF NNO_attr_auto_aeol_crlf_false_LF.txt
ok 37 # skip promisor.quiet=unconfigured shows progress messages (missing TTY)
ok 42 - pattern-checks: /A/**/B/
ok 35 - ref name 'heads/foo*/bar' is valid with options --refspec-pattern
ok 347 - compare_files CRLF NNO_attr_auto_aeol_crlf_false_CRLF.txt
not ok 404 - ls-files -h output and SYNOPSIS agree # TODO known breakage
ok 236 - git cat-file --batch-check --follow-symlinks works for dir/ links
ok 8 - create refs/heads/main (by HEAD)
ok 36 - ref name 'heads/f*o/bar' is valid with options --refspec-pattern
ok 1 - setup
ok 14 - symbolic-ref writes reflog entry
ok 348 - compare_files CRLF_mix_LF NNO_attr_auto_aeol_crlf_false_CRLF_mix_LF.txt
ok 4 - show-ref --verify
ok 37 - ref name 'heads/f*o*/bar' is invalid with options --refspec-pattern
ok 2 - pack_refs() not allowed
ok 9 - create refs/heads/main (by HEAD) with oldvalue verification
ok 38 - ref name 'heads/foo*/bar*' is invalid with options --refspec-pattern
ok 405 - ls-remote -h output has no \t
ok 3 - create_symref() not allowed
ok 349 - compare_files LF_mix_CR NNO_attr_auto_aeol_crlf_false_LF_mix_CR.txt
ok 43 - pattern-checks: too short
ok 406 - ls-remote -h output has dashed labels
ok 4 - existing loose ref is a deeper prefix of new
ok 39 - ref name 'foo' is invalid
ok 4 - delete_refs() not allowed
ok 237 - git cat-file --batch-check --follow-symlinks works for dir/subdir links
ok 42 - subtest: tests respect lazy prerequisites
ok 350 - compare_files CRLF_nul NNO_attr_auto_aeol_crlf_false_CRLF_nul.txt
ok 10 - fail to delete refs/heads/main (by HEAD) with stale ref
ok 44 - pattern-checks: not too short
ok 407 - ls-remote -h output has consistent spacing
ok 40 - ref name 'foo' is valid with options --allow-onelevel
ok 5 - rename_refs() not allowed
ok 3 - delete_refs(FOO, refs/tags/new-tag)
ok 5 - show-ref --verify -q
ok 408 - ls-remote appropriately marked as having .adoc
ok 351 - compare_files LF NNO_attr_text_aeol__false_LF.txt
ok 41 - ref name 'foo' is invalid with options --refspec-pattern
ok 6 - for_each_ref(refs/heads/)
ok 42 - ref name 'foo' is valid with options --refspec-pattern --allow-onelevel
ok 409 - ls-remote *.adoc SYNOPSIS has dashed labels
ok 352 - compare_files LF NNO_attr_text_aeol__false_CRLF.txt
ok 43 - ref name 'foo' is invalid with options --normalize
ok 45 - pattern-checks: trailing "*"
ok 353 - compare_files LF NNO_attr_text_aeol__false_CRLF_mix_LF.txt
ok 44 - ref name 'foo' is valid with options --allow-onelevel --normalize
ok 15 - symbolic-ref does not create ref d/f conflicts
ok 75 - reflog: can be deleted
ok 5 - existing packed ref is a deeper prefix of new
ok 45 - ref name 'foo/bar' is valid
ok 7 - for_each_ref() is sorted
ok 354 - compare_files LF_mix_CR NNO_attr_text_aeol__false_LF_mix_CR.txt
ok 11 - delete refs/heads/main (by HEAD)
ok 46 - ref name 'foo/bar' is valid with options --allow-onelevel
ok 5 - status with options
ok 47 - ref name 'foo/bar' is valid with options --refspec-pattern
ok 238 - git cat-file --batch-check --follow-symlinks works for dir ->subdir links
ok 355 - compare_files LF_nul NNO_attr_text_aeol__false_CRLF_nul.txt
ok 6 - git read-tree -u -m --recurse-submodules: removed submodule removes submodules working tree
ok 46 - pattern-checks: starting "*"
ok 410 - ls-remote -h output and SYNOPSIS agree
ok 8 - resolve_ref(main)
ok 48 - ref name 'foo/bar' is valid with options --refspec-pattern --allow-onelevel
ok 4 - rename_refs(main, new-main)
ok 9 - verify_ref(new-main)
ok 356 - compare_files LF NNO_attr_text_aeol_lf_false_LF.txt
ok 49 - ref name 'foo/bar' is valid with options --normalize
ok 6 - new ref is a simple prefix of existing loose
ok 411 - ls-tree -h output has no \t
ok 5 - for_each_ref(refs/heads/)
ok 412 - ls-tree -h output has dashed labels
ok 50 - ref name 'foo/*' is invalid
ok 357 - compare_files LF NNO_attr_text_aeol_lf_false_CRLF.txt
ok 10 - for_each_reflog()
ok 239 - git cat-file --batch-check --follow-symlinks works for out-of-repo symlinks
ok 16 - symbolic-ref can overwrite pointer to invalid name
ok 113 - bool
ok 413 - ls-tree -h output has consistent spacing
ok 51 - ref name 'foo/*' is invalid with options --allow-onelevel
ok 6 - for_each_ref() is sorted
ok 358 - compare_files LF NNO_attr_text_aeol_lf_false_CRLF_mix_LF.txt
ok 52 - ref name 'foo/*' is valid with options --refspec-pattern
ok 114 - invalid bool (--get)
ok 11 - for_each_reflog_ent()
ok 414 - ls-tree appropriately marked as having .adoc
ok 47 - pattern-checks: non directory pattern
ok 53 - ref name 'foo/*' is valid with options --refspec-pattern --allow-onelevel
ok 359 - compare_files LF_mix_CR NNO_attr_text_aeol_lf_false_LF_mix_CR.txt
ok 12 - deleting current branch adds message to HEAD's log
ok 240 - git cat-file --batch-check --follow-symlinks works for out-of-repo symlinks in dirs
ok 415 - ls-tree *.adoc SYNOPSIS has dashed labels
ok 115 - invalid bool (set)
ok 54 - ref name '*/foo' is invalid
ok 7 - resolve_ref(new-main)
ok 360 - compare_files LF_nul NNO_attr_text_aeol_lf_false_CRLF_nul.txt
ok 55 - ref name '*/foo' is invalid with options --allow-onelevel
ok 8 - verify_ref(new-main)
ok 12 - for_each_reflog_ent_reverse()
ok 7 - new ref is a simple prefix of existing packed
ok 361 - compare_files LF NNO_attr_text_aeol_crlf_false_LF.txt
ok 56 - ref name '*/foo' is valid with options --refspec-pattern
ok 17 - symbolic-ref can resolve d/f name (EISDIR)
ok 13 - reflog_exists(HEAD)
ok 9 - for_each_reflog()
ok 362 - compare_files LF NNO_attr_text_aeol_crlf_false_CRLF.txt
ok 57 - ref name '*/foo' is valid with options --refspec-pattern --allow-onelevel
ok 14 - delete_reflog() not allowed
not ok 416 - ls-tree -h output and SYNOPSIS agree # TODO known breakage
ok 10 - for_each_reflog_ent()
ok 363 - compare_files LF NNO_attr_text_aeol_crlf_false_CRLF_mix_LF.txt
ok 241 - git cat-file --batch-check --follow-symlinks works for out-of-repo symlinks in subdirs
ok 58 - ref name '*/foo' is invalid with options --normalize
ok 15 - create-reflog() not allowed
ok 38 - promisor.quiet from submodule repo is honored
# passed all 15 test(s)
1..15
ok 13 - deleting by HEAD adds message to HEAD's log
ok 364 - compare_files LF_mix_CR NNO_attr_text_aeol_crlf_false_LF_mix_CR.txt
ok 59 - ref name '*/foo' is valid with options --refspec-pattern --normalize
ok 11 - for_each_reflog_ent_reverse()
*** t1407-worktree-ref-store.sh ***
ok 417 - mailinfo -h output has no \t
ok 60 - ref name 'foo/*/bar' is invalid
ok 6 - show-ref -d
ok 12 - reflog_exists(HEAD)
ok 418 - mailinfo -h output has dashed labels
ok 365 - compare_files LF_nul NNO_attr_text_aeol_crlf_false_CRLF_nul.txt
ok 61 - ref name 'foo/*/bar' is invalid with options --allow-onelevel
ok 8 - new ref is a deeper prefix of existing loose
ok 419 - mailinfo -h output has consistent spacing
ok 18 - symbolic-ref can resolve d/f name (ENOTDIR)
ok 62 - ref name 'foo/*/bar' is valid with options --refspec-pattern
ok 366 - compare_files LF NNO_attr__aeol__input_LF.txt
ok 13 - delete_reflog(HEAD)
ok 19 - symbolic-ref refuses invalid target for non-HEAD
ok 63 - ref name 'foo/*/bar' is valid with options --refspec-pattern --allow-onelevel
ok 116 - set --bool
ok 420 - mailinfo appropriately marked as having .adoc
# failed 1 among 38 test(s)
1..38
ok 64 - ref name '*' is invalid
make[2]: [Makefile:82: t0410-partial-clone.sh] Error 1 (ignored)
ok 367 - compare_files CRLF NNO_attr__aeol__input_CRLF.txt
ok 14 - update-ref does not create reflogs by default
*** t1408-packed-refs.sh ***
ok 14 - create-reflog(HEAD)
ok 65 - ref name '*' is invalid with options --allow-onelevel
ok 421 - mailinfo *.adoc SYNOPSIS has dashed labels
ok 368 - compare_files CRLF_mix_LF NNO_attr__aeol__input_CRLF_mix_LF.txt
ok 66 - ref name '*' is invalid with options --refspec-pattern
ok 67 - ref name '*' is valid with options --refspec-pattern --allow-onelevel
ok 369 - compare_files LF_mix_CR NNO_attr__aeol__input_LF_mix_CR.txt
ok 20 - symbolic-ref allows top-level target for non-HEAD
ok 68 - ref name 'foo/*/*' is invalid with options --refspec-pattern
ok 242 - git cat-file --batch-check --follow-symlinks works for symlinks with internal ..
ok 117 - set --int
ok 9 - new ref is a deeper prefix of existing packed
ok 69 - ref name 'foo/*/*' is invalid with options --refspec-pattern --allow-onelevel
ok 370 - compare_files CRLF_nul NNO_attr__aeol__input_CRLF_nul.txt
ok 48 - pattern-checks: contained glob characters
ok 243 - git cat-file --batch-check --follow-symlink breaks loops
ok 15 - update-ref creates reflogs with --create-reflog
ok 70 - ref name '*/foo/*' is invalid with options --refspec-pattern
not ok 422 - mailinfo -h output and SYNOPSIS agree # TODO known breakage
ok 43 - subtest: nested lazy prerequisites
ok 371 - compare_files LF NNO_attr_-text_aeol__input_LF.txt
ok 244 - git cat-file --batch-check --follow-symlink -Z breaks loops
ok 71 - ref name '*/foo/*' is invalid with options --refspec-pattern --allow-onelevel
ok 372 - compare_files CRLF NNO_attr_-text_aeol__input_CRLF.txt
ok 72 - ref name '*/*/foo' is invalid with options --refspec-pattern
ok 423 - mailsplit -h output has no \t
ok 424 - mailsplit -h output has dashed labels
ok 73 - ref name '*/*/foo' is invalid with options --refspec-pattern --allow-onelevel
ok 373 - compare_files CRLF_mix_LF NNO_attr_-text_aeol__input_CRLF_mix_LF.txt
ok 245 - git cat-file --batch --follow-symlink returns correct sha and mode
ok 10 - one new ref is a simple prefix of another
ok 21 - symbolic-ref pointing at another
ok 425 - mailsplit -h output has consistent spacing
ok 74 - ref name '/foo' is invalid
ok 16 - creates no reflog in bare repository
ok 374 - compare_files LF_mix_CR NNO_attr_-text_aeol__input_LF_mix_CR.txt
ok 426 - mailsplit appropriately marked as having .adoc
ok 75 - ref name '/foo' is invalid with options --allow-onelevel
ok 118 - get --bool-or-int
ok 375 - compare_files CRLF_nul NNO_attr_-text_aeol__input_CRLF_nul.txt
ok 22 - symbolic-ref --short handles complex utf8 case
ok 427 - mailsplit *.adoc SYNOPSIS has dashed labels
ok 15 - delete_ref(refs/heads/foo)
ok 76 - ref name '/foo' is invalid with options --refspec-pattern
ok 376 - compare_files LF NNO_attr_-text_aeol_lf_input_LF.txt
ok 11 - D/F conflict prevents add long + delete short
ok 77 - ref name '/foo' is invalid with options --refspec-pattern --allow-onelevel
ok 23 - symbolic-ref --short handles name with suffix
ok 377 - compare_files CRLF NNO_attr_-text_aeol_lf_input_CRLF.txt
ok 6 - status with diff in unexpanded sparse directory
ok 378 - compare_files CRLF_mix_LF NNO_attr_-text_aeol_lf_input_CRLF_mix_LF.txt
ok 78 - ref name '/foo' is invalid with options --normalize
not ok 428 - mailsplit -h output and SYNOPSIS agree # TODO known breakage
ok 16 - delete_ref(refs/heads/foo)
ok 379 - compare_files LF_mix_CR NNO_attr_-text_aeol_lf_input_LF_mix_CR.txt
ok 79 - ref name '/foo' is valid with options --allow-onelevel --normalize
ok 24 - symbolic-ref --short handles almost-matching name
# passed all 16 test(s)
1..16
ok 12 - D/F conflict prevents add short + delete long
ok 17 - core.logAllRefUpdates=true creates reflog in bare repository
*** t1409-avoid-packing-refs.sh ***
ok 80 - ref name '/foo' is invalid with options --refspec-pattern --normalize
ok 429 - maintenance -h output has no \t
ok 380 - compare_files CRLF_nul NNO_attr_-text_aeol_lf_input_CRLF_nul.txt
ok 430 - maintenance -h output has dashed labels
ok 25 - symbolic-ref --short handles name with percent
ok 81 - ref name '/foo' is valid with options --refspec-pattern --allow-onelevel --normalize
ok 381 - compare_files LF NNO_attr_-text_aeol_crlf_input_LF.txt
# passed all 25 test(s)
1..25
ok 431 - maintenance -h output has consistent spacing
ok 119 - set --bool-or-int
ok 7 - show-ref --branches, --tags, --head, pattern
*** t1410-reflog.sh ***
ok 13 - D/F conflict prevents delete long + add short
ok 432 - maintenance appropriately marked as having .adoc
ok 382 - compare_files CRLF NNO_attr_-text_aeol_crlf_input_CRLF.txt
ok 8 - show-ref --heads is deprecated and hidden
ok 433 - maintenance *.adoc SYNOPSIS has dashed labels
ok 383 - compare_files CRLF_mix_LF NNO_attr_-text_aeol_crlf_input_CRLF_mix_LF.txt
ok 246 - cat-file --batch-all-objects shows all objects
ok 18 - core.logAllRefUpdates=true does not create reflog by default
ok 120 - set --path
ok 384 - compare_files LF_mix_CR NNO_attr_-text_aeol_crlf_input_LF_mix_CR.txt
ok 14 - D/F conflict prevents delete short + add long
ok 49 - pattern-checks: escaped characters
ok 50 # skip cone mode replaces backslashes with slashes (missing MINGW)
ok 247 - cat-file --unordered works
ok 9 - show-ref --verify HEAD
ok 385 - compare_files CRLF_nul NNO_attr_-text_aeol_crlf_input_CRLF_nul.txt
ok 7 - git read-tree -u -m --recurse-submodules: removed submodule absorbs submodules .git directory
not ok 434 - maintenance -h output and SYNOPSIS agree # TODO known breakage
ok 248 - set up object list for --batch-all-objects tests
ok 76 - reflog: garbage collection deletes reflog entries
ok 386 - compare_files LF NNO_attr_auto_aeol__input_LF.txt
ok 387 - compare_files CRLF NNO_attr_auto_aeol__input_CRLF.txt
ok 121 - get --path
ok 388 - compare_files CRLF_mix_LF NNO_attr_auto_aeol__input_CRLF_mix_LF.txt
ok 435 - merge -h output has no \t
ok 436 - merge -h output has dashed labels
ok 82 - check-ref-format --branch @{-1}
ok 437 - merge -h output has consistent spacing
ok 389 - compare_files LF_mix_CR NNO_attr_auto_aeol__input_LF_mix_CR.txt
ok 1 - setup
ok 83 - check-ref-format --branch -nain
ok 15 - D/F conflict prevents add long + delete short packed
ok 249 - cat-file --batch="%(objectname)" with --batch-all-objects will work
ok 7 - status reports sparse-checkout
ok 438 - merge appropriately marked as having .adoc
ok 390 - compare_files CRLF_nul NNO_attr_auto_aeol__input_CRLF_nul.txt
ok 10 - show-ref --verify pseudorefs
ok 44 - subtest: lazy prereqs do not turn off tracing
ok 19 - core.logAllRefUpdates=always creates reflog by default
ok 439 - merge *.adoc SYNOPSIS has dashed labels
ok 391 - compare_files LF NNO_attr_auto_aeol_lf_input_LF.txt
ok 122 - get --path copes with unset $HOME
ok 123 - get --path barfs on boolean variable
ok 250 - cat-file --batch="%(rest)" with --batch-all-objects will work
ok 392 - compare_files CRLF NNO_attr_auto_aeol_lf_input_CRLF.txt
ok 2 - resolve_ref(<shared-ref>)
ok 393 - compare_files CRLF_mix_LF NNO_attr_auto_aeol_lf_input_CRLF_mix_LF.txt
ok 16 - D/F conflict prevents add short + delete long packed
not ok 440 - merge -h output and SYNOPSIS agree # TODO known breakage
ok 251 - cat-file --batch="batman" with --batch-all-objects will work
ok 20 - core.logAllRefUpdates=always creates reflog for ORIG_HEAD
ok 394 - compare_files LF_mix_CR NNO_attr_auto_aeol_lf_input_LF_mix_CR.txt
ok 395 - compare_files CRLF_nul NNO_attr_auto_aeol_lf_input_CRLF_nul.txt
ok 51 - cone mode clears ignored subdirectories
ok 441 - merge-base -h output has no \t
ok 442 - merge-base -h output has dashed labels
ok 396 - compare_files LF NNO_attr_auto_aeol_crlf_input_LF.txt
ok 3 - resolve_ref(<per-worktree-ref>)
ok 443 - merge-base -h output has consistent spacing
ok 397 - compare_files CRLF NNO_attr_auto_aeol_crlf_input_CRLF.txt
ok 444 - merge-base appropriately marked as having .adoc
ok 84 - check-ref-format --branch from subdir
ok 17 - D/F conflict prevents delete long packed + add short
ok 398 - compare_files CRLF_mix_LF NNO_attr_auto_aeol_crlf_input_CRLF_mix_LF.txt
ok 11 - show-ref --verify with dangling ref
ok 445 - merge-base *.adoc SYNOPSIS has dashed labels
ok 399 - compare_files LF_mix_CR NNO_attr_auto_aeol_crlf_input_LF_mix_CR.txt
ok 124 - get --expiry-date
ok 85 - check-ref-format --branch @{-1} from non-repo
ok 1 - setup
ok 52 - sparse-checkout deduplicates repeated cone patterns
ok 400 - compare_files CRLF_nul NNO_attr_auto_aeol_crlf_input_CRLF_nul.txt
ok 2 - no error from stale entry in packed-refs
ok 86 - check-ref-format --branch main from non-repo
ok 401 - compare_files LF NNO_attr_text_aeol__input_LF.txt
ok 4 - create_symref(FOO, refs/heads/main)
ok 87 - ref name 'heads/foo' simplifies to 'heads/foo'
ok 77 - reflog: updates via HEAD update HEAD reflog
# passed all 4 test(s)
1..4
ok 18 - D/F conflict prevents delete short packed + add long
ok 446 - merge-base -h output and SYNOPSIS agree
ok 21 - --no-create-reflog overrides core.logAllRefUpdates=always
ok 125 - get --type=color
*** t1411-reflog-show.sh ***
ok 88 - ref name 'refs///heads/foo' simplifies to 'refs/heads/foo'
ok 402 - compare_files LF NNO_attr_text_aeol__input_CRLF.txt
ok 53 - sparse-checkout list deduplicates repeated cone patterns
ok 12 - show-ref sub-modes are mutually exclusive
ok 89 - ref name '/heads/foo' simplifies to 'heads/foo'
# passed all 12 test(s)
1..12
ok 1 - setup
ok 403 - compare_files LF NNO_attr_text_aeol__input_CRLF_mix_LF.txt
ok 22 - create refs/heads/main (by HEAD)
*** t1412-reflog-loop.sh ***
ok 90 - ref name '///heads/foo' simplifies to 'heads/foo'
ok 447 - merge-file -h output has no \t
ok 126 - get --type=color with default value only
ok 448 - merge-file -h output has dashed labels
ok 91 - check-ref-format --normalize rejects 'foo'
ok 23 - pack refs
ok 404 - compare_files LF_mix_CR NNO_attr_text_aeol__input_LF_mix_CR.txt
ok 449 - merge-file -h output has consistent spacing
ok 54 - malformed cone-mode patterns
ok 92 - check-ref-format --normalize rejects '/foo'
ok 19 - D/F conflict prevents indirect add long + delete short
ok 24 - move refs/heads/main (by HEAD)
ok 127 # skip get --type=color does not use a pager (missing TTY)
ok 93 - check-ref-format --normalize rejects 'heads/foo/../bar'
ok 450 - merge-file appropriately marked as having .adoc
ok 405 - compare_files LF_nul NNO_attr_text_aeol__input_CRLF_nul.txt
ok 2 - do not create packed-refs file gratuitously
ok 94 - check-ref-format --normalize rejects 'heads/./foo'
ok 451 - merge-file *.adoc SYNOPSIS has dashed labels
ok 406 - compare_files LF NNO_attr_text_aeol_lf_input_LF.txt
ok 95 - check-ref-format --normalize rejects 'heads\foo'
ok 128 - set --type=color
ok 55 - set from subdir pays attention to prefix
ok 78 - branch: copying branch with D/F conflict
ok 25 - delete refs/heads/main (by HEAD) should remove both packed and loose refs/heads/main
ok 96 - check-ref-format --normalize rejects 'heads/foo.lock'
ok 129 - get --type=color barfs on non-color
ok 407 - compare_files LF NNO_attr_text_aeol_lf_input_CRLF.txt
ok 3 - list packed refs with unicode characters
# passed all 3 test(s)
1..3
ok 408 - compare_files LF NNO_attr_text_aeol_lf_input_CRLF_mix_LF.txt
*** t1413-reflog-detach.sh ***
not ok 452 - merge-file -h output and SYNOPSIS agree # TODO known breakage
ok 97 - check-ref-format --normalize rejects 'heads///foo.lock'
ok 130 - set --type=color barfs on non-color
ok 56 - add from subdir pays attention to prefix
ok 409 - compare_files LF_mix_CR NNO_attr_text_aeol_lf_input_LF_mix_CR.txt
ok 98 - check-ref-format --normalize rejects 'foo.lock/bar'
ok 20 - D/F conflict prevents indirect add long + indirect delete short
ok 99 - check-ref-format --normalize rejects 'foo.lock///bar'
ok 410 - compare_files LF_nul NNO_attr_text_aeol_lf_input_CRLF_nul.txt
ok 57 - set from subdir in non-cone mode throws an error
# passed all 99 test(s)
1..99
ok 45 - subtest: tests clean up after themselves
*** t1414-reflog-walk.sh ***
ok 453 - merge-index -h output has no \t
ok 411 - compare_files LF NNO_attr_text_aeol_crlf_input_LF.txt
ok 454 - merge-index -h output has dashed labels
ok 3 - check that marking the packed-refs file works
ok 58 - set from subdir in non-cone mode throws an error
ok 455 - merge-index -h output has consistent spacing
ok 412 - compare_files LF NNO_attr_text_aeol_crlf_input_CRLF.txt
ok 79 - branch: moving branch with D/F conflict
ok 131 - quoting
ok 456 - merge-index appropriately marked as having .adoc
ok 413 - compare_files LF NNO_attr_text_aeol_crlf_input_CRLF_mix_LF.txt
ok 26 - delete symref without dereference
ok 132 - key with newline
ok 21 - D/F conflict prevents indirect add short + indirect delete long
ok 59 - by default, cone mode will error out when passed files
ok 457 - merge-index *.adoc SYNOPSIS has dashed labels
ok 133 - value with newline
ok 8 - git read-tree -u -m --recurse-submodules: replace submodule with a file
ok 414 - compare_files LF_mix_CR NNO_attr_text_aeol_crlf_input_LF_mix_CR.txt
ok 60 - error on mistyped command line options
ok 4 - leave packed-refs untouched on update of packed
ok 134 - value continued on next line
ok 415 - compare_files LF_nul NNO_attr_text_aeol_crlf_input_CRLF_nul.txt
ok 416 - setup config for checkout attr=-text ident= aeol= core.autocrlf=true
ok 61 - by default, non-cone mode will warn on individual files
ok 80 - worktree: adding worktree creates separate stack
ok 135 - --null --list
not ok 458 - merge-index -h output and SYNOPSIS agree # TODO known breakage
ok 22 - D/F conflict prevents indirect delete long + indirect add short
ok 417 - setup LF checkout  with -c core.eol=lf
ok 5 - leave packed-refs untouched on checked update of packed
ok 136 - --null --get-regexp
ok 418 - setup CRLF checkout  with -c core.eol=lf
ok 62 - setup bare repo
ok 459 - merge-ours -h output has no \t
ok 419 - setup LF_mix_CR checkout  with -c core.eol=lf
ok 63 - list fails outside work tree
ok 27 - delete symref without dereference when the referred ref is packed
ok 137 - inner whitespace kept verbatim, spaces only
ok 460 - merge-ours -h output has dashed labels
ok 420 - setup CRLF_mix_LF checkout  with -c core.eol=lf
ok 64 - add fails outside work tree
ok 461 - merge-ours -h output has consistent spacing
ok 6 - leave packed-refs untouched on verify of packed
ok 421 - setup LF_nul checkout  with -c core.eol=lf
ok 65 - set fails outside work tree
ok 23 - D/F conflict prevents indirect add long + delete short packed
ok 462 - merge-ours appropriately marked as not having .adoc
ok 252 - cat-file %(objectsize:disk) with --batch-all-objects
ok 463 # skip merge-ours *.adoc SYNOPSIS has dashed labels (missing BUILTIN_ADOC_MERGE_OURS)
ok 138 - inner whitespace kept verbatim, horizontal tabs only
ok 66 - init fails outside work tree
ok 464 # skip merge-ours -h output and SYNOPSIS agree (missing BUILTIN_ADOC_MERGE_OURS)
ok 28 - update-ref -d is not confused by self-reference
ok 1 - setup
ok 67 - reapply fails outside work tree
ok 465 - merge-recursive -h output has no \t
ok 7 - touch packed-refs on delete of packed
ok 466 - merge-recursive -h output has dashed labels
ok 68 - disable fails outside work tree
ok 139 - inner whitespace kept verbatim, horizontal tabs and spaces
ok 69 - setup clean
ok 467 - merge-recursive -h output has consistent spacing
ok 2 - log -g shows reflog headers
ok 81 - worktree: pack-refs in main repo packs main refs
ok 468 - merge-recursive appropriately marked as not having .adoc
ok 469 # skip merge-recursive *.adoc SYNOPSIS has dashed labels (missing BUILTIN_ADOC_MERGE_RECURSIVE)
ok 24 - D/F conflict prevents indirect add long + indirect delete short packed
ok 422 - ls-files --eol attr=-text  aeol= core.autocrlf=true core.eol=lf
ok 1 - setup commits
ok 470 # skip merge-recursive -h output and SYNOPSIS agree (missing BUILTIN_ADOC_MERGE_RECURSIVE)
ok 3 - oneline reflog format
ok 29 - update-ref --no-deref -d can delete self-reference
ok 8 - leave packed-refs untouched on update of loose
ok 253 - set up replacement object
ok 4 - reflog default format
ok 423 - checkout attr=-text  aeol= core.autocrlf=true core.eol=lf file=LF
ok 254 - cat-file --batch respects replace objects
ok 471 - merge-recursive-ours -h output has no \t
ok 472 - merge-recursive-ours -h output has dashed labels
ok 5 - override reflog default format
ok 424 - checkout attr=-text  aeol= core.autocrlf=true core.eol=lf file=CRLF
ok 473 - merge-recursive-ours -h output has consistent spacing
ok 255 - cat-file --batch-check respects replace objects
ok 9 - leave packed-refs untouched on checked update of loose
ok 6 - using @{now} syntax shows reflog date (multiline)
ok 70 - check-rules cone mode
ok 474 - merge-recursive-ours appropriately marked as not having .adoc
ok 475 # skip merge-recursive-ours *.adoc SYNOPSIS has dashed labels (missing BUILTIN_ADOC_MERGE_RECURSIVE_OURS)
ok 425 - checkout attr=-text  aeol= core.autocrlf=true core.eol=lf file=CRLF_mix_LF
ok 25 - D/F conflict prevents add long + indirect delete short packed
ok 2 - setup reflog with alternating commits
ok 30 - update-ref --no-deref -d can delete reference to bad ref
ok 140 - symlinked configuration
ok 476 # skip merge-recursive-ours -h output and SYNOPSIS agree (missing BUILTIN_ADOC_MERGE_RECURSIVE_OURS)
ok 7 - using @{now} syntax shows reflog date (oneline)
ok 1 - setup
ok 31 - (not) create HEAD with old sha1
ok 426 - checkout attr=-text  aeol= core.autocrlf=true core.eol=lf file=LF_mix_CR
ok 3 - reflog shows all entries
ok 8 - using @{now} syntax shows reflog date (format=%gd)
ok 477 - merge-recursive-theirs -h output has no \t
# passed all 3 test(s)
1..3
ok 478 - merge-recursive-theirs -h output has dashed labels
ok 256 - batch-check with a submodule
ok 141 - symlink to nonexistent configuration
*** t1415-worktree-refs.sh ***
ok 427 - checkout attr=-text  aeol= core.autocrlf=true core.eol=lf file=LF_nul
ok 32 - (not) prior created .git/refs/heads/main
ok 10 - leave packed-refs untouched on verify of loose
ok 2 - baseline
ok 479 - merge-recursive-theirs -h output has consistent spacing
ok 9 - using --date= shows reflog date (multiline)
ok 33 - create HEAD
ok 428 - setup config for checkout attr=-text ident= aeol=lf core.autocrlf=true
ok 46 - subtest: tests clean up even on failures
ok 480 - merge-recursive-theirs appropriately marked as not having .adoc
ok 82 - worktree: pack-refs in worktree packs worktree refs
ok 34 - (not) change HEAD with wrong SHA1
ok 257 - batch-check with a submodule, object exists
ok 481 # skip merge-recursive-theirs *.adoc SYNOPSIS has dashed labels (missing BUILTIN_ADOC_MERGE_RECURSIVE_THEIRS)
ok 71 - check-rules non-cone mode
ok 482 # skip merge-recursive-theirs -h output and SYNOPSIS agree (missing BUILTIN_ADOC_MERGE_RECURSIVE_THEIRS)
ok 10 - using --date= shows reflog date (oneline)
ok 429 - setup LF checkout  with -c core.eol=lf
ok 26 - D/F conflict prevents indirect delete long packed + indirect add short
ok 11 - using --date= shows reflog date (format=%gd)
ok 35 - (not) changed .git/refs/heads/main
ok 483 - merge-subtree -h output has no \t
ok 258 - cat-file --batch-all-objects --batch ignores replace
ok 430 - setup CRLF checkout  with -c core.eol=lf
ok 3 - switch to branch
ok 484 - merge-subtree -h output has dashed labels
ok 11 - leave packed-refs untouched on delete of loose
ok 36 - clean up reflog
# passed all 11 test(s)
1..11
ok 485 - merge-subtree -h output has consistent spacing
ok 27 - missing old value blocks update
ok 259 - cat-file --batch-all-objects --batch-check ignores replace
*** t1416-ref-transaction-hooks.sh ***
ok 431 - setup LF_mix_CR checkout  with -c core.eol=lf
ok 486 - merge-subtree appropriately marked as not having .adoc
ok 487 # skip merge-subtree *.adoc SYNOPSIS has dashed labels (missing BUILTIN_ADOC_MERGE_SUBTREE)
ok 488 # skip merge-subtree -h output and SYNOPSIS agree (missing BUILTIN_ADOC_MERGE_SUBTREE)
ok 12 - log.date does not invoke "--date" magic (multiline)
ok 432 - setup CRLF_mix_LF checkout  with -c core.eol=lf
ok 260 - batch-command empty command
ok 72 - check-rules cone mode is default
not ok 9 - git read-tree -u -m --recurse-submodules: replace submodule with a file must fail with untracked files # TODO known breakage
ok 261 - batch-command whitespace before command
ok 142 - check split_cmdline return
ok 28 - incorrect old value blocks update
ok 433 - setup LF_nul checkout  with -c core.eol=lf
ok 73 - check-rules quoting
ok 489 - merge-tree -h output has no \t
ok 490 - merge-tree -h output has dashed labels
ok 37 - create refs/heads/main (logged by touch)
ok 4 - detach to other
ok 262 - batch-command unknown command
ok 491 - merge-tree -h output has consistent spacing
ok 13 - log.date does not invoke "--date" magic (oneline)
ok 263 - batch-command missing arguments
ok 74 - check-rules null termination
ok 29 - existing old value blocks create
ok 492 - merge-tree appropriately marked as having .adoc
ok 1 - set up some reflog entries
ok 264 - batch-command flush with arguments
ok 2 - set up expected reflog
ok 143 - git -c "key=value" support
ok 493 - merge-tree *.adoc SYNOPSIS has dashed labels
ok 265 - batch-command flush without --buffer
ok 5 - detach to self
ok 3 - reflog walk shows expected logs
ok 38 - update refs/heads/main (logged by touch)
ok 144 - git -c can represent empty string
ok 14 - log.date does not invoke "--date" magic (format=%gd)
ok 434 - ls-files --eol attr=-text  aeol=lf core.autocrlf=true core.eol=lf
ok 30 - incorrect old value blocks delete
ok 83 - worktree: creating shared ref updates main stack
ok 4 - reflog can limit with --no-merges
ok 1 - setup
not ok 266 - --batch-check is unbuffered by default
ok 15 - --date magic does not override explicit @{0} syntax
ok 435 - checkout attr=-text  aeol=lf core.autocrlf=true core.eol=lf file=LF
#	
#		perl -e "$perl_script" -- --batch-check $hello_oid "$expect"
#	
ok 2 - correct usage on sub-command -h
ok 5 - reflog can limit with pathspecs
not ok 267 - --batch-command info is unbuffered by default
ok 39 - set refs/heads/main (logged by touch)
ok 3 - correct usage on "git reflog show -h"
#	
#		perl -e "$perl_script" -- --batch-command $hello_oid "$expect" "info "
#	
ok 31 - missing old value blocks indirect update
ok 6 - pathspec limiting handles merges
ok 436 - checkout attr=-text  aeol=lf core.autocrlf=true core.eol=lf file=CRLF
ok 494 - merge-tree -h output and SYNOPSIS agree
ok 6 - attach to self
ok 16 - empty reflog file
ok 437 - checkout attr=-text  aeol=lf core.autocrlf=true core.eol=lf file=CRLF_mix_LF
ok 438 - checkout attr=-text  aeol=lf core.autocrlf=true core.eol=lf file=LF_mix_CR
ok 7 - --parents shows true parents
ok 495 - mktag -h output has no \t
ok 40 - verifying refs/heads/main's log (logged by touch)
ok 75 - clean
ok 496 - mktag -h output has dashed labels
ok 439 - checkout attr=-text  aeol=lf core.autocrlf=true core.eol=lf file=LF_nul
ok 32 - incorrect old value blocks indirect update
ok 497 - mktag -h output has consistent spacing
ok 440 - setup config for checkout attr=-text ident= aeol=crlf core.autocrlf=true
ok 7 - attach to other
# passed all 7 test(s)
1..7
ok 498 - mktag appropriately marked as having .adoc
ok 441 - setup LF checkout  with -c core.eol=lf
*** t1417-reflog-updateref.sh ***
ok 145 - key sanity-checking
ok 8 - walking multiple reflogs shows all
ok 41 - create refs/heads/main (logged by config)
ok 442 - setup CRLF checkout  with -c core.eol=lf
ok 4 - pass through -- to sub-command
ok 499 - mktag *.adoc SYNOPSIS has dashed labels
ok 33 - existing old value blocks indirect create
ok 443 - setup LF_mix_CR checkout  with -c core.eol=lf
ok 84 - worktree: creating per-worktree ref updates worktree stack
ok 9 - date-limiting does not interfere with other logs
ok 47 - subtest: test_atexit is run
ok 146 - git -c works with aliases of builtins
ok 48 - test_oid provides sane info by default
ok 444 - setup CRLF_mix_LF checkout  with -c core.eol=lf
ok 500 - mktag -h output and SYNOPSIS agree
ok 445 - setup LF_nul checkout  with -c core.eol=lf
ok 49 - test_oid can look up data for SHA-1
ok 42 - update refs/heads/main (logged by config)
ok 34 - incorrect old value blocks indirect delete
ok 50 - test_oid can look up data for SHA-256
ok 17 - git log -g -p shows diffs vs. parents
ok 51 - test_oid can look up data for a specified algorithm
# passed all 17 test(s)
1..17
ok 501 - mktree -h output has no \t
*** t1418-reflog-exists.sh ***
ok 10 - min/max age uses entry date to limit
ok 502 - mktree -h output has dashed labels
ok 503 - mktree -h output has consistent spacing
ok 35 - missing old value blocks indirect no-deref update
ok 446 - ls-files --eol attr=-text  aeol=crlf core.autocrlf=true core.eol=lf
ok 504 - mktree appropriately marked as having .adoc
ok 447 - checkout attr=-text  aeol=crlf core.autocrlf=true core.eol=lf file=LF
ok 43 - set refs/heads/main (logged by config)
ok 505 - mktree *.adoc SYNOPSIS has dashed labels
ok 448 - checkout attr=-text  aeol=crlf core.autocrlf=true core.eol=lf file=CRLF
ok 1 - setup
ok 147 - aliases can be CamelCased
ok 449 - checkout attr=-text  aeol=crlf core.autocrlf=true core.eol=lf file=CRLF_mix_LF
ok 506 - mktree -h output and SYNOPSIS agree
ok 148 - git -c does not split values on equals
ok 44 - verifying refs/heads/main's log (logged by config)
ok 36 - incorrect old value blocks indirect no-deref update
ok 450 - checkout attr=-text  aeol=crlf core.autocrlf=true core.eol=lf file=LF_mix_CR
ok 1 - setup
ok 149 - git -c dies on bogus config
ok 268 - setup for objects filter
ok 85 - worktree: creating per-worktree ref from main repo
ok 507 - multi-pack-index -h output has no \t
ok 150 - git -c complains about empty key
ok 508 - multi-pack-index -h output has dashed labels
ok 451 - checkout attr=-text  aeol=crlf core.autocrlf=true core.eol=lf file=LF_nul
ok 269 - objects filter with unknown option
ok 151 - git -c complains about empty key and value
ok 52 - test_bool_env
ok 452 - setup config for checkout attr=text ident= aeol=lf core.autocrlf=true
ok 509 - multi-pack-index -h output has consistent spacing
ok 453 - setup LF checkout  with -c core.eol=lf
ok 270 - objects filter with unsupported option sparse:oid=1234
ok 37 - existing old value blocks indirect no-deref create
ok 271 - objects filter with unsupported option tree:1
ok 510 - multi-pack-index appropriately marked as having .adoc
ok 454 - setup CRLF checkout  with -c core.eol=lf
ok 2 - hook allows updating ref if successful
ok 76 - clean with sparse file states
ok 272 - objects filter with unsupported option sparse:path=x
ok 455 - setup LF_mix_CR checkout  with -c core.eol=lf
ok 2 - refs/worktree are per-worktree
ok 511 - multi-pack-index *.adoc SYNOPSIS has dashed labels
ok 11 - walk prefers reflog to ref tip
ok 152 - multiple git -c appends config
ok 12 - rev-list -g complains when there are no reflogs
ok 456 - setup CRLF_mix_LF checkout  with -c core.eol=lf
# passed all 12 test(s)
1..12
*** t1419-exclude-refs.sh ***
ok 273 - objects filter: disabled
ok 457 - setup LF_nul checkout  with -c core.eol=lf
ok 38 - incorrect old value blocks indirect no-deref delete
ok 45 - set up for querying the reflog
# passed all 38 test(s)
1..38
*** t1420-lost-found.sh ***
ok 3 - hook aborts updating ref in preparing state
ok 46 - Query "main@{May 25 2005}" (before history)
ok 512 - multi-pack-index -h output and SYNOPSIS agree
ok 53 - git update-index without --add should fail adding
ok 274 - objects filter: blob:none
ok 3 - resolve main-worktree/HEAD
ok 54 - git update-index with --add should succeed
ok 153 - last one wins: two level vars
ok 55 - writing tree out with git write-tree
ok 47 - Query main@{2005-05-25} (before history)
ok 56 - validate object ID of a known tree
ok 458 - ls-files --eol attr=text  aeol=lf core.autocrlf=true core.eol=lf
ok 513 - mv -h output has no \t
ok 514 - mv -h output has dashed labels
ok 5 - rewind
ok 57 - git update-index without --remove should fail removing
ok 48 - Query "main@{May 26 2005 23:31:59}" (1 second before history)
ok 459 - checkout attr=text  aeol=lf core.autocrlf=true core.eol=lf file=LF
ok 515 - mv -h output has consistent spacing
ok 58 - git update-index with --remove should be able to remove
ok 86 - worktree: creating per-worktree ref from second worktree
ok 49 - Query "main@{May 26 2005 23:32:00}" (exactly history start)
ok 275 - objects filter prints excluded objects: blob:none
ok 59 - git write-tree should be able to write an empty tree
ok 60 - validate object ID of a known tree
ok 516 - mv appropriately marked as having .adoc
ok 4 - ambiguous main-worktree/HEAD
ok 460 - checkout attr=text  aeol=lf core.autocrlf=true core.eol=lf file=CRLF
ok 50 - Query "main@{May 26 2005 23:32:30}" (first non-creation change)
ok 6 - reflog expire should not barf on an annotated tag
ok 517 - mv *.adoc SYNOPSIS has dashed labels
ok 4 - hook aborts updating ref in prepared state
ok 461 - checkout attr=text  aeol=lf core.autocrlf=true core.eol=lf file=CRLF_mix_LF
ok 276 - objects filter: blob:limit=1
ok 51 - Query "main@{2005-05-26 23:33:01}" (middle of history with gap)
ok 462 - checkout attr=text  aeol=lf core.autocrlf=true core.eol=lf file=LF_mix_CR
ok 154 - last one wins: three level vars
ok 7 - corrupt and check
ok 1 - setup
ok 52 - Query "main@{2005-05-26 23:38:00}" (middle of history)
ok 463 - checkout attr=text  aeol=lf core.autocrlf=true core.eol=lf file=LF_nul
ok 518 - mv -h output and SYNOPSIS agree
ok 464 - setup config for checkout attr=text ident= aeol=crlf core.autocrlf=true
ok 2 - usage
ok 53 - Query "main@{2005-05-26 23:43:00}" (exact end of history)
ok 5 - resolve worktrees/xx/HEAD
ok 465 - setup LF checkout  with -c core.eol=lf
ok 277 - objects filter prints excluded objects: blob:limit=1
ok 3 - usage: unknown option
ok 61 - adding various types of objects with git update-index --add
ok 466 - setup CRLF checkout  with -c core.eol=lf
ok 54 - Query "main@{2005-05-28}" (past end of history)
ok 8 - reflog expire --dry-run should not touch reflog
ok 1 - setup
ok 62 - showing stage with git ls-files --stage
ok 77 - sparse-checkout operations with merge conflicts
ok 4 - reflog exists works
ok 467 - setup LF_mix_CR checkout  with -c core.eol=lf
# still have 1 known breakage(s)
# passed all remaining 76 test(s)
1..77
ok 278 - objects filter: blob:limit=500
ok 519 - name-rev -h output has no \t
*** t1421-reflog-write.sh ***
ok 468 - setup CRLF_mix_LF checkout  with -c core.eol=lf
ok 520 - name-rev -h output has dashed labels
ok 63 - validate git ls-files output for a known tree
ok 521 - name-rev -h output has consistent spacing
ok 469 - setup LF_nul checkout  with -c core.eol=lf
ok 6 - ambiguous worktrees/xx/HEAD
ok 5 - hook gets all queued updates in prepared state
ok 64 - writing tree out with git write-tree
ok 87 - worktree: can create shared and per-worktree ref in one transaction
ok 65 - validate object ID for a known tree
ok 155 - old-fashioned settings are case insensitive
ok 5 - reflog exists works with a "--" delimiter
ok 522 - name-rev appropriately marked as having .adoc
ok 2 - get 'B' with 'git reflog delete --updateref HEAD@{0}'
ok 523 - name-rev *.adoc SYNOPSIS has dashed labels
ok 66 - showing tree with git ls-tree
ok 10 - git read-tree -u -m --recurse-submodules: worktrees of nested submodules are removed
ok 279 - objects filter prints excluded objects: blob:limit=500
ok 9 - reflog expire
ok 67 - git ls-tree output for a known tree
ok 7 - reflog of main-worktree/HEAD
ok 6 - reflog exists works with a "--end-of-options" delimiter
ok 8 - add, commit, checkout
# passed all 6 test(s)
1..6
ok 470 - ls-files --eol attr=text  aeol=crlf core.autocrlf=true core.eol=lf
*** t1422-show-ref-exists.sh ***
ok 280 - objects filter: blob:limit=1000
not ok 524 - name-rev -h output and SYNOPSIS agree # TODO known breakage
ok 471 - checkout attr=text  aeol=crlf core.autocrlf=true core.eol=lf file=LF
ok 3 - get 'B' with 'git reflog delete --updateref HEAD@{1}'
ok 68 - showing tree with git ls-tree -r
ok 156 - setting different case sensitive subsections 
ok 6 - hook gets all queued updates in committed state
ok 55 - query reflog with gap
ok 472 - checkout attr=text  aeol=crlf core.autocrlf=true core.eol=lf file=CRLF
ok 525 - notes -h output has no \t
ok 157 - git -c a=VAL rejects invalid 'a'
ok 1 - setup
ok 526 - notes -h output has dashed labels
ok 1 - setup
ok 69 - git ls-tree -r output for a known tree
ok 10 - --stale-fix handles missing objects generously
ok 8 - reflog of worktrees/xx/HEAD
ok 158 - git -c .a=VAL rejects invalid '.a'
ok 527 - notes -h output has consistent spacing
ok 473 - checkout attr=text  aeol=crlf core.autocrlf=true core.eol=lf file=CRLF_mix_LF
ok 70 - showing tree with git ls-tree -r -t
ok 159 - git -c a.=VAL rejects invalid 'a.'
ok 4 - get 'C' with 'git reflog delete --updateref main@{0}'
ok 281 - objects filter prints excluded objects: blob:limit=1000
ok 528 - notes appropriately marked as having .adoc
ok 474 - checkout attr=text  aeol=crlf core.autocrlf=true core.eol=lf file=LF_mix_CR
ok 160 - git -c a.0b=VAL rejects invalid 'a.0b'
ok 2 - excluded region in middle
ok 529 - notes *.adoc SYNOPSIS has dashed labels
ok 161 - git -c a.b c.=VAL rejects invalid 'a.b c.'
ok 71 - git ls-tree -r output for a known tree
ok 88 - worktree: can access common refs
ok 7 - hook gets all queued updates in aborted state
ok 475 - checkout attr=text  aeol=crlf core.autocrlf=true core.eol=lf file=LF_nul
ok 282 - objects filter: blob:limit=1k
ok 162 - git -c a.b c.0d=VAL rejects invalid 'a.b c.0d'
ok 476 - setup config for checkout attr=auto ident= aeol=lf core.autocrlf=true
ok 72 - writing partial tree out with git write-tree --prefix
ok 5 - get 'B' with 'git reflog delete --updateref main@{1}'
ok 163 - git -c a.b=VAL works with valid 'a.b'
ok 73 - validate object ID for a known tree
ok 3 - excluded region at beginning
not ok 530 - notes -h output and SYNOPSIS agree # TODO known breakage
ok 2 - lost and found something
ok 74 - writing partial tree out with git write-tree --prefix
ok 477 - setup LF checkout  with -c core.eol=lf
ok 75 - validate object ID for a known tree
ok 164 - git -c a.b c.d=VAL works with valid 'a.b c.d'
# passed all 2 test(s)
1..2
*** t1423-ref-backend.sh ***
ok 165 - git -c is not confused by empty environment
ok 478 - setup CRLF checkout  with -c core.eol=lf
ok 531 - pack-objects -h output has no \t
ok 4 - excluded region at end
ok 532 - pack-objects -h output has dashed labels
ok 479 - setup LF_mix_CR checkout  with -c core.eol=lf
ok 166 - GIT_CONFIG_PARAMETERS handles old-style entries
ok 283 - objects filter prints excluded objects: blob:limit=1k
ok 56 - creating initial files
ok 6 - get 'B' with 'git reflog delete --updateref --rewrite HEAD@{0}'
ok 76 - put invalid objects into the index
ok 533 - pack-objects -h output has consistent spacing
ok 480 - setup CRLF_mix_LF checkout  with -c core.eol=lf
ok 167 - GIT_CONFIG_PARAMETERS handles new-style entries
ok 77 - writing this tree without --missing-ok
ok 5 - disjoint excluded regions
ok 57 - git commit logged updates
ok 78 - writing this tree with --missing-ok
ok 9 - for-each-ref from main worktree
ok 481 - setup LF_nul checkout  with -c core.eol=lf
ok 284 - objects filter: object:type=blob
ok 58 - git cat-file blob main:F (expect OTHER)
ok 534 - pack-objects appropriately marked as having .adoc
ok 168 - old and new-style entries can mix
ok 89 - worktree: adds worktree with detached HEAD
ok 59 - git cat-file blob main@{2005-05-26 23:30}:F (expect TEST)
ok 535 - pack-objects *.adoc SYNOPSIS has dashed labels
ok 169 - old and new bools with ambiguous subsection
ok 6 - adjacent, non-overlapping excluded regions
ok 60 - git cat-file blob main@{2005-05-26 23:42}:F (expect OTHER)
ok 79 - git read-tree followed by write-tree should be idempotent
ok 7 - get 'B' with 'git reflog delete --updateref --rewrite HEAD@{1}'
ok 11 - prune and fsck
ok 61 - given old value for missing pseudoref, do not create
ok 7 - non-directory excluded regions
ok 536 - pack-objects -h output and SYNOPSIS agree
ok 285 - objects filter prints excluded objects: object:type=blob
ok 482 - ls-files --eol attr=auto  aeol=lf core.autocrlf=true core.eol=lf
ok 170 - detect bogus GIT_CONFIG_PARAMETERS
ok 62 - create pseudoref
ok 8 - interleaving hook calls succeed
ok 80 - validate git diff-files output for a know cache/work tree state
ok 81 - git update-index --refresh should succeed
ok 8 - get 'C' with 'git reflog delete --updateref --rewrite main@{0}'
ok 1 - invalid number of arguments
ok 63 - overwrite pseudoref with no old value given
ok 483 - checkout attr=auto  aeol=lf core.autocrlf=true core.eol=lf file=LF
ok 537 - pack-redundant -h output has no \t
ok 8 - overlapping excluded regions
ok 12 - recover and check
ok 286 - objects filter: object:type=commit
ok 82 - no diff after checkout and git update-index --refresh
ok 538 - pack-redundant -h output has dashed labels
ok 539 - pack-redundant -h output has consistent spacing
ok 484 - checkout attr=auto  aeol=lf core.autocrlf=true core.eol=lf file=CRLF
ok 64 - overwrite pseudoref with correct old value
ok 9 - several overlapping excluded regions
ok 2 - invalid refname
ok 540 - pack-redundant appropriately marked as having .adoc
ok 10 - for-each-ref from linked worktree
ok 485 - checkout attr=auto  aeol=lf core.autocrlf=true core.eol=lf file=CRLF_mix_LF
ok 83 - git commit-tree records the correct tree in a commit
# passed all 10 test(s)
1..10
ok 9 - get 'B' with 'git reflog delete --updateref --rewrite main@{1}'
*** t1430-bad-ref-name.sh ***
ok 541 - pack-redundant *.adoc SYNOPSIS has dashed labels
ok 65 - do not overwrite pseudoref with wrong old value
ok 486 - checkout attr=auto  aeol=lf core.autocrlf=true core.eol=lf file=LF_mix_CR
ok 171 - git --config-env=key=envvar support
ok 287 - objects filter prints excluded objects: object:type=commit
ok 10 - unordered excludes
ok 3 - unqualified refname is rejected
ok 84 - git commit-tree records the correct parent in a commit
ok 9 - hook captures git-symbolic-ref updates
ok 66 - delete pseudoref
ok 487 - checkout attr=auto  aeol=lf core.autocrlf=true core.eol=lf file=LF_nul
ok 10 - get 'B' with 'test_must_fail git reflog expire HEAD@{0}'
ok 172 - git --config-env with missing value
ok 90 - fetch: accessing FETCH_HEAD special ref works
ok 488 - setup config for checkout attr=auto ident= aeol=crlf core.autocrlf=true
ok 11 - non-matching excluded section
ok 288 - objects filter: object:type=tag
ok 542 - pack-redundant -h output and SYNOPSIS agree
ok 489 - setup LF checkout  with -c core.eol=lf
ok 67 - do not delete pseudoref with wrong old value
ok 490 - setup CRLF checkout  with -c core.eol=lf
ok 68 - delete pseudoref with correct old value
ok 4 - nonexistent object IDs
ok 173 - git --config-env fails with invalid parameters
ok 491 - setup LF_mix_CR checkout  with -c core.eol=lf
ok 12 - meta-characters are discarded
ok 11 - get 'B' with 'test_must_fail git reflog expire HEAD@{1}'
ok 543 - pack-refs -h output has no \t
ok 544 - pack-refs -h output has dashed labels
ok 69 - create pseudoref with old OID zero
ok 174 - git -c and --config-env work together
ok 492 - setup CRLF_mix_LF checkout  with -c core.eol=lf
ok 85 - git commit-tree omits duplicated parent in a commit
ok 545 - pack-refs -h output has consistent spacing
ok 1 - setup
ok 493 - setup LF_nul checkout  with -c core.eol=lf
ok 289 - objects filter prints excluded objects: object:type=tag
ok 2 - --exists with existing reference
ok 546 - pack-refs appropriately marked as having .adoc
ok 175 - git -c and --config-env override each other
ok 3 - --exists with missing reference
ok 547 - pack-refs *.adoc SYNOPSIS has dashed labels
ok 70 - do not overwrite pseudoref with old OID zero
ok 176 - --config-env handles keys with equals
ok 91 - writes do not persist peeled value for invalid tags
ok 12 - get 'B' with 'test_must_fail git reflog expire main@{0}'
ok 13 - empty string exclude pattern is ignored
ok 290 - objects filter: object:type=tree
ok 86 - update-index D/F conflict
ok 4 - --exists does not use DWIM
# passed all 91 test(s)
1..91
# passed all 13 test(s)
1..13
*** t1450-fsck.sh ***
ok 5 - --exists with HEAD
*** t1451-fsck-buffer.sh ***
ok 1 - config: URI is invalid
ok 177 - git config handles environment config pairs
ok 494 - ls-files --eol attr=auto  aeol=crlf core.autocrlf=true core.eol=lf
ok 71 - stdin test setup
ok 178 - git config ignores pairs without count
ok 5 - abbreviated object IDs
ok 10 - hook gets all queued symref updates
ok 548 - pack-refs -h output and SYNOPSIS agree
ok 495 - checkout attr=auto  aeol=crlf core.autocrlf=true core.eol=lf file=LF
ok 72 - -z fails without --stdin
# passed all 10 test(s)
1..10
ok 13 - delete
ok 11 - git read-tree -u -m --recurse-submodules: modified submodule updates submodule work tree
*** t1460-refs-migrate.sh ***
ok 179 - git config ignores pairs exceeding count
ok 13 - get 'B' with 'test_must_fail git reflog expire main@{1}'
ok 87 - very long name in the index handled sanely
ok 496 - checkout attr=auto  aeol=crlf core.autocrlf=true core.eol=lf file=CRLF
ok 2 - config: URI ends with colon
ok 6 - --exists with bad reference name
ok 180 - git config ignores pairs with zero count
ok 291 - objects filter prints excluded objects: object:type=tree
ok 549 - patch-id -h output has no \t
ok 73 - stdin works with no input
# still have 1 known breakage(s)
# failed 2 among remaining 290 test(s)
1..291
ok 550 - patch-id -h output has dashed labels
make[2]: [Makefile:82: t1006-cat-file.sh] Error 1 (ignored)
ok 14 - rewind2
*** t1461-refs-list.sh ***
ok 181 - git config ignores pairs with empty count
ok 497 - checkout attr=auto  aeol=crlf core.autocrlf=true core.eol=lf file=CRLF_mix_LF
ok 551 - patch-id -h output has consistent spacing
ok 74 - stdin fails on empty line
not ok 182 - git config fails with invalid count
ok 552 - patch-id appropriately marked as having .adoc
ok 498 - checkout attr=auto  aeol=crlf core.autocrlf=true core.eol=lf file=LF_mix_CR
#	
#		test_must_fail env GIT_CONFIG_COUNT=10a git config ${mode_prefix}list 2>error &&
#		test_grep "bogus count" error &&
#		test_must_fail env GIT_CONFIG_COUNT=9999999999999999 git config ${mode_prefix}list 2>error &&
#		test_grep "too many entries" error
#	
ok 75 - stdin fails on only whitespace
ok 15 - --expire=never
ok 3 - config: unknown reference backend
ok 7 - --exists with arbitrary symref
ok 14 - get 'B' with 'test_must_fail git reflog expire --updateref HEAD@{0}'
ok 553 - patch-id *.adoc SYNOPSIS has dashed labels
ok 76 - stdin fails on leading whitespace
ok 499 - checkout attr=auto  aeol=crlf core.autocrlf=true core.eol=lf file=LF_nul
not ok 183 - git config fails with missing config key
#	
#		test_must_fail env GIT_CONFIG_COUNT=1 GIT_CONFIG_VALUE_0="value" \
#			git config ${mode_prefix}list 2>error &&
#		test_grep "missing config key" error
#	
ok 500 - setup config for checkout attr=-text ident= aeol= core.autocrlf=false
not ok 184 - git config fails with missing config value
ok 77 - stdin fails on unknown command
#	
#		test_must_fail env GIT_CONFIG_COUNT=1 GIT_CONFIG_KEY_0="pair.one" \
#			git config ${mode_prefix}list 2>error &&
#		test_grep "missing config value" error
#	
ok 6 - reflog message gets normalized
ok 554 - patch-id -h output and SYNOPSIS agree
ok 8 - --exists with dangling symref
ok 78 - stdin fails on unbalanced quotes
ok 501 - setup LF checkout  with -c core.eol=lf
not ok 185 - git config fails with invalid config pair key
ok 15 - get 'B' with 'test_must_fail git reflog expire --updateref HEAD@{1}'
#	
#		test_must_fail env GIT_CONFIG_COUNT=1 \
#			GIT_CONFIG_KEY_0= GIT_CONFIG_VALUE_0=value \
#			git config ${mode_prefix}list &&
#		test_must_fail env GIT_CONFIG_COUNT=1 \
#			GIT_CONFIG_KEY_0=missing-section GIT_CONFIG_VALUE_0=value \
#			git config ${mode_prefix}list
#	
ok 79 - stdin fails on invalid escape
ok 502 - setup CRLF checkout  with -c core.eol=lf
ok 555 - pickaxe -h output has no \t
ok 556 - pickaxe -h output has dashed labels
ok 9 - --exists with nonexistent object ID
ok 80 - stdin fails on junk after quoted argument
ok 557 - pickaxe -h output has consistent spacing
ok 503 - setup LF_mix_CR checkout  with -c core.eol=lf
ok 186 - environment overrides config file
ok 558 - pickaxe appropriately marked as not having .adoc
ok 559 # skip pickaxe *.adoc SYNOPSIS has dashed labels (missing BUILTIN_ADOC_PICKAXE)
ok 560 # skip pickaxe -h output and SYNOPSIS agree (missing BUILTIN_ADOC_PICKAXE)
ok 88 - more update-index D/F conflicts
ok 16 - gc.reflogexpire=never
ok 81 - stdin fails create with no ref
ok 504 - setup CRLF_mix_LF checkout  with -c core.eol=lf
ok 89 - test_must_fail on a failing git command
ok 187 - GIT_CONFIG_PARAMETERS overrides environment config
ok 82 - stdin fails create with no new value
ok 561 - prune -h output has no \t
ok 505 - setup LF_nul checkout  with -c core.eol=lf
ok 1 - setup
ok 16 - get 'B' with 'test_must_fail git reflog expire --updateref main@{0}'
ok 562 - prune -h output has dashed labels
ok 10 - --exists with non-commit object
ok 90 - test_must_fail on a failing git command with env
ok 83 - stdin fails create with too many arguments
ok 91 - test_must_fail rejects a non-git command
ok 563 - prune -h output has consistent spacing
ok 2 - fast-import: fail on invalid branch name ".badbranchname"
ok 92 - test_must_fail rejects a non-git command with env
ok 188 - command line overrides environment config
# passed all 92 test(s)
1..92
ok 11 - --exists with directory fails with generic error
ok 84 - stdin fails update with no ref
ok 564 - prune appropriately marked as having .adoc
*** t1462-refs-exists.sh ***
ok 12 - --exists with non-existent special ref
ok 3 - fast-import: fail on invalid branch name "bad[branch]name"
ok 85 - stdin fails update with no new value
ok 565 - prune *.adoc SYNOPSIS has dashed labels
ok 86 - stdin fails update with too many arguments
ok 17 - get 'B' with 'test_must_fail git reflog expire --updateref main@{1}'
ok 1 - setup
ok 17 - gc.reflogexpire=false
ok 506 - ls-files --eol attr=-text  aeol= core.autocrlf=false core.eol=lf
ok 87 - stdin fails delete with no ref
ok 13 - --exists with existing special ref
ok 7 - simple writes
ok 88 - stdin fails delete with too many arguments
ok 507 - checkout attr=-text  aeol= core.autocrlf=false core.eol=lf file=LF
ok 1 - create valid objects
ok 2 - reset input to empty
ok 189 - git config --edit works
ok 566 - prune -h output and SYNOPSIS agree
# passed all 13 test(s)
1..13
ok 4 - git branch shows badly named ref as warning
*** t1463-refs-optimize.sh ***
ok 89 - stdin fails verify with too many arguments
ok 2 - superfluous arguments
ok 508 - checkout attr=-text  aeol= core.autocrlf=false core.eol=lf file=CRLF
ok 509 - checkout attr=-text  aeol= core.autocrlf=false core.eol=lf file=CRLF_mix_LF
ok 567 - prune-packed -h output has no \t
ok 3 - truncated commit (missingTree, "")
ok 568 - prune-packed -h output has dashed labels
ok 18 - get 'B' with 'test_must_fail git reflog expire --updateref --rewrite HEAD@{0}'
ok 510 - checkout attr=-text  aeol= core.autocrlf=false core.eol=lf file=LF_mix_CR
ok 569 - prune-packed -h output has consistent spacing
ok 4 - config: read from reftable backend, /home/haritha/code/bazel-7.2.0/git_255_iconv_translit_3waymerge/gitport/git/t/trash directory.t1423-ref-backend/repo/.git dir
ok 3 - missing ref storage format
ok 4 - truncated commit (missingTree, "tr")
ok 90 - stdin fails option with unknown name
ok 5 - branch -d can delete badly named ref
ok 570 - prune-packed appropriately marked as having .adoc
ok 18 - git reflog expire unknown reference
ok 511 - checkout attr=-text  aeol= core.autocrlf=false core.eol=lf file=LF_nul
ok 5 - truncated commit (missingTree, "tree")
ok 91 - stdin fails with duplicate refs
ok 512 - setup config for checkout attr=-text ident= aeol=lf core.autocrlf=false
ok 19 - get 'B' with 'test_must_fail git reflog expire --updateref --rewrite HEAD@{1}'
ok 190 - git config --edit respects core.editor
ok 571 - prune-packed *.adoc SYNOPSIS has dashed labels
ok 6 - truncated commit (badTreeSha1, "tree ")
ok 4 - unknown ref storage format
ok 513 - setup LF checkout  with -c core.eol=lf
ok 191 - barf on syntax error
ok 92 - stdin create ref works
ok 514 - setup CRLF checkout  with -c core.eol=lf
ok 6 - branch -D can delete badly named ref
ok 5 - files: migration to same format fails
ok 192 - barf on incomplete section header
ok 1 - setup
ok 515 - setup LF_mix_CR checkout  with -c core.eol=lf
ok 7 - truncated commit (badTreeSha1, "tree 1234")
ok 8 - add tree line
ok 7 - branch -D cannot delete non-ref in .git dir
ok 8 - uses user.name and user.email config
ok 572 - prune-packed -h output and SYNOPSIS agree
ok 516 - setup CRLF_mix_LF checkout  with -c core.eol=lf
ok 193 - barf on incomplete string
ok 9 - truncated commit (missingAuthor, "")
ok 20 - get 'B' with 'test_must_fail git reflog expire --updateref --rewrite main@{0}'
ok 517 - setup LF_nul checkout  with -c core.eol=lf
ok 573 - pull -h output has no \t
ok 10 - truncated commit (missingAuthor, "par")
ok 574 - pull -h output has dashed labels
ok 6 - files -> reftable: migration with worktree fails
ok 93 - stdin does not create reflogs by default
ok 1 - setup
ok 19 - checkout should not delete log for packed ref
ok 575 - pull -h output has consistent spacing
ok 21 - get 'B' with 'test_must_fail git reflog expire --updateref --rewrite main@{1}'
ok 11 - truncated commit (missingAuthor, "parent")
ok 2 - basic atom: refs/heads/main refname
# passed all 21 test(s)
1..21
ok 576 - pull appropriately marked as having .adoc
ok 8 - branch -D cannot delete ref in .git dir
*** t1500-rev-parse.sh ***
ok 12 - git read-tree -u -m --recurse-submodules: updating to a missing submodule commit fails
ok 12 - truncated commit (badParentSha1, "parent ")
ok 577 - pull *.adoc SYNOPSIS has dashed labels
ok 3 - basic atom: refs/heads/main refname:
ok 518 - ls-files --eol attr=-text  aeol=lf core.autocrlf=false core.eol=lf
ok 2 - loose objects borrowed from alternate are not missing
ok 13 - truncated commit (badParentSha1, "parent 1234")
ok 14 - add parent line
ok 4 - basic atom: refs/heads/main refname:short
ok 94 - stdin creates reflogs with --create-reflog
ok 9 - branch -D cannot delete absolute path
ok 20 - stale dirs do not cause d/f conflicts (reflogs on)
ok 519 - checkout attr=-text  aeol=lf core.autocrlf=false core.eol=lf file=LF
ok 3 - HEAD is part of refs, valid objects appear valid
ok 15 - truncated commit (missingAuthor, "")
ok 5 - basic atom: refs/heads/main refname:lstrip=1
ok 7 - files -> reftable: unborn HEAD
ok 194 - urlmatch
ok 16 - truncated commit (missingAuthor, "au")
ok 9 - environment variables take precedence over config
ok 578 - pull -h output and SYNOPSIS agree
ok 520 - checkout attr=-text  aeol=lf core.autocrlf=false core.eol=lf file=CRLF
ok 95 - stdin succeeds with quoted argument
ok 6 - basic atom: refs/heads/main refname:lstrip=2
ok 10 - git branch cannot create a badly named ref
ok 17 - truncated commit (missingAuthor, "author")
ok 521 - checkout attr=-text  aeol=lf core.autocrlf=false core.eol=lf file=CRLF_mix_LF
ok 7 - basic atom: refs/heads/main refname:lstrip=-1
ok 579 - push -h output has no \t
ok 195 - urlmatch with --show-scope
ok 18 - truncated commit (missingEmail, "author ")
ok 580 - push -h output has dashed labels
ok 21 - stale dirs do not cause d/f conflicts (reflogs off)
ok 1 - enable reflogs
ok 8 - basic atom: refs/heads/main refname:lstrip=-2
ok 581 - push -h output has consistent spacing
ok 522 - checkout attr=-text  aeol=lf core.autocrlf=false core.eol=lf file=LF_mix_CR
ok 582 - push appropriately marked as having .adoc
ok 9 - basic atom: refs/heads/main refname:rstrip=1
ok 523 - checkout attr=-text  aeol=lf core.autocrlf=false core.eol=lf file=LF_nul
ok 19 - truncated commit (missingEmail, "author name")
ok 96 - stdin succeeds with escaped character
ok 524 - setup config for checkout attr=-text ident= aeol=crlf core.autocrlf=false
ok 583 - push *.adoc SYNOPSIS has dashed labels
ok 10 - basic atom: refs/heads/main refname:rstrip=2
ok 20 - truncated commit (badEmail, "author name <")
ok 525 - setup LF checkout  with -c core.eol=lf
ok 2 - prepare a trivial repository
ok 22 - no segfaults for reflog containing non-commit sha1s
ok 11 - basic atom: refs/heads/main refname:rstrip=-1
ok 11 - branch -m cannot rename to a bad ref name
ok 526 - setup CRLF checkout  with -c core.eol=lf
ok 527 - setup LF_mix_CR checkout  with -c core.eol=lf
ok 21 - truncated commit (badEmail, "author name <email")
ok 4 - object with hash mismatch
ok 12 - basic atom: refs/heads/main refname:rstrip=-2
ok 10 - can write to root ref
not ok 23 - reflog with non-commit entries displays all entries # TODO known breakage
# passed all 10 test(s)
1..10
not ok 584 - push -h output and SYNOPSIS agree # TODO known breakage
ok 528 - setup CRLF_mix_LF checkout  with -c core.eol=lf
not ok 12 - branch -m can rename from a bad ref name # TODO known breakage
ok 22 - truncated commit (missingSpaceBeforeDate, "author name <email>")
*** t1501-work-tree.sh ***
ok 97 - stdin update ref creates with zero old value
ok 5 - config: write to reftable backend, /home/haritha/code/bazel-7.2.0/git_255_iconv_translit_3waymerge/gitport/git/t/trash directory.t1423-ref-backend/repo/.git dir
ok 13 - basic atom: refs/heads/main refname:strip=1
ok 3 - ${pack_refs} --prune --all
ok 529 - setup LF_nul checkout  with -c core.eol=lf
ok 1 - setup
ok 14 - basic atom: refs/heads/main refname:strip=2
ok 23 - truncated commit (badDate, "author name <email> ")
ok 585 - range-diff -h output has no \t
ok 2 - --exists with existing reference
ok 586 - range-diff -h output has dashed labels
ok 3 - --exists with missing reference
ok 24 - truncated commit (badDate, "author name <email> 1234")
ok 4 - see if git show-ref works as expected
ok 98 - stdin update ref creates with empty old value
ok 15 - basic atom: refs/heads/main refname:strip=-1
ok 587 - range-diff -h output has consistent spacing
ok 8 - files -> reftable: single ref
ok 13 - push cannot create a badly named ref
ok 4 - --exists does not use DWIM
ok 16 - basic atom: refs/heads/main refname:strip=-2
ok 5 - zlib corrupt loose object output 
ok 588 - range-diff appropriately marked as having .adoc
ok 5 - --exists with HEAD
ok 25 - truncated commit (badTimezone, "author name <email> 1234 ")
ok 589 - range-diff *.adoc SYNOPSIS has dashed labels
ok 17 - basic atom: refs/heads/main upstream
ok 530 - ls-files --eol attr=-text  aeol=crlf core.autocrlf=false core.eol=lf
ok 5 - see if a branch still exists when packed
ok 99 - stdin create ref works with path with space to blob
ok 26 - truncated commit (badTimezone, "author name <email> 1234 +")
ok 27 - add author line
ok 531 - checkout attr=-text  aeol=crlf core.autocrlf=false core.eol=lf file=LF
ok 9 - git add, checkout, and reset with -p
ok 18 - basic atom: refs/heads/main upstream:short
ok 6 - --exists with bad reference name
ok 19 - basic atom: refs/heads/main upstream:lstrip=2
ok 6 - git branch c/d should barf if branch c exists
ok 100 - stdin update ref fails with wrong old value
ok 532 - checkout attr=-text  aeol=crlf core.autocrlf=false core.eol=lf file=CRLF
ok 28 - truncated commit (missingCommitter, "")
not ok 590 - range-diff -h output and SYNOPSIS agree # TODO known breakage
ok 20 - basic atom: refs/heads/main upstream:lstrip=-2
ok 533 - checkout attr=-text  aeol=crlf core.autocrlf=false core.eol=lf file=CRLF_mix_LF
ok 6 - branch pointing to non-commit
ok 29 - truncated commit (missingCommitter, "co")
ok 591 - read-tree -h output has no \t
ok 21 - basic atom: refs/heads/main upstream:rstrip=2
ok 592 - read-tree -h output has dashed labels
ok 534 - checkout attr=-text  aeol=crlf core.autocrlf=false core.eol=lf file=LF_mix_CR
ok 7 - --exists with arbitrary symref
ok 30 - truncated commit (missingCommitter, "committer")
ok 593 - read-tree -h output has consistent spacing
ok 101 - stdin update ref fails with bad old value
ok 535 - checkout attr=-text  aeol=crlf core.autocrlf=false core.eol=lf file=LF_nul
ok 594 - read-tree appropriately marked as having .adoc
ok 31 - truncated commit (missingEmail, "committer ")
ok 595 - read-tree *.adoc SYNOPSIS has dashed labels
ok 536 - setup config for checkout attr=text ident= aeol=lf core.autocrlf=false
ok 7 - see if a branch still exists after git ${pack_refs} --prune
ok 8 - --exists with dangling symref
ok 537 - setup LF checkout  with -c core.eol=lf
ok 8 - see if git ${pack_refs} --prune remove ref files
ok 102 - stdin create ref fails with bad new value
ok 32 - truncated commit (missingEmail, "committer name")
ok 22 - basic atom: refs/heads/main upstream:rstrip=-2
ok 596 - read-tree -h output and SYNOPSIS agree
ok 7 - HEAD link pointing at a funny object
ok 538 - setup CRLF checkout  with -c core.eol=lf
ok 9 - --exists with nonexistent object ID
ok 9 - see if git ${pack_refs} --prune removes empty dirs
ok 33 - truncated commit (badEmail, "committer name <")
not ok 14 - push --mirror can delete badly named ref # TODO known breakage
ok 9 - files -> reftable: bare repository
ok 23 - basic atom: refs/heads/main upstream:strip=2
ok 24 - continue walking past root commits
ok 539 - setup LF_mix_CR checkout  with -c core.eol=lf
ok 103 - stdin create ref fails with zero new value
ok 597 - rebase -h output has no \t
ok 598 - rebase -h output has dashed labels
ok 599 - rebase -h output has consistent spacing
ok 540 - setup CRLF_mix_LF checkout  with -c core.eol=lf
ok 600 - rebase appropriately marked as having .adoc
ok 196 - urlmatch favors more specific URLs
ok 601 - rebase *.adoc SYNOPSIS has dashed labels
ok 34 - truncated commit (badEmail, "committer name <email")
ok 24 - basic atom: refs/heads/main upstream:strip=-2
ok 541 - setup LF_nul checkout  with -c core.eol=lf
ok 35 - truncated commit (missingSpaceBeforeDate, "committer name <email>")
ok 10 - --exists with non-commit object
not ok 602 - rebase -h output and SYNOPSIS agree # TODO known breakage
ok 25 - basic atom: refs/heads/main push
ok 104 - stdin update ref works with right old value
ok 36 - truncated commit (badDate, "committer name <email> ")
ok 11 - --exists with directory fails with generic error
ok 1 - setup
ok 26 - basic atom: refs/heads/main push:short
ok 1 - setup
ok 2 - setup: helper for testing rev-parse
ok 2 - toplevel: --is-bare-repository
ok 8 - HEAD link pointing at a funny place
ok 603 - receive-pack -h output has no \t
ok 12 - --exists with non-existent special ref
ok 37 - truncated commit (badDate, "committer name <email> 1234")
ok 604 - receive-pack -h output has dashed labels
ok 3 - setup: core.worktree = relative path
ok 10 - git branch g should work when git branch g/h has been deleted
ok 3 - toplevel: --is-inside-git-dir
ok 27 - basic atom: refs/heads/main push:lstrip=1
ok 605 - receive-pack -h output has consistent spacing
ok 542 - ls-files --eol attr=text  aeol=lf core.autocrlf=false core.eol=lf
ok 606 - receive-pack appropriately marked as having .adoc
ok 38 - truncated commit (badTimezone, "committer name <email> 1234 ")
ok 4 - toplevel: --is-inside-work-tree
ok 543 - checkout attr=text  aeol=lf core.autocrlf=false core.eol=lf file=LF
ok 607 - receive-pack *.adoc SYNOPSIS has dashed labels
ok 13 - --exists with existing special ref
ok 15 - rev-parse skips symref pointing to broken name
# passed all 13 test(s)
1..13
ok 28 - basic atom: refs/heads/main push:lstrip=-1
ok 544 - checkout attr=text  aeol=lf core.autocrlf=false core.eol=lf file=CRLF
*** t1502-rev-parse-parseopt.sh ***
ok 5 - toplevel: --show-prefix
ok 39 - truncated commit (badTimezone, "committer name <email> 1234 +")
ok 40 - add committer line
ok 41 - reset input to empty
ok 105 - stdin delete ref fails with wrong old value
ok 29 - basic atom: refs/heads/main push:rstrip=1
ok 545 - checkout attr=text  aeol=lf core.autocrlf=false core.eol=lf file=CRLF_mix_LF
ok 11 - git branch i/j/k should barf if branch i exists
ok 4 - outside
ok 6 - toplevel: --git-dir
ok 608 - receive-pack -h output and SYNOPSIS agree
ok 197 - urlmatch with wildcard
ok 42 - truncated tag (missingObject, "")
ok 30 - basic atom: refs/heads/main push:rstrip=-1
ok 546 - checkout attr=text  aeol=lf core.autocrlf=false core.eol=lf file=LF_mix_CR
ok 7 - toplevel: --absolute-git-dir
ok 9 - HEAD link pointing at a funny object (from different wt)
ok 43 - truncated tag (missingObject, "obj")
ok 8 - .git/: --is-bare-repository
ok 25 - expire with multiple worktrees
ok 609 - reflog -h output has no \t
ok 31 - basic atom: refs/heads/main push:strip=1
ok 13 - git read-tree -u -m --recurse-submodules: submodule branch is not changed, detach HEAD instead
ok 547 - checkout attr=text  aeol=lf core.autocrlf=false core.eol=lf file=LF_nul
ok 610 - reflog -h output has dashed labels
ok 106 - stdin delete ref fails with zero old value
ok 10 - deep changes during checkout
ok 9 - .git/: --is-inside-git-dir
ok 44 - truncated tag (missingObject, "object")
ok 548 - setup config for checkout attr=text ident= aeol=crlf core.autocrlf=false
ok 32 - basic atom: refs/heads/main push:strip=-1
ok 611 - reflog -h output has consistent spacing
ok 5 - inside work tree
ok 612 - reflog appropriately marked as having .adoc
ok 6 - config: with worktree and reftable backend, /home/haritha/code/bazel-7.2.0/git_255_iconv_translit_3waymerge/gitport/git/t/trash directory.t1423-ref-backend/repo/.git dir
ok 10 - .git/: --is-inside-work-tree
ok 45 - truncated tag (badObjectSha1, "object ")
ok 549 - setup LF checkout  with -c core.eol=lf
ok 613 - reflog *.adoc SYNOPSIS has dashed labels
ok 6 - empty prefix is actually written out
ok 16 - for-each-ref emits warnings for broken names
ok 33 - basic atom: refs/heads/main objecttype
ok 11 - .git/: --show-prefix
ok 550 - setup CRLF checkout  with -c core.eol=lf
ok 12 - test git branch k after branch k/l/m and k/lm have been deleted
ok 46 - truncated tag (badObjectSha1, "object 1234")
ok 47 - add object line
ok 12 - .git/: --git-dir
ok 34 - basic atom: refs/heads/main objectsize
ok 551 - setup LF_mix_CR checkout  with -c core.eol=lf
ok 10 - other worktree HEAD link pointing at a funny object
ok 48 - truncated tag (missingType, "")
ok 10 - files -> reftable: dangling symref
ok 13 - .git/: --absolute-git-dir
not ok 198 - --unset last key removes section (except if commented)
#	
#		cat >.git/config <<-\EOF &&
#		# some generic comment on the configuration file itself
#		# a comment specific to this "section" section.
#		[section]
#		# some intervening lines
#		# that should also be dropped
#	
#		key = value
#		# please be careful when you update the above variable
#		EOF
#	
#		cat >expect <<-\EOF &&
#		# some generic comment on the configuration file itself
#		# a comment specific to this "section" section.
#		[section]
#		# some intervening lines
#		# that should also be dropped
#	
#		# please be careful when you update the above variable
#		EOF
#	
#		git config ${mode_unset} section.key &&
#		test_cmp expect .git/config &&
#	
#		cat >.git/config <<-\EOF &&
#		[section]
#		key = value
#		[next-section]
#		EOF
#	
#		cat >expect <<-\EOF &&
#		[next-section]
#		EOF
#	
#		git config ${mode_unset} section.key &&
#		test_cmp expect .git/config &&
#	
#		q_to_tab >.git/config <<-\EOF &&
#		[one]
#		Qkey = "multiline \
#		QQ# with comment"
#		[two]
#		key = true
#		EOF
#		git config ${mode_unset} two.key &&
#		! grep two .git/config &&
#	
#		q_to_tab >.git/config <<-\EOF &&
#		[one]
#		Qkey = "multiline \
#		QQ# with comment"
#		[one]
#		key = true
#		EOF
#		git config ${mode_unset_all} one.key &&
#		test_line_count = 0 .git/config &&
#	
#		q_to_tab >.git/config <<-\EOF &&
#		[one]
#		Qkey = true
#		Q# a comment not at the start
#		[two]
#		Qkey = true
#		EOF
#		git config ${mode_unset} two.key &&
#		grep two .git/config &&
#	
#		q_to_tab >.git/config <<-\EOF &&
#		[one]
#		Qkey = not [two "subsection"]
#		[two "subsection"]
#		[two "subsection"]
#		Qkey = true
#		[TWO "subsection"]
#		[one]
#		EOF
#		git config ${mode_unset} two.subsection.key &&
#		test "not [two subsection]" = "$(git config ${mode_get} one.key)" &&
#		test_line_count = 3 .git/config
#	
ok 552 - setup CRLF_mix_LF checkout  with -c core.eol=lf
ok 614 - reflog -h output and SYNOPSIS agree
ok 49 - truncated tag (missingType, "ty")
ok 14 - .git/objects/: --is-bare-repository
ok 17 - update-ref -d can delete broken name
ok 553 - setup LF_nul checkout  with -c core.eol=lf
ok 199 - --unset-all removes section if empty & uncommented
ok 107 - stdin update symref works option no-deref
ok 7 - subdir of work tree
ok 35 - basic atom: refs/heads/main objectsize:disk
ok 15 - .git/objects/: --is-inside-git-dir
ok 50 - truncated tag (missingType, "type")
ok 8 - setup: core.worktree = absolute path
ok 200 - adding a key into an empty section reuses header
ok 615 - refs -h output has no \t
ok 616 - refs -h output has dashed labels
ok 36 - basic atom: refs/heads/main deltabase
ok 617 - refs -h output has consistent spacing
ok 16 - .git/objects/: --is-inside-work-tree
ok 51 - truncated tag (badType, "type ")
ok 13 - test git branch n after some branch deletion and pruning
ok 618 - refs appropriately marked as having .adoc
ok 17 - .git/objects/: --show-prefix
ok 37 - basic atom: refs/heads/main objectname
ok 554 - ls-files --eol attr=text  aeol=crlf core.autocrlf=false core.eol=lf
ok 18 - branch -d can delete broken name
ok 52 - truncated tag (badType, "type com")
ok 53 - add type line
ok 201 - preserves existing permissions
ok 18 - .git/objects/: --git-dir
ok 619 - refs *.adoc SYNOPSIS has dashed labels
ok 11 - other worktree HEAD link pointing at missing object
ok 108 - stdin delete symref works option no-deref
ok 26 - expire one of multiple worktrees
ok 54 - truncated tag (missingTagEntry, "")
ok 555 - checkout attr=text  aeol=crlf core.autocrlf=false core.eol=lf file=LF
ok 202 - set up --show-origin tests
ok 19 - .git/objects/: --absolute-git-dir
ok 38 - basic atom: refs/heads/main objectname:short
ok 556 - checkout attr=text  aeol=crlf core.autocrlf=false core.eol=lf file=CRLF
ok 14 - test excluded refs are not packed
ok 55 - truncated tag (missingTagEntry, "ta")
ok 620 - refs -h output and SYNOPSIS agree
ok 20 - subdirectory: --is-bare-repository
ok 203 - --show-origin with --list
ok 557 - checkout attr=text  aeol=crlf core.autocrlf=false core.eol=lf file=CRLF_mix_LF
ok 11 - files -> reftable: broken ref
ok 1 - setup optionspec
ok 2 - setup optionspec-no-switches
ok 9 - outside
ok 21 - subdirectory: --is-inside-git-dir
ok 56 - truncated tag (missingTagEntry, "tag")
ok 3 - setup optionspec-only-hidden-switches
ok 39 - basic atom: refs/heads/main objectname:short=1
ok 204 - --show-origin with --list --null
ok 558 - checkout attr=text  aeol=crlf core.autocrlf=false core.eol=lf file=LF_mix_CR
ok 22 - subdirectory: --is-inside-work-tree
ok 621 - remote -h output has no \t
ok 15 - test --no-exclude refs clears excluded refs
ok 12 - other worktree HEAD link pointing at a funny place
ok 4 - test --parseopt help output
ok 622 - remote -h output has dashed labels
ok 57 - truncated tag (badTagName, "tag ")
ok 58 - add tag line
ok 205 - --show-origin with single file
ok 19 - update-ref --no-deref -d can delete symref to broken name
ok 23 - subdirectory: --show-prefix
ok 559 - checkout attr=text  aeol=crlf core.autocrlf=false core.eol=lf file=LF_nul
ok 623 - remote -h output has consistent spacing
ok 40 - basic atom: refs/heads/main objectname:short=10
ok 7 - config: read from reftable backend, . dir
ok 109 - stdin update symref works flag --no-deref
ok 624 - remote appropriately marked as having .adoc
ok 14 - git read-tree -u -m --recurse-submodules: added submodule doesn't remove untracked file with same name
ok 625 - remote *.adoc SYNOPSIS has dashed labels
ok 59 - truncated tag (missingTagger, "")
ok 41 - basic atom: refs/heads/main tree
ok 560 - setup config for checkout attr=auto ident= aeol=lf core.autocrlf=false
ok 24 - subdirectory: --git-dir
ok 5 - test --parseopt help output no switches
ok 27 - empty reflog
not ok 626 - remote -h output and SYNOPSIS agree # TODO known breakage
ok 206 - --show-origin with --get-regexp
ok 16 - test only included refs are packed
ok 561 - setup LF checkout  with -c core.eol=lf
ok 60 - truncated tag (missingTagger, "ta")
ok 42 - basic atom: refs/heads/main tree:short
ok 25 - subdirectory: --absolute-git-dir
ok 6 - test --parseopt help output hidden switches
ok 562 - setup CRLF checkout  with -c core.eol=lf
ok 207 - --show-origin getting a single key
ok 61 - truncated tag (missingTagger, "tagger")
ok 627 - remote-ext -h output has no \t
ok 10 - inside work tree
ok 628 - remote-ext -h output has dashed labels
ok 43 - basic atom: refs/heads/main tree:short=1
ok 62 - truncated tag (missingEmail, "tagger ")
ok 208 - set up custom config file
ok 629 - remote-ext -h output has consistent spacing
ok 7 - test --parseopt help-all output hidden switches
ok 563 - setup LF_mix_CR checkout  with -c core.eol=lf
ok 209 - set up custom config file with special name characters
ok 17 - test --no-include refs clears included refs
ok 26 - core.bare = true: --is-bare-repository
ok 630 - remote-ext appropriately marked as having .adoc
ok 631 - remote-ext *.adoc SYNOPSIS has dashed labels
ok 63 - truncated tag (missingEmail, "tagger name")
ok 564 - setup CRLF_mix_LF checkout  with -c core.eol=lf
ok 8 - test --parseopt invalid switch help output
ok 11 - checkout with modified sparse directory
ok 9 - setup expect.1
ok 210 - --show-origin escape special file name characters
ok 13 - commit with multiple signatures is okay
not ok 632 - remote-ext -h output and SYNOPSIS agree # TODO known breakage
ok 565 - setup LF_nul checkout  with -c core.eol=lf
ok 110 - stdin delete symref works flag --no-deref
ok 64 - truncated tag (badEmail, "tagger name <")
ok 44 - basic atom: refs/heads/main tree:short=10
ok 18 - test --exclude takes precedence over --include
ok 20 - branch -d can delete symref to broken name
ok 10 - test --parseopt
ok 633 - remote-fd -h output has no \t
ok 211 - --show-origin stdin
ok 27 - core.bare = true: --is-inside-git-dir
ok 65 - truncated tag (badEmail, "tagger name <email")
ok 634 - remote-fd -h output has dashed labels
ok 45 - basic atom: refs/heads/main parent
ok 11 - test --parseopt with mixed options and arguments
ok 12 - setup expect.2
ok 635 - remote-fd -h output has consistent spacing
ok 11 - subdir of work tree
ok 566 - ls-files --eol attr=auto  aeol=lf core.autocrlf=false core.eol=lf
ok 636 - remote-fd appropriately marked as having .adoc
ok 111 - stdin delete ref works with right old value
ok 12 - setup: GIT_WORK_TREE=relative (override core.worktree)
ok 19 - see if up-to-date packed refs are preserved
ok 28 - list reflogs
ok 66 - truncated tag (missingSpaceBeforeDate, "tagger name <email>")
ok 567 - checkout attr=auto  aeol=lf core.autocrlf=false core.eol=lf file=LF
ok 637 - remote-fd *.adoc SYNOPSIS has dashed labels
ok 13 - test --parseopt with --
ok 212 - --show-origin stdin with file include
ok 46 - basic atom: refs/heads/main parent:short
ok 568 - checkout attr=auto  aeol=lf core.autocrlf=false core.eol=lf file=CRLF
not ok 638 - remote-fd -h output and SYNOPSIS agree # TODO known breakage
ok 569 - checkout attr=auto  aeol=lf core.autocrlf=false core.eol=lf file=CRLF_mix_LF
ok 67 - truncated tag (badDate, "tagger name <email> ")
ok 28 - core.bare = true: --is-inside-work-tree
ok 570 - checkout attr=auto  aeol=lf core.autocrlf=false core.eol=lf file=LF_mix_CR
ok 14 - test --parseopt --stop-at-non-option
ok 15 - setup expect.3
ok 21 - update-ref --no-deref -d can delete dangling symref to broken name
ok 12 - files -> reftable: pseudo-refs
ok 47 - basic atom: refs/heads/main parent:short=1
ok 639 - repack -h output has no \t
ok 68 - truncated tag (badDate, "tagger name <email> 1234")
ok 640 - repack -h output has dashed labels
ok 16 - test --parseopt --keep-dashdash
ok 17 - setup expect.4
ok 48 - basic atom: refs/heads/main parent:short=10
ok 571 - checkout attr=auto  aeol=lf core.autocrlf=false core.eol=lf file=LF_nul
ok 29 - core.bare undefined: --is-bare-repository
ok 213 - --show-origin blob
ok 69 - truncated tag (badTimezone, "tagger name <email> 1234 ")
ok 641 - repack -h output has consistent spacing
ok 642 - repack appropriately marked as having .adoc
ok 30 - core.bare undefined: --is-inside-git-dir
ok 572 - setup config for checkout attr=auto ident= aeol=crlf core.autocrlf=false
ok 20 - pack, prune and repack
ok 18 - test --parseopt --keep-dashdash --stop-at-non-option with --
ok 70 - truncated tag (badTimezone, "tagger name <email> 1234 +")
ok 112 - stdin update/create/verify combination works
ok 19 - setup expect.5
ok 643 - repack *.adoc SYNOPSIS has dashed labels
ok 49 - basic atom: refs/heads/main numparent
ok 14 - email without @ is okay
ok 22 - branch -d can delete dangling symref to broken name
ok 71 - truncated tree (short hash)
ok 20 - test --parseopt --keep-dashdash --stop-at-non-option without --
ok 573 - setup LF checkout  with -c core.eol=lf
not ok 214 - --show-origin blob ref
ok 31 - core.bare undefined: --is-inside-work-tree
ok 21 - setup expect.6
ok 50 - basic atom: refs/heads/main object
#	
#		test_when_finished "rm -rf repo" &&
#		git init repo &&
#		(
#			cd repo &&
#			cat >expect <<-\EOF &&
#			blob:main:custom.conf	user.custom=true
#			EOF
#			cp "$CUSTOM_CONFIG_FILE" custom.conf &&
#			git add custom.conf &&
#			git commit -m "new config file" &&
#			git config ${mode_prefix}list --blob=main:custom.conf --show-origin >output &&
#			test_cmp expect output
#		)
#	
ok 13 - outside
ok 644 - repack -h output and SYNOPSIS agree
ok 574 - setup CRLF checkout  with -c core.eol=lf
ok 22 - test --parseopt --stuck-long
ok 51 - basic atom: refs/heads/main type
ok 215 - --show-origin with --default
ok 23 - setup expect.7
ok 72 - truncated tree (missing nul)
ok 645 - replace -h output has no \t
# passed all 72 test(s)
1..72
ok 646 - replace -h output has dashed labels
ok 32 - GIT_DIR=../.git, core.bare = false: --is-bare-repository
*** t1503-rev-parse-verify.sh ***
ok 647 - replace -h output has consistent spacing
ok 575 - setup LF_mix_CR checkout  with -c core.eol=lf
ok 24 - test --parseopt --stuck-long and empty optional argument
ok 25 - setup expect.8
ok 648 - replace appropriately marked as having .adoc
ok 576 - setup CRLF_mix_LF checkout  with -c core.eol=lf
ok 33 - GIT_DIR=../.git, core.bare = false: --is-inside-git-dir
ok 52 - basic atom: refs/heads/main raw
ok 113 - stdin verify succeeds for correct value
ok 26 - test --parseopt --stuck-long and long option with unset optional argument
ok 21 - explicit ${pack_refs} with dangling packed reference
ok 649 - replace *.adoc SYNOPSIS has dashed labels
ok 577 - setup LF_nul checkout  with -c core.eol=lf
ok 29 - list reflogs with worktree
ok 14 - inside work tree
ok 27 - test --parseopt --stuck-long and short option with unset optional argument
ok 30 - reflog list returns error with additional args
ok 53 - basic atom: refs/heads/main *objectname
ok 650 - replace -h output and SYNOPSIS agree
ok 15 - git read-tree -u -m --recurse-submodules: added submodule removes an untracked ignored file
error: cannot run git init
make[2]: [Makefile:82: t1503-rev-parse-verify.sh] Error 1 (ignored)
not ok 54 - basic atom: refs/heads/main *objecttype
not ok 28 - test --parseopt help output: "wrapped" options normal "or:" lines
not ok 31 - reflog for symref with unborn target can be listed
not ok 15 - email with embedded > is not okay
not ok 651 - replay -h output has no \t
ok 23 - update-ref -d can delete broken name through symref
not ok 578 - ls-files --eol attr=auto  aeol=crlf core.autocrlf=false core.eol=lf
not ok 34 - GIT_DIR=../.git, core.bare = false: --is-inside-work-tree
not ok 12 - checkout orphan then non-orphan
not ok 15 - subdir of work tree
*** t1504-ceiling-dirs.sh ***
not ok 114 - stdin verify succeeds for missing reference
#	
#			${git_for_each_ref} --format="%($format)" "$ref" >actual &&
#			sanitize_pgp <actual >actual.clean &&
#			test_cmp expected actual.clean
#		
#	
#		sed -e "s/^|//" >spec <<-\EOF &&
#		|cmd [--some-option]
#		|    [--another-option]
#		|cmd [--yet-another-option]
#		|--
#		|h,help!   show the help
#		EOF
#	
#		sed -e "s/^|//" >expect <<-\END_EXPECT &&
#		|cat <<\EOF
#		|usage: cmd [--some-option]
#		|   or:     [--another-option]
#		|   or: cmd [--yet-another-option]
#		|
#		|    -h, --help            show the help
#		|
#		|EOF
#		END_EXPECT
#	
#		test_must_fail git rev-parse --parseopt -- -h <spec >actual &&
#		test_cmp expect actual
#	
#	
#		test_when_finished "rm -rf repo" &&
#		git init repo &&
#		(
#			cd repo &&
#			test_commit A &&
#			git symbolic-ref HEAD refs/heads/unborn &&
#			cat >expect <<-EOF &&
#			HEAD
#			refs/heads/main
#			EOF
#			git reflog list >actual &&
#			test_cmp expect actual
#		)
#	
#	
#		git cat-file commit HEAD >basis &&
#		sed "s/@[a-z]/&>/" basis >bad-email &&
#		new=$(git hash-object --literally -t commit -w --stdin <bad-email) &&
#		test_when_finished "remove_object $new" &&
#		git update-ref refs/heads/bogus "$new" &&
#		test_when_finished "git update-ref -d refs/heads/bogus" &&
#		test_must_fail git fsck 2>out &&
#		test_grep "error in commit $new" out
#	
#	
#			h2s="$(help_to_synopsis "$builtin")" &&
#			! grep "$HT" "$h2s"
#		
#	
#				if test -n "$gitdir"
#				then
#					test_when_finished "unset GIT_DIR" &&
#					GIT_DIR="$gitdir" &&
#					export GIT_DIR
#				fi &&
#	
#				case "$bare" in
#				t*) test_config ${d:+-C} ${d:+"$d"} core.bare true ;;
#				f*) test_config ${d:+-C} ${d:+"$d"} core.bare false ;;
#				u*) test_unconfig ${d:+-C} ${d:+"$d"} core.bare ;;
#				esac &&
#	
#				echo "$expect" >expect &&
#				git ${d:+-C} ${d:+"$d"} rev-parse $o >actual &&
#				test_cmp expect actual
#			
#	
#		init_repos &&
#	
#		test_all_match git checkout --orphan test-orphan &&
#		test_all_match git status --porcelain=v2 &&
#		test_all_match git checkout base &&
#		test_all_match git status --porcelain=v2
#	
#	
#			test_when_finished "rm expect actual" &&
#			sort <<-EOF >expect &&
#			i/crlf w/$(stats_ascii $crlfname) attr/$(attr_ascii $attr $aeol) crlf_false_attr__CRLF.txt
#			i/mixed w/$(stats_ascii $lfmixcrlf) attr/$(attr_ascii $attr $aeol) crlf_false_attr__CRLF_mix_LF.txt
#			i/lf w/$(stats_ascii $lfname) attr/$(attr_ascii $attr $aeol) crlf_false_attr__LF.txt
#			i/-text w/$(stats_ascii $lfmixcr) attr/$(attr_ascii $attr $aeol) crlf_false_attr__LF_mix_CR.txt
#			i/-text w/$(stats_ascii $crlfnul) attr/$(attr_ascii $attr $aeol) crlf_false_attr__CRLF_nul.txt
#			i/-text w/$(stats_ascii $crlfnul) attr/$(attr_ascii $attr $aeol) crlf_false_attr__LF_nul.txt
#			EOF
#			git ls-files --eol crlf_false_attr__* >tmp &&
#			sed -e "s/	/ /g" -e "s/  */ /g" tmp |
#			sort >actual &&
#			test_cmp expect actual
#		
not ok 22 - delete ref with dangling packed version
#	
#		test-tool ref-store main for-each-reflog-ent $m >before &&
#		echo "verify refs/heads/missing $Z" >stdin &&
#		git update-ref --stdin <stdin &&
#		test_must_fail git rev-parse --verify -q refs/heads/missing &&
#		test-tool ref-store main for-each-reflog-ent $m >after &&
#		test_cmp before after
#	
not ok 24 - update-ref --no-deref -d can delete symref with broken name
not ok 16 - git read-tree -u -m --recurse-submodules: replace submodule with a directory # TODO known breakage
not ok 8 - config: write to reftable backend, . dir
#	
#		(
#			cd work/sub/dir &&
#			GIT_WORK_TREE=../.. &&
#			test_rev_parse false false true sub/dir/
#		)
#	
not ok 216 - --show-scope with --list
not ok 29 - test --parseopt invalid opt-spec
not ok 55 - basic atom: refs/heads/main author
./test-lib.sh: line 172: /home/haritha/code/bazel-7.2.0/git_255_iconv_translit_3waymerge/gitport/git/git: EDC5129I No such file or directory.
not ok 16 - missing < email delimiter is reported nicely
error: you do not seem to have built git yet.
make[2]: [Makefile:82: t1504-ceiling-dirs.sh] Error 1 (ignored)
not ok 13 - files -> reftable: special refs are left alone
#	
#		git checkout -b lamb &&
#		git commit --allow-empty -m "future garbage" &&
#		git ${pack_refs} --all &&
#		git reset --hard HEAD^ &&
#		git checkout main &&
#		git reflog expire --expire=all --all &&
#		git prune --expire=all &&
#		git branch -d lamb 2>result &&
#		test_must_be_empty result
#	
#	
#				test_when_finished "rm -rf repo" &&
#				git init --ref-format=$from_format repo &&
#				(
#					cd repo &&
#					test_commit 1 &&
#					test_commit 2 &&
#					test_commit 3 &&
#	
#					git refs migrate --dry-run --ref-format=$to_format >out &&
#					BACKEND_PATH="$dir/$(sed "s/.* ${SQ}.git\/\(.*\)${SQ}/\1/" out)" &&
#	
#					test_refs_backend . $from_format "$to_format://$BACKEND_PATH" "$method" &&
#	
#					git refs list >expect &&
#					run_with_uri . "$from_format" "$to_format://$BACKEND_PATH" \
#						"tag -d 1" "$method" &&
#					git refs list >actual &&
#					test_cmp expect actual &&
#	
#					git refs list | grep -v "refs/tags/1" >expect &&
#					run_with_uri . "$from_format" "$to_format://$BACKEND_PATH" \
#						"refs list" "$method" >actual &&
#					test_cmp expect actual
#				)
#			
not ok 115 - stdin verify treats no value as missing
#	
#		test-tool ref-store main create-symref refs/heads/broken...symref refs/heads/main &&
#		test_when_finished "test-tool ref-store main delete-refs REF_NO_DEREF msg refs/heads/broken...symref" &&
#		test_ref_exists refs/heads/broken...symref &&
#		git update-ref --no-deref -d refs/heads/broken...symref >output 2>error &&
#		test_ref_missing refs/heads/broken...symref &&
#		test_must_be_empty output &&
#		test_must_be_empty error
#	
#	
#		cat >expect <<-EOF &&
#		global	user.global=true
#		global	user.override=global
#		global	include.path=$INCLUDE_DIR/absolute.include
#		global	user.absolute=include
#		local	user.local=true
#		local	user.override=local
#		local	include.path=../include/relative.include
#		local	user.relative=include
#		local	core.repositoryformatversion=1
#		local	extensions.worktreeconfig=true
#		worktree	user.worktree=true
#		command	user.cmdline=true
#		EOF
#		test_when_finished "git worktree remove wt1" &&
#		git worktree add wt1 &&
#		# We need these to test for worktree scope, but outside of this
#		# test, this is just noise
#		test_config core.repositoryformatversion 1 &&
#		test_config extensions.worktreeConfig true &&
#		git config --worktree user.worktree true &&
#		git -c user.cmdline=true config ${mode_prefix}list --show-scope >output &&
#		test_cmp expect output
#	
#	
#		test_write_lines x -- "=, x" >spec &&
#		echo "fatal: missing opt-spec before option flags" >expect &&
#		test_must_fail git rev-parse --parseopt -- <spec 2>err &&
#		test_cmp expect err
#	
*** t1505-rev-parse-last.sh ***
#	
#			${git_for_each_ref} --format="%($format)" "$ref" >actual &&
#			sanitize_pgp <actual >actual.clean &&
#			test_cmp expected actual.clean
#		
not ok 32 - reflog with invalid object ID can be listed
#	
#		git cat-file commit HEAD >basis &&
#		sed "s/<//" basis >bad-email-2 &&
#		new=$(git hash-object --literally -t commit -w --stdin <bad-email-2) &&
#		test_when_finished "remove_object $new" &&
#		git update-ref refs/heads/bogus "$new" &&
#		test_when_finished "git update-ref -d refs/heads/bogus" &&
#		test_must_fail git fsck 2>out &&
#		test_grep "error in commit $new.* - bad name" out
#	
#	
#				test_when_finished "rm -rf repo" &&
#				git init --ref-format=$from_format repo &&
#				test_commit -C repo initial &&
#				git -C repo rev-parse HEAD >repo/.git/MERGE_HEAD &&
#				git -C repo rev-parse MERGE_HEAD &&
#				test_migration repo "$to_format" &&
#				test_path_is_file repo/.git/MERGE_HEAD
#			
ok 16 - setup: GIT_WORK_TREE=absolute, below git dir
#	
#		echo "verify refs/heads/missing" >stdin &&
#		git update-ref --stdin <stdin &&
#		test_must_fail git rev-parse --verify -q refs/heads/missing
#	
not ok 23 - delete ref while another dangling packed ref
not ok 25 - branch -d can delete symref with broken name
#	
#		test_when_finished "rm -rf repo" &&
#		git init repo &&
#		(
#			cd repo &&
#			test_commit A &&
#			test-tool ref-store main update-ref msg refs/heads/missing \
#				$(test_oid deadbeef) "$ZERO_OID" REF_SKIP_OID_VERIFICATION &&
#			cat >expect <<-EOF &&
#			HEAD
#			refs/heads/main
#			refs/heads/missing
#			EOF
#			git reflog list >actual &&
#			test_cmp expect actual
#		)
#	
ok 652 - replay -h output has dashed labels
not ok 35 - GIT_DIR=../.git, core.bare = false: --show-prefix
not ok 17 - git read-tree -u -m --recurse-submodules: replace submodule containing a .git directory with a directory must absorb the git dir # TODO known breakage
not ok 17 - missing email is reported nicely
not ok 56 - basic atom: refs/heads/main authorname
./test-lib.sh: line 172: /home/haritha/code/bazel-7.2.0/git_255_iconv_translit_3waymerge/gitport/git/git: EDC5129I No such file or directory.
error: you do not seem to have built git yet.
make[2]: [Makefile:82: t1505-rev-parse-last.sh] Error 1 (ignored)
ok 579 - checkout attr=auto  aeol=crlf core.autocrlf=false core.eol=lf file=LF
not ok 217 - --show-scope with --blob
not ok 14 - files -> reftable: a bunch of refs
not ok 116 - stdin verify fails for wrong value
not ok 17 - outside
#	
#		test-tool ref-store main create-symref refs/heads/broken...symref refs/heads/main &&
#		test_when_finished "test-tool ref-store main delete-refs REF_NO_DEREF msg refs/heads/broken...symref" &&
#		test_ref_exists refs/heads/broken...symref &&
#		git branch -d broken...symref >output 2>error &&
#		test_ref_missing refs/heads/broken...symref &&
#		test_grep "Deleted branch broken...symref (was refs/heads/main)" output &&
#		test_must_be_empty error
#	
*** t1506-rev-parse-diagnosis.sh ***
not ok 9 - config: with worktree and reftable backend, . dir
#	
#		git branch lamb &&
#		git commit --allow-empty -m "future garbage" &&
#		git ${pack_refs} --all &&
#		git reset --hard HEAD^ &&
#		git reflog expire --expire=all --all &&
#		git prune --expire=all &&
#		git branch -d lamb 2>result &&
#		test_must_be_empty result
#	
not ok 13 - add outside sparse cone
#	
#				if test -n "$gitdir"
#				then
#					test_when_finished "unset GIT_DIR" &&
#					GIT_DIR="$gitdir" &&
#					export GIT_DIR
#				fi &&
#	
#				case "$bare" in
#				t*) test_config ${d:+-C} ${d:+"$d"} core.bare true ;;
#				f*) test_config ${d:+-C} ${d:+"$d"} core.bare false ;;
#				u*) test_unconfig ${d:+-C} ${d:+"$d"} core.bare ;;
#				esac &&
#	
#				echo "$expect" >expect &&
#				git ${d:+-C} ${d:+"$d"} rev-parse $o >actual &&
#				test_cmp expect actual
#			
not ok 30 - test --parseopt help output: multi-line blurb after empty line
#	
#		git cat-file commit HEAD >basis &&
#		sed "s/[a-z]* <[^>]*>//" basis >bad-email-3 &&
#		new=$(git hash-object --literally -t commit -w --stdin <bad-email-3) &&
#		test_when_finished "remove_object $new" &&
#		git update-ref refs/heads/bogus "$new" &&
#		test_when_finished "git update-ref -d refs/heads/bogus" &&
#		test_must_fail git fsck 2>out &&
#		test_grep "error in commit $new.* - missing email" out
#	
#	
#			${git_for_each_ref} --format="%($format)" "$ref" >actual &&
#			sanitize_pgp <actual >actual.clean &&
#			test_cmp expected actual.clean
#		
#	
#		blob=$(git hash-object -w "$CUSTOM_CONFIG_FILE") &&
#		cat >expect <<-EOF &&
#		command	user.custom=true
#		EOF
#		git config ${mode_prefix}list --blob=$blob --show-scope >output &&
#		test_cmp expect output
#	
not ok 33 - reflog drop non-existent ref
#	
#		echo outside &&
#		test_rev_parse false false false
#	
#	
#		git rev-parse $m >expect &&
#		echo "verify $m $m~1" >stdin &&
#		test_must_fail git update-ref --stdin <stdin &&
#		git rev-parse $m >actual &&
#		test_cmp expect actual
#	
#	
#				test_when_finished "rm -rf repo" &&
#				git init --ref-format=$from_format repo &&
#	
#				test_commit -C repo initial &&
#				cat >input <<-EOF &&
#				create FOO_HEAD HEAD
#				create refs/heads/branch-1 HEAD
#				create refs/heads/branch-2 HEAD
#				create refs/heads/branch-3 HEAD
#				create refs/heads/branch-4 HEAD
#				create refs/tags/tag-1 HEAD
#				create refs/tags/tag-2 HEAD
#				EOF
#				git -C repo update-ref --stdin <input &&
#				test_migration repo "$to_format"
#			
#	
#				test_when_finished "rm -rf repo wt" &&
#				git init --ref-format=$from_format repo &&
#				(
#					cd repo &&
#					test_commit 1 &&
#					test_commit 2 &&
#					test_commit 3 &&
#	
#					git refs migrate --dry-run --ref-format=$to_format >out &&
#					BACKEND_PATH="$dir/$(sed "s/.* ${SQ}.git\/\(.*\)${SQ}/\1/" out)" &&
#	
#					run_with_uri . "$from_format" "$to_format://$BACKEND_PATH" \
#						"worktree add ../wt 2" "$method" &&
#	
#					run_with_uri . "$from_format" "$to_format://$BACKEND_PATH" \
#						"for-each-ref --include-root-refs" "$method" >actual &&
#					run_with_uri ../wt "$from_format" "$to_format://$BACKEND_PATH" \
#						"for-each-ref --include-root-refs" "$method" >expect &&
#					! test_cmp expect actual &&
#	
#					run_with_uri . "$from_format" "$to_format://$BACKEND_PATH" \
#						"rev-parse 2" "$method" >actual &&
#					run_with_uri ../wt "$from_format" "$to_format://$BACKEND_PATH" \
#						"rev-parse HEAD" "$method" >expect &&
#					test_cmp expect actual
#				)
#			
not ok 26 - update-ref --no-deref -d can delete dangling symref with broken name
not ok 24 - pack ref directly below refs/
#	
#		init_repos &&
#	
#		run_on_sparse mkdir folder1 &&
#		run_on_sparse ../edit-contents folder1/a &&
#		run_on_sparse ../edit-contents folder1/newfile &&
#		test_sparse_match test_must_fail git add folder1/a &&
#		grep "Disable or modify the sparsity rules" sparse-checkout-err &&
#		test_sparse_unstaged folder1/a &&
#		test_sparse_match test_must_fail git add folder1/newfile &&
#		grep "Disable or modify the sparsity rules" sparse-checkout-err &&
#		test_sparse_unstaged folder1/newfile
#	
not ok 18 - > in name is reported
not ok 653 - replay -h output has consistent spacing
#	
#		sed -e "s/^|//" >spec <<-\EOF &&
#		|cmd [--some-option]
#		|    [--another-option]
#		|
#		|multi
#		|line
#		|blurb
#		|--
#		|h,help!   show the help
#		EOF
#	
#		sed -e "s/^|//" >expect <<-\END_EXPECT &&
#		|cat <<\EOF
#		|usage: cmd [--some-option]
#		|   or:     [--another-option]
#		|
#		|    multi
#		|    line
#		|    blurb
#		|
#		|    -h, --help            show the help
#		|
#		|EOF
#		END_EXPECT
#	
#		test_must_fail git rev-parse --parseopt -- -h <spec >actual &&
#		test_cmp expect actual
#	
not ok 57 - basic atom: refs/heads/main authorname:mailmap
#	
#		test_when_finished "rm -rf repo" &&
#		git init repo &&
#		(
#			cd repo &&
#			test_must_fail git reflog exists refs/heads/non-existent &&
#			test_must_fail git reflog drop refs/heads/non-existent 2>stderr &&
#			test_grep "error: reflog could not be found: ${SQ}refs/heads/non-existent${SQ}" stderr
#		)
#	
./test-lib.sh: line 172: /home/haritha/code/bazel-7.2.0/git_255_iconv_translit_3waymerge/gitport/git/git: EDC5129I No such file or directory.
error: you do not seem to have built git yet.
make[2]: [Makefile:82: t1506-rev-parse-diagnosis.sh] Error 1 (ignored)
#	
#		test-tool ref-store main create-symref refs/heads/broken...symref refs/heads/idonotexist &&
#		test_when_finished "test-tool ref-store main delete-refs REF_NO_DEREF msg refs/heads/broken...symref" &&
#		test_ref_exists refs/heads/broken...symref &&
#		git update-ref --no-deref -d refs/heads/broken...symref >output 2>error &&
#		test_ref_missing refs/heads/broken...symref &&
#		test_must_be_empty output &&
#		test_must_be_empty error
#	
not ok 18 - git read-tree -u -m --recurse-submodules: replace submodule with a file works ignores ignored files in submodule
not ok 117 - stdin verify fails for mistaken null value
not ok 218 - --show-scope with --local
#	
#			h2s="$(help_to_synopsis "$builtin")" &&
#			sed -n \
#				-e "/^ / {
#					s/[^ ].*//;
#					p;
#				}" \
#				<"$h2s" >help &&
#			sort -u help >help.ws &&
#			if test -s help.ws
#			then
#				test_line_count = 1 help.ws
#			fi
#		
#	
#		git cat-file commit HEAD >basis &&
#		sed "s/ </> </" basis >bad-email-4 &&
#		new=$(git hash-object --literally -t commit -w --stdin <bad-email-4) &&
#		test_when_finished "remove_object $new" &&
#		git update-ref refs/heads/bogus "$new" &&
#		test_when_finished "git update-ref -d refs/heads/bogus" &&
#		test_must_fail git fsck 2>out &&
#		test_grep "error in commit $new" out
#	
#	
#		git update-ref refs/top HEAD &&
#		git ${pack_refs} --all --prune &&
#		grep refs/top .git/packed-refs &&
#		test_path_is_missing .git/refs/top
#	
*** t1507-rev-parse-upstream.sh ***
not ok 18 - in repo.git
#	
#			${git_for_each_ref} --format="%($format)" "$ref" >actual &&
#			sanitize_pgp <actual >actual.clean &&
#			test_cmp expected actual.clean
#		
ok 580 - checkout attr=auto  aeol=crlf core.autocrlf=false core.eol=lf file=CRLF
not ok 36 - GIT_DIR=../.git, core.bare = false: --git-dir
not ok 15 - files -> reftable: dry-run migration does not modify repository
not ok 34 - reflog drop
not ok 31 - test --parseopt help output for optionspec-neg
#	
#			test_when_finished "rm submodule_update/.git/modules/sub1/info/exclude" &&
#			prolog &&
#			reset_work_tree_to_interested add_sub1 &&
#			(
#				cd submodule_update &&
#				rm -rf .git/modules/sub1/info &&
#				git branch -t replace_sub1_with_file origin/replace_sub1_with_file &&
#				mkdir .git/modules/sub1/info &&
#				echo ignored >.git/modules/sub1/info/exclude &&
#				: >sub1/ignored &&
#				$command replace_sub1_with_file &&
#				test_superproject_content origin/replace_sub1_with_file &&
#				test -f sub1
#			)
#		
#	
#		git rev-parse $m >expect &&
#		echo "verify $m $Z" >stdin &&
#		test_must_fail git update-ref --stdin <stdin &&
#		git rev-parse $m >actual &&
#		test_cmp expect actual
#	
not ok 27 - branch -d can delete dangling symref with broken name
#	
#		cat >expect <<-\EOF &&
#		local	user.local=true
#		local	user.override=local
#		local	include.path=../include/relative.include
#		EOF
#		git config ${mode_prefix}list --local --show-scope >output &&
#		test_cmp expect output
#	
#	
#		(
#			cd repo.git &&
#			test_rev_parse false true false
#		) &&
#		(
#			cd repo.git/objects &&
#			test_rev_parse false true false
#		) &&
#		(
#			cd repo.git/work2 &&
#			test_rev_parse false true false
#		)
#	
not ok 19 - integer overflow in timestamps is reported
not ok 58 - basic atom: refs/heads/main authoremail
not ok 10 - migrating repository to reftable with alternate refs directory
#	
#				test_when_finished "rm -rf repo" &&
#				git init --ref-format=$from_format repo &&
#				test_commit -C repo initial &&
#				git -C repo refs migrate --dry-run \
#					--ref-format=$to_format >output &&
#				grep "Finished dry-run migration of refs" output &&
#				test_path_is_dir repo/.git/ref_migration.* &&
#				echo $from_format >expect &&
#				git -C repo rev-parse --show-ref-format >actual &&
#				test_cmp expect actual
#			
not ok 25 - do not pack ref in refs/bisect
#	
#		test_expect_code 129 git rev-parse --parseopt -- \
#			-h >output <"$TEST_DIRECTORY/t1502/optionspec-neg" &&
#		test_cmp "$TEST_DIRECTORY/t1502/optionspec-neg.help" output
#	
#	
#				if test -n "$gitdir"
#				then
#					test_when_finished "unset GIT_DIR" &&
#					GIT_DIR="$gitdir" &&
#					export GIT_DIR
#				fi &&
#	
#				case "$bare" in
#				t*) test_config ${d:+-C} ${d:+"$d"} core.bare true ;;
#				f*) test_config ${d:+-C} ${d:+"$d"} core.bare false ;;
#				u*) test_unconfig ${d:+-C} ${d:+"$d"} core.bare ;;
#				esac &&
#	
#				echo "$expect" >expect &&
#				git ${d:+-C} ${d:+"$d"} rev-parse $o >actual &&
#				test_cmp expect actual
#			
not ok 14 - commit including unstaged changes
./test-lib.sh: line 172: /home/haritha/code/bazel-7.2.0/git_255_iconv_translit_3waymerge/gitport/git/git: EDC5129I No such file or directory.
#	
#		test_when_finished "rm -rf repo" &&
#		git init repo &&
#		(
#			cd repo &&
#			test_commit A &&
#			test_commit_bulk --ref=refs/heads/branch 1 &&
#			git reflog exists refs/heads/main &&
#			git reflog exists refs/heads/branch &&
#			git reflog drop refs/heads/main &&
#			test_must_fail git reflog exists refs/heads/main &&
#			git reflog exists refs/heads/branch
#		)
#	
error: you do not seem to have built git yet.
#	
#		test-tool ref-store main create-symref refs/heads/broken...symref refs/heads/idonotexist &&
#		test_when_finished "test-tool ref-store main delete-refs REF_NO_DEREF msg refs/heads/broken...symref" &&
#		test_ref_exists refs/heads/broken...symref &&
#		git branch -d broken...symref >output 2>error &&
#		test_ref_missing refs/heads/broken...symref &&
#		test_grep "Deleted branch broken...symref (was refs/heads/idonotexist)" output &&
#		test_must_be_empty error
#	
make[2]: [Makefile:82: t1507-rev-parse-upstream.sh] Error 1 (ignored)
not ok 19 - inside work tree
#	
#			${git_for_each_ref} --format="%($format)" "$ref" >actual &&
#			sanitize_pgp <actual >actual.clean &&
#			test_cmp expected actual.clean
#		
not ok 118 - stdin verify fails for mistaken empty value
ok 654 - replay appropriately marked as having .adoc
*** t1508-at-combinations.sh ***
not ok 219 - --show-scope getting a single value
#	
#		git cat-file commit HEAD >basis &&
#		sed "s/^\\(author .*>\\) [0-9]*/\\1 18446744073709551617/" \
#			<basis >bad-timestamp &&
#		new=$(git hash-object --literally -t commit -w --stdin <bad-timestamp) &&
#		test_when_finished "remove_object $new" &&
#		git update-ref refs/heads/bogus "$new" &&
#		test_when_finished "git update-ref -d refs/heads/bogus" &&
#		test_must_fail git fsck 2>out &&
#		test_grep "error in commit $new.*integer overflow" out
#	
not ok 28 - update-ref -d cannot delete non-ref in .git dir
#	
#		git update-ref refs/bisect/local HEAD &&
#		git ${pack_refs} --all --prune &&
#		! grep refs/bisect/local .git/packed-refs >/dev/null &&
#		test_path_is_file .git/refs/bisect/local
#	
not ok 19 - git -c submodule.recurse=true read-tree -u -m: modified submodule updates submodule work tree
not ok 32 - test --parseopt valid options for optionspec-neg
#	
#			test_when_finished "rm -rf repo refdir" &&
#			mkdir refdir &&
#			GIT_REFERENCE_BACKEND="${from_format}://$(pwd)/refdir" git init repo &&
#			(
#				cd repo &&
#	
#				test_commit 1 &&
#				test_commit 2 &&
#				test_commit 3 &&
#	
#				git refs migrate --ref-format=$to_format &&
#				git refs list >out &&
#				test_grep "refs/tags/1"	out &&
#				test_grep "refs/tags/2"	out &&
#				test_grep "refs/tags/3"	out
#			)
#		
not ok 16 - files -> reftable: reflogs of symrefs with target deleted
not ok 37 - GIT_DIR=../.git, core.bare = false: --absolute-git-dir
not ok 20 - commit with NUL in header
ok 581 - checkout attr=auto  aeol=crlf core.autocrlf=false core.eol=lf file=CRLF_mix_LF
#	
#		init_repos &&
#	
#		write_script edit-file <<-\EOF &&
#		echo $1 >$2
#		EOF
#	
#		run_on_all ../edit-file 1 a &&
#		run_on_all ../edit-file 1 deep/a &&
#	
#		test_all_match git commit -m "-a" -a &&
#		test_all_match git status --porcelain=v2 &&
#	
#		run_on_all ../edit-file 2 a &&
#		run_on_all ../edit-file 2 deep/a &&
#	
#		test_all_match git commit -m "--include" --include deep/a &&
#		test_all_match git status --porcelain=v2 &&
#		test_all_match git commit -m "--include" --include a &&
#		test_all_match git status --porcelain=v2 &&
#	
#		run_on_all ../edit-file 3 a &&
#		run_on_all ../edit-file 3 deep/a &&
#	
#		test_all_match git commit -m "--amend" -a --amend &&
#		test_all_match git status --porcelain=v2
#	
not ok 35 - reflog drop multiple references
not ok 26 - disable reflogs
not ok 59 - basic atom: refs/heads/main authoremail:trim
#	
#		(
#			cd repo.git/work &&
#			test_rev_parse false true true ""
#		)
#	
#	
#		M=$(git rev-parse $m) &&
#		test_when_finished "git update-ref $m $M" &&
#		git rev-parse $m >expect &&
#		echo "verify $m" >stdin &&
#		test_must_fail git update-ref --stdin <stdin &&
#		git rev-parse $m >actual &&
#		test_cmp expect actual
#	
#	
#		echo precious >.git/my-private-file &&
#		echo precious >expect &&
#		test_must_fail git update-ref -d my-private-file >output 2>error &&
#		test_must_be_empty output &&
#		test_grep -e "refusing to update ref with bad name" error &&
#		test_cmp expect .git/my-private-file
#	
#	
#		cat >expect <<-\EOF &&
#		local	true
#		EOF
#		git config ${mode_get} --show-scope user.local >output &&
#		test_cmp expect output
#	
#	
#			prolog &&
#			reset_work_tree_to_interested add_sub1 &&
#			(
#				cd submodule_update &&
#				git branch -t modify_sub1 origin/modify_sub1 &&
#				git -c submodule.recurse=true $cmd_args modify_sub1 &&
#				test_superproject_content origin/modify_sub1 &&
#				test_submodule_content sub1 origin/modify_sub1
#			)
#		
#	
#				if test -n "$gitdir"
#				then
#					test_when_finished "unset GIT_DIR" &&
#					GIT_DIR="$gitdir" &&
#					export GIT_DIR
#				fi &&
#	
#				case "$bare" in
#				t*) test_config ${d:+-C} ${d:+"$d"} core.bare true ;;
#				f*) test_config ${d:+-C} ${d:+"$d"} core.bare false ;;
#				u*) test_unconfig ${d:+-C} ${d:+"$d"} core.bare ;;
#				esac &&
#	
#				echo "$expect" >expect &&
#				git ${d:+-C} ${d:+"$d"} rev-parse $o >actual &&
#				test_cmp expect actual
#			
#	
#		cat >expect <<-\EOF &&
#		set -- --foo --no-foo --no-bar --positive-only --no-negative --
#		EOF
#		git rev-parse --parseopt -- <"$TEST_DIRECTORY/t1502/optionspec-neg" >output \
#		       --foo --no-foo --no-bar --positive-only --no-negative &&
#		test_cmp expect output
#	
not ok 29 - update-ref -d cannot delete absolute path
#	
#		git cat-file commit HEAD >basis &&
#		sed "s/author ./author Q/" <basis | q_to_nul >commit-NUL-header &&
#		new=$(git hash-object --literally -t commit -w --stdin <commit-NUL-header) &&
#		test_when_finished "remove_object $new" &&
#		git update-ref refs/heads/bogus "$new" &&
#		test_when_finished "git update-ref -d refs/heads/bogus" &&
#		test_must_fail git fsck 2>out &&
#		test_grep "error in commit $new.*unterminated header: NUL at offset" out
#	
#	
#				test_when_finished "rm -rf repo" &&
#				git init --ref-format=$from_format repo &&
#				test_commit -C repo initial &&
#				git -C repo branch branch-1 HEAD &&
#				git -C repo symbolic-ref refs/heads/symref refs/heads/branch-1 &&
#				cat >input <<-EOF &&
#				delete refs/heads/branch-1
#				EOF
#				git -C repo update-ref --stdin <input &&
#				test_migration repo "$to_format"
#			
./test-lib.sh: line 172: /home/haritha/code/bazel-7.2.0/git_255_iconv_translit_3waymerge/gitport/git/git: EDC5129I No such file or directory.
error: you do not seem to have built git yet.
make[2]: [Makefile:82: t1508-at-combinations.sh] Error 1 (ignored)
#	
#		git config core.logallrefupdates false &&
#		rm -rf .git/logs
#	
#	
#		test_when_finished "rm -rf repo" &&
#		git init repo &&
#		(
#			cd repo &&
#			test_commit A &&
#			test_commit_bulk --ref=refs/heads/branch 1 &&
#			git reflog exists refs/heads/main &&
#			git reflog exists refs/heads/branch &&
#			git reflog drop refs/heads/main refs/heads/branch &&
#			test_must_fail git reflog exists refs/heads/main &&
#			test_must_fail git reflog exists refs/heads/branch
#		)
#	
#	
#			${git_for_each_ref} --format="%($format)" "$ref" >actual &&
#			sanitize_pgp <actual >actual.clean &&
#			test_cmp expected actual.clean
#		
not ok 11 - config: read from files backend, /home/haritha/code/bazel-7.2.0/git_255_iconv_translit_3waymerge/gitport/git/t/trash directory.t1423-ref-backend/repo/.git dir
not ok 20 - subdir of work tree
not ok 220 - --show-scope with --show-origin
*** t1509-root-work-tree.sh ***
not ok 38 - GIT_DIR=../.git, core.bare = true: --is-bare-repository
not ok 119 - stdin update refs works with identity updates
not ok 27 - create packed foo/bar/baz branch
not ok 60 - basic atom: refs/heads/main authoremail:localpart
not ok 33 - test --parseopt positivated option for optionspec-neg
#	
#		git branch -f extra &&
#		test_must_fail git update-ref -d "$(pwd)/.git/refs/heads/extra" &&
#		test_cmp_rev HEAD extra
#	
ok 655 - replay *.adoc SYNOPSIS has dashed labels
not ok 20 - git read-tree -u -m --recurse-submodules: modified submodule updates submodule recursively
not ok 17 - files -> reftable: reflogs order is retained
not ok 36 - reflog drop multiple references some non-existent
#	
#		(
#			cd repo.git/work/sub/dir &&
#			test_rev_parse false true true sub/dir/
#		)
#	
#	
#				test_when_finished "rm -rf repo" &&
#				git init --ref-format=$from_format repo &&
#				(
#					cd repo &&
#					test_commit 1 &&
#					test_commit 2 &&
#					test_commit 3 &&
#	
#					git refs migrate --dry-run --ref-format=$to_format >out &&
#					BACKEND_PATH="$dir/$(sed "s/.* ${SQ}.git\/\(.*\)${SQ}/\1/" out)" &&
#					test_refs_backend . $from_format "$to_format://$BACKEND_PATH" "$method"
#				)
#			
not ok 30 - update-ref --stdin fails create with bad ref name
#	
#				if test -n "$gitdir"
#				then
#					test_when_finished "unset GIT_DIR" &&
#					GIT_DIR="$gitdir" &&
#					export GIT_DIR
#				fi &&
#	
#				case "$bare" in
#				t*) test_config ${d:+-C} ${d:+"$d"} core.bare true ;;
#				f*) test_config ${d:+-C} ${d:+"$d"} core.bare false ;;
#				u*) test_unconfig ${d:+-C} ${d:+"$d"} core.bare ;;
#				esac &&
#	
#				echo "$expect" >expect &&
#				git ${d:+-C} ${d:+"$d"} rev-parse $o >actual &&
#				test_cmp expect actual
#			
#	
#		cat >expect <<-EOF &&
#		global	file:$HOME/.gitconfig	user.global=true
#		global	file:$HOME/.gitconfig	user.override=global
#		global	file:$HOME/.gitconfig	include.path=$INCLUDE_DIR/absolute.include
#		global	file:$INCLUDE_DIR/absolute.include	user.absolute=include
#		local	file:.git/config	user.local=true
#		local	file:.git/config	user.override=local
#		local	file:.git/config	include.path=../include/relative.include
#		local	file:.git/../include/relative.include	user.relative=include
#		command	command line:	user.cmdline=true
#		EOF
#		git -c user.cmdline=true config ${mode_prefix}list --show-origin --show-scope >output &&
#		test_cmp expect output
#	
#	
#			${git_for_each_ref} --format="%($format)" "$ref" >actual &&
#			sanitize_pgp <actual >actual.clean &&
#			test_cmp expected actual.clean
#		
not ok 21 - tree object with duplicate entries
#	
#		cat >expect <<-\EOF &&
#		set -- --no-no-bar --no-no-bar --
#		EOF
#		git rev-parse --parseopt -- <"$TEST_DIRECTORY/t1502/optionspec-neg" >output \
#		       --no-no-bar --bar &&
#		test_cmp expect output
#	
#	
#		cat >stdin <<-EOF &&
#		update $a $m $m
#		update $b $m $m
#		update $c $Z $E
#		EOF
#		git update-ref --stdin <stdin &&
#		git rev-parse $m >expect &&
#		git rev-parse $a >actual &&
#		test_cmp expect actual &&
#		git rev-parse $b >actual &&
#		test_cmp expect actual &&
#		test_must_fail git rev-parse --verify -q $c
#	
not ok 15 - status/add: outside sparse cone
not ok 221 - --show-scope with --default
ok 582 - checkout attr=auto  aeol=crlf core.autocrlf=false core.eol=lf file=LF_mix_CR
not ok 61 - basic atom: refs/heads/main authoremail:trim,localpart
#	
#		git branch foo/bar/baz &&
#		git ${pack_refs} --all --prune &&
#		test_path_is_missing .git/refs/heads/foo/bar/baz &&
#		test_must_fail git reflog exists refs/heads/foo/bar/baz
#	
#	
#			prolog &&
#			reset_work_tree_to_interested add_nested_sub &&
#			(
#				cd submodule_update &&
#				git branch -t modify_sub1_recursively origin/modify_sub1_recursively &&
#				$command modify_sub1_recursively &&
#				test_superproject_content origin/modify_sub1_recursively &&
#				test_submodule_content sub1 origin/modify_sub1_recursively &&
#				test_submodule_content -C sub1 sub2 origin/modify_sub1_recursively
#			)
#		
#	
#		test_when_finished "rm -rf repo" &&
#		git init repo &&
#		(
#			cd repo &&
#			test_commit A &&
#			test_commit_bulk --ref=refs/heads/branch 1 &&
#			git reflog exists refs/heads/main &&
#			git reflog exists refs/heads/branch &&
#			test_must_fail git reflog exists refs/heads/non-existent &&
#			test_must_fail git reflog drop refs/heads/main refs/heads/non-existent refs/heads/branch 2>stderr &&
#			test_must_fail git reflog exists refs/heads/main &&
#			test_must_fail git reflog exists refs/heads/branch &&
#			test_must_fail git reflog exists refs/heads/non-existent &&
#			test_grep "error: reflog could not be found: ${SQ}refs/heads/non-existent${SQ}" stderr
#		)
#	
#	
#				test_when_finished "rm -rf repo" &&
#				git init --ref-format=$from_format repo &&
#				test_commit --date "100005000 +0700" --no-tag -C repo initial &&
#				test_commit --date "100003000 +0700" --no-tag -C repo second &&
#				test_migration repo "$to_format"
#			
not ok 39 - GIT_DIR=../.git, core.bare = true: --is-inside-git-dir
not ok 12 - config: write to files backend, /home/haritha/code/bazel-7.2.0/git_255_iconv_translit_3waymerge/gitport/git/t/trash directory.t1423-ref-backend/repo/.git dir
#	
#		echo "create ~a refs/heads/main" >stdin &&
#		test_must_fail git update-ref --stdin <stdin 2>err &&
#		grep "fatal: invalid ref format: ~a" err
#	
./test-lib.sh: line 172: /home/haritha/code/bazel-7.2.0/git_255_iconv_translit_3waymerge/gitport/git/git: EDC5129I No such file or directory.
error: you do not seem to have built git yet.
make[2]: [Makefile:82: t1509-root-work-tree.sh] Error 1 (ignored)
not ok 120 - stdin update refs fails with wrong old value
not ok 28 - notice d/f conflict with existing directory
#	
#		test_when_finished "for i in \$T; do remove_object \$i; done" &&
#		T=$(
#			GIT_INDEX_FILE=test-index &&
#			export GIT_INDEX_FILE &&
#			rm -f test-index &&
#			>x &&
#			git add x &&
#			git rev-parse :x &&
#			T=$(git write-tree) &&
#			echo $T &&
#			(
#				git cat-file tree $T &&
#				git cat-file tree $T
#			) |
#			git hash-object --literally -w -t tree --stdin
#		) &&
#		test_must_fail git fsck 2>out &&
#		test_grep "error in tree .*contains duplicate file entries" out
#	
#	
#		git config --show-scope --default foo some.key >actual &&
#		echo "command	foo" >expect &&
#		test_cmp expect actual
#	
not ok 18 - files -> reftable: stash is retained
#	
#			${git_for_each_ref} --format="%($format)" "$ref" >actual &&
#			sanitize_pgp <actual >actual.clean &&
#			test_cmp expected actual.clean
#		
*** t1510-repo-setup.sh ***
not ok 31 - update-ref --stdin fails update with bad ref name
#	
#		init_repos &&
#	
#		# folder1 is at HEAD, but outside the sparse cone
#		run_on_sparse mkdir folder1 &&
#		cp initial-repo/folder1/a sparse-checkout/folder1/a &&
#		cp initial-repo/folder1/a sparse-index/folder1/a &&
#	
#		test_sparse_match git status &&
#	
#		write_script edit-contents <<-\EOF &&
#		echo text >>$1
#		EOF
#		run_on_all ../edit-contents folder1/a &&
#		run_on_all ../edit-contents folder1/new &&
#	
#		test_sparse_match git status --porcelain=v2 &&
#	
#		# Adding the path outside of the sparse-checkout cone should fail.
#		test_sparse_match test_must_fail git add folder1/a &&
#		grep "Disable or modify the sparsity rules" sparse-checkout-err &&
#		test_sparse_unstaged folder1/a &&
#		test_all_match git add --refresh folder1/a &&
#		test_must_be_empty sparse-checkout-err &&
#		test_sparse_unstaged folder1/a &&
#		test_sparse_match test_must_fail git add folder1/new &&
#		grep "Disable or modify the sparsity rules" sparse-checkout-err &&
#		test_sparse_unstaged folder1/new &&
#		test_sparse_match git add --sparse folder1/a &&
#		test_sparse_match git add --sparse folder1/new &&
#	
#		test_all_match git add --sparse . &&
#		test_all_match git status --porcelain=v2 &&
#		test_all_match git commit -m folder1/new &&
#		test_all_match git rev-parse HEAD^{tree} &&
#	
#		run_on_all ../edit-contents folder1/newer &&
#		test_all_match git add --sparse folder1/ &&
#		test_all_match git status --porcelain=v2 &&
#		test_all_match git commit -m folder1/newer &&
#		test_all_match git rev-parse HEAD^{tree}
#	
not ok 21 - git read-tree -u --reset --recurse-submodules: added submodule is checked out
not ok 21 - find work tree from repo
not ok 37 - reflog drop --all
not ok 34 - test --parseopt invalid switch --no-positive-only help output for optionspec-neg
#	
#				test_when_finished "rm -rf repo" &&
#				git init --ref-format=$from_format repo &&
#				(
#					cd repo &&
#					test_commit 1 &&
#					test_commit 2 &&
#					test_commit 3 &&
#	
#					git refs migrate --dry-run --ref-format=$to_format >out &&
#					BACKEND_PATH="$dir/$(sed "s/.* ${SQ}.git\/\(.*\)${SQ}/\1/" out)" &&
#	
#					test_refs_backend . $from_format "$to_format://$BACKEND_PATH" "$method" &&
#	
#					git refs list >expect &&
#					run_with_uri . "$from_format" "$to_format://$BACKEND_PATH" \
#						"tag -d 1" "$method" &&
#					git refs list >actual &&
#					test_cmp expect actual &&
#	
#					git refs list | grep -v "refs/tags/1" >expect &&
#					run_with_uri . "$from_format" "$to_format://$BACKEND_PATH" \
#						"refs list" "$method" >actual &&
#					test_cmp expect actual
#				)
#			
#	
#				if test -n "$gitdir"
#				then
#					test_when_finished "unset GIT_DIR" &&
#					GIT_DIR="$gitdir" &&
#					export GIT_DIR
#				fi &&
#	
#				case "$bare" in
#				t*) test_config ${d:+-C} ${d:+"$d"} core.bare true ;;
#				f*) test_config ${d:+-C} ${d:+"$d"} core.bare false ;;
#				u*) test_unconfig ${d:+-C} ${d:+"$d"} core.bare ;;
#				esac &&
#	
#				echo "$expect" >expect &&
#				git ${d:+-C} ${d:+"$d"} rev-parse $o >actual &&
#				test_cmp expect actual
#			
#	
#		git update-ref $c $m &&
#		cat >stdin <<-EOF &&
#		update $a $m $m
#		update $b $m $m
#		update $c  
#		EOF
#		test_must_fail git update-ref --stdin <stdin 2>err &&
#		grep "fatal: cannot lock ref '$c'" err &&
#		git rev-parse $m >expect &&
#		git rev-parse $a >actual &&
#		test_cmp expect actual &&
#		git rev-parse $b >actual &&
#		test_cmp expect actual &&
#		git rev-parse $c >actual &&
#		test_cmp expect actual
#	
not ok 62 - basic atom: refs/heads/main authoremail:mailmap
not ok 656 - replay -h output and SYNOPSIS agree
#	
#		echo "update ~a refs/heads/main" >stdin &&
#		test_must_fail git update-ref --stdin <stdin 2>err &&
#		grep "fatal: invalid ref format: ~a" err
#	
#	
#				test_when_finished "rm -rf repo" &&
#				git init --ref-format=$from_format repo &&
#				(
#					cd repo &&
#					test_commit initial A &&
#					echo foo >A &&
#					git stash push &&
#					echo bar >A &&
#					git stash push &&
#					git stash list >expect.reflog &&
#					test_migration . "$to_format" &&
#					git stash list >actual.reflog &&
#					test_cmp expect.reflog actual.reflog
#				)
#			
#	
#		test_must_fail git branch foo &&
#		test_must_fail git branch foo/bar
#	
#	
#		test_when_finished "rm -rf repo" &&
#		git init repo &&
#		(
#			cd repo &&
#			test_commit A &&
#			test_commit_bulk --ref=refs/heads/branch 1 &&
#			git reflog exists refs/heads/main &&
#			git reflog exists refs/heads/branch &&
#			git reflog drop --all &&
#			test_must_fail git reflog exists refs/heads/main &&
#			test_must_fail git reflog exists refs/heads/branch
#		)
#	
#	
#			prolog &&
#			reset_work_tree_to_interested no_submodule &&
#			(
#				cd submodule_update &&
#				git branch -t add_sub1 origin/add_sub1 &&
#				$command add_sub1 &&
#				test_superproject_content origin/add_sub1 &&
#				test_submodule_content sub1 origin/add_sub1
#			)
#		
not ok 121 - stdin delete refs works with packed and loose refs
not ok 40 - GIT_DIR=../.git, core.bare = true: --is-inside-work-tree
#	
#			{
#				cat <<-\EOF &&
#				error: unknown option `no-positive-only'
#				EOF
#				sed -e 1d -e \$d <"$TEST_DIRECTORY/t1502/$spec.help"
#			} >expect &&
#			test_expect_code 129 git rev-parse --parseopt -- $opt \
#				2>output <"$TEST_DIRECTORY/t1502/$spec" &&
#			test_cmp expect output
#		
not ok 13 - config: with worktree and files backend, /home/haritha/code/bazel-7.2.0/git_255_iconv_translit_3waymerge/gitport/git/t/trash directory.t1423-ref-backend/repo/.git dir
#	
#			t2s="$(adoc_to_synopsis "$builtin")" &&
#			if test "$builtin" = "merge-tree"
#			then
#				test_when_finished "rm -f t2s.new" &&
#				sed -e 's/ (deprecated)$//g' <"$t2s" >t2s.new
#				t2s=t2s.new
#			fi &&
#			h2s="$(help_to_synopsis "$builtin")" &&
#	
#			# The *.adoc and -h use different spacing for the
#			# alignment of continued usage output, normalize it.
#			align_after_nl "$builtin" <"$t2s" >adoc &&
#			align_after_nl "$builtin" <"$h2s" >help &&
#			test_cmp adoc help
#		
not ok 32 - update-ref --stdin fails delete with bad ref name
#	
#		echo sub/dir/untracked >expected &&
#		cat <<-\EOF >repo.git/work/.gitignore &&
#		expected.*
#		actual.*
#		.gitignore
#		EOF
#		>repo.git/work/sub/dir/untracked &&
#		(
#			cd repo.git &&
#			git ls-files --others --exclude-standard >../actual
#		) &&
#		test_cmp expected actual
#	
not ok 29 - existing directory reports concrete ref
#	
#			${git_for_each_ref} --format="%($format)" "$ref" >actual &&
#			sanitize_pgp <actual >actual.clean &&
#			test_cmp expected actual.clean
#		
not ok 19 - files -> reftable: skip reflog with --skip-reflog
not ok 22 - find work tree from work tree
ok 583 - checkout attr=auto  aeol=crlf core.autocrlf=false core.eol=lf file=LF_nul
not ok 63 - basic atom: refs/heads/main authoremail:mailmap,trim
./test-lib.sh: line 172: /home/haritha/code/bazel-7.2.0/git_255_iconv_translit_3waymerge/gitport/git/git: EDC5129I No such file or directory.
error: you do not seem to have built git yet.
not ok 22 - git read-tree -u --reset --recurse-submodules: added submodule is checked out in empty dir
make[2]: [Makefile:82: t1510-repo-setup.sh] Error 1 (ignored)
#	
#		git pack-refs --all &&
#		git update-ref $c $m~1 &&
#		cat >stdin <<-EOF &&
#		delete $a $m
#		update $b $Z $m
#		update $c $E $m~1
#		EOF
#		git update-ref --stdin <stdin &&
#		test_must_fail git rev-parse --verify -q $a &&
#		test_must_fail git rev-parse --verify -q $b &&
#		test_must_fail git rev-parse --verify -q $c
#	
#	
#		echo "delete ~a refs/heads/main" >stdin &&
#		test_must_fail git update-ref --stdin <stdin 2>err &&
#		grep "fatal: invalid ref format: ~a" err
#	
not ok 16 - checkout and reset --hard
#	
#				if test -n "$gitdir"
#				then
#					test_when_finished "unset GIT_DIR" &&
#					GIT_DIR="$gitdir" &&
#					export GIT_DIR
#				fi &&
#	
#				case "$bare" in
#				t*) test_config ${d:+-C} ${d:+"$d"} core.bare true ;;
#				f*) test_config ${d:+-C} ${d:+"$d"} core.bare false ;;
#				u*) test_unconfig ${d:+-C} ${d:+"$d"} core.bare ;;
#				esac &&
#	
#				echo "$expect" >expect &&
#				git ${d:+-C} ${d:+"$d"} rev-parse $o >actual &&
#				test_cmp expect actual
#			
#	
#				test_when_finished "rm -rf repo wt" &&
#				git init --ref-format=$from_format repo &&
#				(
#					cd repo &&
#					test_commit 1 &&
#					test_commit 2 &&
#					test_commit 3 &&
#	
#					git refs migrate --dry-run --ref-format=$to_format >out &&
#					BACKEND_PATH="$dir/$(sed "s/.* ${SQ}.git\/\(.*\)${SQ}/\1/" out)" &&
#	
#					run_with_uri . "$from_format" "$to_format://$BACKEND_PATH" \
#						"worktree add ../wt 2" "$method" &&
#	
#					run_with_uri . "$from_format" "$to_format://$BACKEND_PATH" \
#						"for-each-ref --include-root-refs" "$method" >actual &&
#					run_with_uri ../wt "$from_format" "$to_format://$BACKEND_PATH" \
#						"for-each-ref --include-root-refs" "$method" >expect &&
#					! test_cmp expect actual &&
#	
#					run_with_uri . "$from_format" "$to_format://$BACKEND_PATH" \
#						"rev-parse 2" "$method" >actual &&
#					run_with_uri ../wt "$from_format" "$to_format://$BACKEND_PATH" \
#						"rev-parse HEAD" "$method" >expect &&
#					test_cmp expect actual
#				)
#			
not ok 584 - setup config for checkout attr=-text ident= aeol= core.autocrlf=input
#	
#		test_must_fail git branch foo 2>stderr &&
#		test_grep refs/heads/foo/bar/baz stderr
#	
#	
#			${git_for_each_ref} --format="%($format)" "$ref" >actual &&
#			sanitize_pgp <actual >actual.clean &&
#			test_cmp expected actual.clean
#		
not ok 38 - reflog drop --all multiple worktrees
not ok 122 - stdin -z works on empty input
not ok 657 - repo -h output has no \t
not ok 35 - test --parseopt invalid switch --negative help output for optionspec-neg
not ok 30 - notice d/f conflict with existing ref
#	
#				test_when_finished "rm -rf repo" &&
#				git init --ref-format=$from_format repo &&
#				test_commit -C repo initial &&
#				# we see that the repository contains reflogs.
#				git -C repo reflog --all >reflogs &&
#				test_line_count = 2 reflogs &&
#				test_migration repo "$to_format" true --no-reflog &&
#				# there should be no reflogs post migration.
#				git -C repo reflog --all >reflogs &&
#				test_must_be_empty reflogs
#			
not ok 64 - basic atom: refs/heads/main authoremail:trim,mailmap
not ok 33 - update-ref --stdin -z fails create with bad ref name
*** t1511-rev-parse-caret.sh ***
#	
#		echo sub/dir/tracked >expected &&
#		>repo.git/work/sub/dir/tracked &&
#		(
#			cd repo.git/work/sub/dir &&
#			git --git-dir=../../.. add tracked
#		) &&
#		(
#			cd repo.git &&
#			git ls-files >../actual
#		) &&
#		test_cmp expected actual
#	
#	
#			prolog &&
#			reset_work_tree_to_interested no_submodule &&
#			(
#				cd submodule_update &&
#				mkdir sub1 &&
#				git branch -t add_sub1 origin/add_sub1 &&
#				$command add_sub1 &&
#				test_superproject_content origin/add_sub1 &&
#				test_submodule_content sub1 origin/add_sub1
#			)
#		
#	
#		init_repos &&
#	
#		test_all_match git checkout update-folder1 &&
#		test_all_match git status --porcelain=v2 &&
#	
#		test_all_match git checkout update-deep &&
#		test_all_match git status --porcelain=v2 &&
#	
#		test_all_match git checkout -b reset-test &&
#		test_all_match git reset --hard deepest &&
#		test_all_match git reset --hard update-folder1 &&
#		test_all_match git reset --hard update-folder2
#	
#	
#			create_gitattributes "$attr" $ident $aeol &&
#			git config core.autocrlf $crlf
#		
not ok 41 - GIT_DIR=../.git, core.bare = true: --show-prefix
#	
#		test_when_finished "rm -rf repo" &&
#		test_when_finished "rm -rf wt" &&
#		git init repo &&
#		(
#			cd repo &&
#			test_commit A &&
#			git worktree add ../wt &&
#			test_commit_bulk -C ../wt --ref=refs/heads/branch 1 &&
#			git reflog exists refs/heads/main &&
#			git reflog exists refs/heads/branch &&
#			git reflog drop --all &&
#			test_must_fail git reflog exists refs/heads/main &&
#			test_must_fail git reflog exists refs/heads/branch
#		)
#	
not ok 14 - config: read from files backend, . dir
#	
#			{
#				cat <<-\EOF &&
#				error: unknown option `negative'
#				EOF
#				sed -e 1d -e \$d <"$TEST_DIRECTORY/t1502/$spec.help"
#			} >expect &&
#			test_expect_code 129 git rev-parse --parseopt -- $opt \
#				2>output <"$TEST_DIRECTORY/t1502/$spec" &&
#			test_cmp expect output
#		
not ok 23 - _gently() groks relative GIT_DIR & GIT_WORK_TREE
#	
#		test_must_fail git branch foo/bar/baz/extra &&
#		test_must_fail git branch foo/bar/baz/lots/of/extra/components
#	
not ok 20 - reftable: migration to same format fails
#	
#			${git_for_each_ref} --format="%($format)" "$ref" >actual &&
#			sanitize_pgp <actual >actual.clean &&
#			test_cmp expected actual.clean
#		
#	
#		>stdin &&
#		git update-ref -z --stdin <stdin &&
#		git rev-parse --verify -q $m
#	
#	
#		printf "%s\0" "create ~a " refs/heads/main >stdin &&
#		test_must_fail git update-ref -z --stdin <stdin 2>err &&
#		grep "fatal: invalid ref format: ~a " err
#	
#	
#			h2s="$(help_to_synopsis "$builtin")" &&
#			! grep "$HT" "$h2s"
#		
not ok 23 - git read-tree -u --reset --recurse-submodules: replace tracked file with submodule checks out submodule
not ok 123 - stdin -z fails on empty line
not ok 585 - setup LF checkout  with -c core.eol=lf
not ok 65 - basic atom: refs/heads/main authoremail:mailmap,localpart
not ok 34 - update-ref --stdin -z fails update with bad ref name
#	
#				if test -n "$gitdir"
#				then
#					test_when_finished "unset GIT_DIR" &&
#					GIT_DIR="$gitdir" &&
#					export GIT_DIR
#				fi &&
#	
#				case "$bare" in
#				t*) test_config ${d:+-C} ${d:+"$d"} core.bare true ;;
#				f*) test_config ${d:+-C} ${d:+"$d"} core.bare false ;;
#				u*) test_unconfig ${d:+-C} ${d:+"$d"} core.bare ;;
#				esac &&
#	
#				echo "$expect" >expect &&
#				git ${d:+-C} ${d:+"$d"} rev-parse $o >actual &&
#				test_cmp expect actual
#			
#	
#				test_when_finished "rm -rf repo" &&
#				git init --ref-format=$from_format repo &&
#				(
#					cd repo &&
#					test_commit 1 &&
#					test_commit 2 &&
#					test_commit 3 &&
#	
#					git refs migrate --dry-run --ref-format=$to_format >out &&
#					BACKEND_PATH="$dir/$(sed "s/.* ${SQ}.git\/\(.*\)${SQ}/\1/" out)" &&
#					test_refs_backend . $from_format "$to_format://$BACKEND_PATH" "$method"
#				)
#			
not ok 39 - reflog drop --all --single-worktree
#	
#				test_when_finished "rm -rf repo" &&
#				git init --ref-format=$from_format repo &&
#				test_must_fail git -C repo refs migrate \
#					--ref-format=$from_format 2>err &&
#				cat >expect <<-EOF &&
#				error: repository already uses ${SQ}$from_format${SQ} format
#				EOF
#				test_cmp expect err
#			
not ok 222 - override global and system config
./test-lib.sh: line 172: /home/haritha/code/bazel-7.2.0/git_255_iconv_translit_3waymerge/gitport/git/git: EDC5129I No such file or directory.
error: you do not seem to have built git yet.
make[2]: [Makefile:82: t1511-rev-parse-caret.sh] Error 1 (ignored)
not ok 42 - GIT_DIR=../.git, core.bare undefined: --is-bare-repository
#	
#		echo "" >stdin &&
#		test_must_fail git update-ref -z --stdin <stdin 2>err &&
#		grep "fatal: whitespace before command: " err
#	
#	
#		(
#			cd repo.git/work/sub/dir &&
#			GIT_DIR=../../.. &&
#			GIT_WORK_TREE=../.. &&
#			GIT_PAGER= &&
#			export GIT_DIR GIT_WORK_TREE GIT_PAGER &&
#	
#			git diff --exit-code tracked &&
#			echo changed >tracked &&
#			test_must_fail git diff --exit-code tracked
#		)
#	
not ok 31 - reject packed-refs with unterminated line
#	
#			prolog &&
#			reset_work_tree_to_interested replace_sub1_with_file &&
#			(
#				cd submodule_update &&
#				git branch -t replace_file_with_sub1 origin/replace_file_with_sub1 &&
#				$command replace_file_with_sub1 &&
#				test_superproject_content origin/replace_file_with_sub1 &&
#				test_submodule_content sub1 origin/replace_file_with_sub1
#			)
#		
not ok 36 - test --parseopt invalid switch --no-no-negative help output for optionspec-neg
*** t1512-rev-parse-disambiguation.sh ***
#	
#			${git_for_each_ref} --format="%($format)" "$ref" >actual &&
#			sanitize_pgp <actual >actual.clean &&
#			test_cmp expected actual.clean
#		
not ok 17 - diff --cached
#	
#				rm -f crlf_false_attr__$f.txt &&
#				git ${ceol:+-c core.eol=$ceol} checkout -- crlf_false_attr__$f.txt
#			
not ok 15 - config: write to files backend, . dir
not ok 21 - reftable -> files: migration with worktree fails
not ok 124 - stdin -z fails on empty command
#	
#		test_when_finished "rm -rf repo" &&
#		test_when_finished "rm -rf wt" &&
#		git init repo &&
#		(
#			cd repo &&
#			test_commit A &&
#			git worktree add ../wt &&
#			test_commit -C ../wt foobar &&
#			git reflog exists refs/heads/main &&
#			git reflog exists refs/heads/wt &&
#			test-tool ref-store worktree:wt reflog-exists HEAD &&
#			git reflog drop --all --single-worktree &&
#			test_must_fail git reflog exists refs/heads/main &&
#			test_must_fail git reflog exists refs/heads/wt &&
#			test_must_fail test-tool ref-store worktree:main reflog-exists HEAD &&
#			test-tool ref-store worktree:wt reflog-exists HEAD
#		)
#	
#	
#		printf "%s\0" "update ~a" refs/heads/main "" >stdin &&
#		test_must_fail git update-ref -z --stdin <stdin 2>err &&
#		grep "fatal: invalid ref format: ~a" err
#	
not ok 66 - basic atom: refs/heads/main authoremail:localpart,mailmap
ok 658 - repo -h output has dashed labels
#	
#				if test -n "$gitdir"
#				then
#					test_when_finished "unset GIT_DIR" &&
#					GIT_DIR="$gitdir" &&
#					export GIT_DIR
#				fi &&
#	
#				case "$bare" in
#				t*) test_config ${d:+-C} ${d:+"$d"} core.bare true ;;
#				f*) test_config ${d:+-C} ${d:+"$d"} core.bare false ;;
#				u*) test_unconfig ${d:+-C} ${d:+"$d"} core.bare ;;
#				esac &&
#	
#				echo "$expect" >expect &&
#				git ${d:+-C} ${d:+"$d"} rev-parse $o >actual &&
#				test_cmp expect actual
#			
#	
#		test_when_finished rm -f \"\$HOME\"/.gitconfig &&
#		cat >"$HOME"/.gitconfig <<-EOF &&
#		[home]
#			config = true
#		EOF
#	
#		test_when_finished rm -rf \"\$HOME\"/.config/git &&
#		mkdir -p "$HOME"/.config/git &&
#		cat >"$HOME"/.config/git/config <<-EOF &&
#		[xdg]
#			config = true
#		EOF
#		cat >.git/config <<-EOF &&
#		[local]
#			config = true
#		EOF
#		cat >custom-global-config <<-EOF &&
#		[global]
#			config = true
#		EOF
#		cat >custom-system-config <<-EOF &&
#		[system]
#			config = true
#		EOF
#	
#		cat >expect <<-EOF &&
#		global	xdg.config=true
#		global	home.config=true
#		local	local.config=true
#		EOF
#		git config ${mode_prefix}list --show-scope >output &&
#		test_cmp expect output &&
#	
#		cat >expect <<-EOF &&
#		system	system.config=true
#		global	global.config=true
#		local	local.config=true
#		EOF
#		GIT_CONFIG_NOSYSTEM=false GIT_CONFIG_SYSTEM=custom-system-config GIT_CONFIG_GLOBAL=custom-global-config \
#			git config ${mode_prefix}list --show-scope >output &&
#		test_cmp expect output &&
#	
#		cat >expect <<-EOF &&
#		local	local.config=true
#		EOF
#		GIT_CONFIG_NOSYSTEM=false GIT_CONFIG_SYSTEM=/dev/null GIT_CONFIG_GLOBAL=/dev/null \
#			git config ${mode_prefix}list --show-scope >output &&
#		test_cmp expect output
#	
#	
#		cp .git/packed-refs .git/packed-refs.bak &&
#		test_when_finished "mv .git/packed-refs.bak .git/packed-refs" &&
#		printf "%s" "$HEAD refs/zzzzz" >>.git/packed-refs &&
#		echo "fatal: unterminated line in .git/packed-refs: $HEAD refs/zzzzz" >expected_err &&
#		test_must_fail git for-each-ref >out 2>err &&
#		test_cmp expected_err err
#	
not ok 35 - update-ref --stdin -z fails delete with bad ref name
not ok 22 - tree object with duplicate names: x x.1 x/
#	
#				test_when_finished "rm -rf repo" &&
#				git init --ref-format=$from_format repo &&
#				git -C repo worktree add wt &&
#				test_must_fail git -C repo refs migrate \
#					--ref-format=$to_format 2>err &&
#				cat >expect <<-EOF &&
#				error: migrating repositories with worktrees is not supported yet
#				EOF
#				test_cmp expect err
#			
#	
#			{
#				cat <<-\EOF &&
#				error: unknown option `no-no-negative'
#				EOF
#				sed -e 1d -e \$d <"$TEST_DIRECTORY/t1502/$spec.help"
#			} >expect &&
#			test_expect_code 129 git rev-parse --parseopt -- $opt \
#				2>output <"$TEST_DIRECTORY/t1502/$spec" &&
#			test_cmp expect output
#		
not ok 24 - git read-tree -u --reset --recurse-submodules: replace directory with submodule
not ok 43 - GIT_DIR=../.git, core.bare undefined: --is-inside-git-dir
#	
#				test_when_finished "rm -rf repo" &&
#				git init --ref-format=$from_format repo &&
#				(
#					cd repo &&
#					test_commit 1 &&
#					test_commit 2 &&
#					test_commit 3 &&
#	
#					git refs migrate --dry-run --ref-format=$to_format >out &&
#					BACKEND_PATH="$dir/$(sed "s/.* ${SQ}.git\/\(.*\)${SQ}/\1/" out)" &&
#	
#					test_refs_backend . $from_format "$to_format://$BACKEND_PATH" "$method" &&
#	
#					git refs list >expect &&
#					run_with_uri . "$from_format" "$to_format://$BACKEND_PATH" \
#						"tag -d 1" "$method" &&
#					git refs list >actual &&
#					test_cmp expect actual &&
#	
#					git refs list | grep -v "refs/tags/1" >expect &&
#					run_with_uri . "$from_format" "$to_format://$BACKEND_PATH" \
#						"refs list" "$method" >actual &&
#					test_cmp expect actual
#				)
#			
#	
#			${git_for_each_ref} --format="%($format)" "$ref" >actual &&
#			sanitize_pgp <actual >actual.clean &&
#			test_cmp expected actual.clean
#		
#	
#		init_repos &&
#	
#		write_script edit-contents <<-\EOF &&
#		echo text >>README.md
#		EOF
#		run_on_all ../edit-contents &&
#	
#		test_all_match git diff &&
#		test_all_match git diff --cached &&
#		test_all_match git add README.md &&
#		test_all_match git diff &&
#		test_all_match git diff --cached
#	
not ok 40 - reflog drop --all with reference
#	
#		printf $F "" >stdin &&
#		test_must_fail git update-ref -z --stdin <stdin 2>err &&
#		grep "fatal: empty command in input" err
#	
./test-lib.sh: line 172: /home/haritha/code/bazel-7.2.0/git_255_iconv_translit_3waymerge/gitport/git/git: EDC5129I No such file or directory.
error: you do not seem to have built git yet.
make[2]: [Makefile:82: t1512-rev-parse-disambiguation.sh] Error 1 (ignored)
not ok 67 - basic atom: refs/heads/main authoremail:mailmap,trim,localpart,mailmap,trim
not ok 586 - setup CRLF checkout  with -c core.eol=lf
not ok 659 - repo -h output has consistent spacing
not ok 24 - diff-index respects work tree under .git dir
#	
#			test_when_finished "remove_object \$blob" &&
#			test_when_finished "remove_object \$tree" &&
#			test_when_finished "remove_object \$badtree" &&
#			blob=$(echo blob | git hash-object -w --stdin) &&
#			printf "100644 blob %s\t%s\n" $blob x.2 >tree &&
#			tree=$(git mktree <tree) &&
#			for name in $names
#			do
#				case "$name" in
#				*/) printf "040000 tree %s\t%s\n" $tree "${name%/}" ;;
#				*)  printf "100644 blob %s\t%s\n" $blob "$name" ;;
#				esac
#			done >badtree &&
#			badtree=$(git mktree <badtree) &&
#			test_must_fail git fsck 2>out &&
#			test_grep "$badtree" out &&
#			test_grep "error in tree .*contains duplicate file entries" out
#		
#	
#		printf "%s\0" "delete ~a" refs/heads/main >stdin &&
#		test_must_fail git update-ref -z --stdin <stdin 2>err &&
#		grep "fatal: invalid ref format: ~a" err
#	
not ok 22 - reftable -> files: unborn HEAD
not ok 125 - stdin -z fails on only whitespace
not ok 223 - override global and system config with missing file
*** t1513-rev-parse-prefix.sh ***
not ok 16 - config: with worktree and files backend, . dir
not ok 32 - reject packed-refs containing junk
#	
#			prolog &&
#			reset_work_tree_to_interested replace_sub1_with_directory &&
#			(
#				cd submodule_update &&
#				git branch -t replace_directory_with_sub1 origin/replace_directory_with_sub1 &&
#				$command replace_directory_with_sub1 &&
#				test_superproject_content origin/replace_directory_with_sub1 &&
#				test_submodule_content sub1 origin/replace_directory_with_sub1
#			)
#		
#	
#				if test -n "$gitdir"
#				then
#					test_when_finished "unset GIT_DIR" &&
#					GIT_DIR="$gitdir" &&
#					export GIT_DIR
#				fi &&
#	
#				case "$bare" in
#				t*) test_config ${d:+-C} ${d:+"$d"} core.bare true ;;
#				f*) test_config ${d:+-C} ${d:+"$d"} core.bare false ;;
#				u*) test_unconfig ${d:+-C} ${d:+"$d"} core.bare ;;
#				esac &&
#	
#				echo "$expect" >expect &&
#				git ${d:+-C} ${d:+"$d"} rev-parse $o >actual &&
#				test_cmp expect actual
#			
#	
#		test_when_finished "rm -rf repo" &&
#		git init repo &&
#		(
#			cd repo &&
#			test_commit A &&
#			test_must_fail git reflog drop --all refs/heads/main 2>stderr &&
#			test_grep "usage: references specified along with --all" stderr
#		)
#	
not ok 36 - branch rejects HEAD as a branch name
#	
#			${git_for_each_ref} --format="%($format)" "$ref" >actual &&
#			sanitize_pgp <actual >actual.clean &&
#			test_cmp expected actual.clean
#		
#	
#		cat >diff-index-cached.expected <<-EOF &&
#		:000000 100644 $ZERO_OID $EMPTY_BLOB A	sub/dir/tracked
#		EOF
#		cat >diff-index.expected <<-EOF &&
#		:000000 100644 $ZERO_OID $ZERO_OID A	sub/dir/tracked
#		EOF
#	
#		(
#			GIT_DIR=repo.git &&
#			GIT_WORK_TREE=repo.git/work &&
#			export GIT_DIR GIT_WORK_TREE &&
#			git diff-index $EMPTY_TREE >diff-index.actual &&
#			git diff-index --cached $EMPTY_TREE >diff-index-cached.actual
#		) &&
#		test_cmp diff-index.expected diff-index.actual &&
#		test_cmp diff-index-cached.expected diff-index-cached.actual
#	
#	
#			h2s="$(help_to_synopsis "$builtin")" &&
#			sed -n \
#				-e "/^ / {
#					s/[^ ].*//;
#					p;
#				}" \
#				<"$h2s" >help &&
#			sort -u help >help.ws &&
#			if test -s help.ws
#			then
#				test_line_count = 1 help.ws
#			fi
#		
not ok 37 - ambiguous: --no matches both --noble and --no-noble
#	
#				rm -f crlf_false_attr__$f.txt &&
#				git ${ceol:+-c core.eol=$ceol} checkout -- crlf_false_attr__$f.txt
#			
not ok 41 - expire with pattern config
#	
#				test_when_finished "rm -rf repo" &&
#				git init --ref-format=$from_format repo &&
#				test_migration repo "$to_format"
#			
not ok 44 - GIT_DIR=../.git, core.bare undefined: --is-inside-work-tree
#	
#		printf $F " " >stdin &&
#		test_must_fail git update-ref -z --stdin <stdin 2>err &&
#		grep "fatal: whitespace before command:  " err
#	
not ok 68 - basic atom: refs/heads/main authordate
#	
#				test_when_finished "rm -rf repo wt" &&
#				git init --ref-format=$from_format repo &&
#				(
#					cd repo &&
#					test_commit 1 &&
#					test_commit 2 &&
#					test_commit 3 &&
#	
#					git refs migrate --dry-run --ref-format=$to_format >out &&
#					BACKEND_PATH="$dir/$(sed "s/.* ${SQ}.git\/\(.*\)${SQ}/\1/" out)" &&
#	
#					run_with_uri . "$from_format" "$to_format://$BACKEND_PATH" \
#						"worktree add ../wt 2" "$method" &&
#	
#					run_with_uri . "$from_format" "$to_format://$BACKEND_PATH" \
#						"for-each-ref --include-root-refs" "$method" >actual &&
#					run_with_uri ../wt "$from_format" "$to_format://$BACKEND_PATH" \
#						"for-each-ref --include-root-refs" "$method" >expect &&
#					! test_cmp expect actual &&
#	
#					run_with_uri . "$from_format" "$to_format://$BACKEND_PATH" \
#						"rev-parse 2" "$method" >actual &&
#					run_with_uri ../wt "$from_format" "$to_format://$BACKEND_PATH" \
#						"rev-parse HEAD" "$method" >expect &&
#					test_cmp expect actual
#				)
#			
not ok 25 - git read-tree -u --reset --recurse-submodules: nested submodules are checked out
#	
#		test_must_fail git branch HEAD HEAD^ &&
#		test_must_fail git show-ref refs/heads/HEAD
#	
#	
#		cp .git/packed-refs .git/packed-refs.bak &&
#		test_when_finished "mv .git/packed-refs.bak .git/packed-refs" &&
#		printf "%s\n" "bogus content" >>.git/packed-refs &&
#		echo "fatal: unexpected line in .git/packed-refs: bogus content" >expected_err &&
#		test_must_fail git for-each-ref >out 2>err &&
#		test_cmp expected_err err
#	
not ok 18 - diff with renames and conflicts
#	
#		test_must_fail env GIT_CONFIG_GLOBAL=does-not-exist GIT_CONFIG_SYSTEM=/dev/null git config ${mode_prefix}list --global &&
#		test_must_fail env GIT_CONFIG_GLOBAL=/dev/null GIT_CONFIG_SYSTEM=does-not-exist git config ${mode_prefix}list --system &&
#		GIT_CONFIG_GLOBAL=does-not-exist GIT_CONFIG_SYSTEM=does-not-exist git version
#	
not ok 126 - stdin -z fails on leading whitespace
#	
#		cat >spec <<-\EOF &&
#		some-command [options]
#		--
#		noble The feudal switch.
#		EOF
#		test_expect_code 129 env GIT_TEST_DISALLOW_ABBREVIATED_OPTIONS=false \
#		git rev-parse --parseopt -- <spec 2>err --no &&
#		grep "error: ambiguous option: no (could be --noble or --no-noble)" err
#	
#	
#		# Split refs/heads/ into two roots so we can apply config to each. Make
#		# two branches per root to verify that config is applied correctly
#		# multiple times.
#		git branch root1/branch1 &&
#		git branch root1/branch2 &&
#		git branch root2/branch1 &&
#		git branch root2/branch2 &&
#	
#		test_config "gc.reflogexpire" "never" &&
#		test_config "gc.refs/heads/root2/*.reflogExpire" "now" &&
#		git reflog expire \
#			root1/branch1 root1/branch2 \
#			root2/branch1 root2/branch2 &&
#	
#		cat >expect <<-\EOF &&
#		root1/branch1@{0}
#		root1/branch2@{0}
#		EOF
#		git log -g --branches="root*" --format=%gD >actual.raw &&
#		# The sole reflog entry of each branch points to the same commit, so
#		# the order in which they are shown is nondeterministic. We just care
#		# about the what was expired (and what was not), so sort to get a known
#		# order.
#		sort <actual.raw >actual.sorted &&
#		test_cmp expect actual.sorted
#	
not ok 37 - checkout -b rejects HEAD as a branch name
not ok 587 - setup LF_mix_CR checkout  with -c core.eol=lf
./test-lib.sh: line 172: /home/haritha/code/bazel-7.2.0/git_255_iconv_translit_3waymerge/gitport/git/git: EDC5129I No such file or directory.
error: you do not seem to have built git yet.
make[2]: [Makefile:82: t1513-rev-parse-prefix.sh] Error 1 (ignored)
not ok 25 - diff-files respects work tree under .git dir
#	
#			${git_for_each_ref} --format="%($format)" "$ref" >actual &&
#			sanitize_pgp <actual >actual.clean &&
#			test_cmp expected actual.clean
#		
not ok 23 - reftable -> files: single ref
#	
#				if test -n "$gitdir"
#				then
#					test_when_finished "unset GIT_DIR" &&
#					GIT_DIR="$gitdir" &&
#					export GIT_DIR
#				fi &&
#	
#				case "$bare" in
#				t*) test_config ${d:+-C} ${d:+"$d"} core.bare true ;;
#				f*) test_config ${d:+-C} ${d:+"$d"} core.bare false ;;
#				u*) test_unconfig ${d:+-C} ${d:+"$d"} core.bare ;;
#				esac &&
#	
#				echo "$expect" >expect &&
#				git ${d:+-C} ${d:+"$d"} rev-parse $o >actual &&
#				test_cmp expect actual
#			
#	
#			prolog &&
#			reset_work_tree_to_interested no_submodule &&
#			(
#				cd submodule_update &&
#				git branch -t modify_sub1_recursively origin/modify_sub1_recursively &&
#				$command modify_sub1_recursively &&
#				test_superproject_content origin/modify_sub1_recursively &&
#				test_submodule_content sub1 origin/modify_sub1_recursively &&
#				test_submodule_content -C sub1 sub2 origin/modify_sub1_recursively
#			)
#		
not ok 69 - basic atom: refs/heads/main committer
# still have 1 known breakage(s)
# failed 11 among remaining 40 test(s)
1..41
#	
#		init_repos &&
#	
#		for branch in rename-out-to-out \
#			      rename-out-to-in \
#			      rename-in-to-out \
#			      df-conflict-1 \
#			      fd-conflict
#		do
#			test_all_match git checkout rename-base &&
#			test_all_match git checkout $branch -- . &&
#			test_all_match git status --porcelain=v2 &&
#			test_all_match git diff --cached --no-renames &&
#			test_all_match git diff --cached --find-renames || return 1
#		done
#	
#	
#		printf $F " create $a" "$m" >stdin &&
#		test_must_fail git update-ref -z --stdin <stdin 2>err &&
#		grep "fatal: whitespace before command:  create $a" err
#	
make[2]: [Makefile:82: t1410-reflog.sh] Error 1 (ignored)
# failed 10 among 37 test(s)
1..37
*** t1514-rev-parse-push.sh ***
not ok 45 - GIT_DIR=../.git, core.bare undefined: --show-prefix
ok 660 - repo appropriately marked as having .adoc
#	
#		cat >diff-files.expected <<-EOF &&
#		:100644 100644 $EMPTY_BLOB $ZERO_OID M	sub/dir/tracked
#		EOF
#	
#		(
#			GIT_DIR=repo.git &&
#			GIT_WORK_TREE=repo.git/work &&
#			export GIT_DIR GIT_WORK_TREE &&
#			git diff-files >diff-files.actual
#		) &&
#		test_cmp diff-files.expected diff-files.actual
#	
make[2]: [Makefile:82: t1502-rev-parse-parseopt.sh] Error 1 (ignored)
#	
#				test_when_finished "rm -rf repo" &&
#				git init --ref-format=$from_format repo &&
#				test_commit -C repo initial &&
#				test_migration repo "$to_format"
#			
#	
#				rm -f crlf_false_attr__$f.txt &&
#				git ${ceol:+-c core.eol=$ceol} checkout -- crlf_false_attr__$f.txt
#			
#	
#		test_must_fail git checkout -B HEAD HEAD^ &&
#		test_must_fail git show-ref refs/heads/HEAD
#	
*** t1515-rev-parse-outside-repo.sh ***
not ok 17 - migrating repository to files with alternate refs directory
not ok 33 - reject packed-refs with a short SHA-1
not ok 127 - stdin -z fails on unknown command
#	
#			${git_for_each_ref} --format="%($format)" "$ref" >actual &&
#			sanitize_pgp <actual >actual.clean &&
#			test_cmp expected actual.clean
#		
not ok 224 - system override has no effect with GIT_CONFIG_NOSYSTEM
*** t1517-outside-repo.sh ***
not ok 70 - basic atom: refs/heads/main committername
not ok 38 - update-ref can operate on refs/heads/HEAD
not ok 26 - git read-tree -u --reset --recurse-submodules: removed submodule removes submodules working tree
not ok 588 - setup CRLF_mix_LF checkout  with -c core.eol=lf
#	
#			test_when_finished "rm -rf repo refdir" &&
#			mkdir refdir &&
#			GIT_REFERENCE_BACKEND="${from_format}://$(pwd)/refdir" git init repo &&
#			(
#				cd repo &&
#	
#				test_commit 1 &&
#				test_commit 2 &&
#				test_commit 3 &&
#	
#				git refs migrate --ref-format=$to_format &&
#				git refs list >out &&
#				test_grep "refs/tags/1"	out &&
#				test_grep "refs/tags/2"	out &&
#				test_grep "refs/tags/3"	out
#			)
#		
not ok 24 - reftable -> files: bare repository
#	
#		cp .git/packed-refs .git/packed-refs.bak &&
#		test_when_finished "mv .git/packed-refs.bak .git/packed-refs" &&
#		printf "%.7s %s\n" $HEAD refs/zzzzz >>.git/packed-refs &&
#		printf "fatal: unexpected line in .git/packed-refs: %.7s %s\n" $HEAD refs/zzzzz >expected_err &&
#		test_must_fail git for-each-ref >out 2>err &&
#		test_cmp expected_err err
#	
#	
#				if test -n "$gitdir"
#				then
#					test_when_finished "unset GIT_DIR" &&
#					GIT_DIR="$gitdir" &&
#					export GIT_DIR
#				fi &&
#	
#				case "$bare" in
#				t*) test_config ${d:+-C} ${d:+"$d"} core.bare true ;;
#				f*) test_config ${d:+-C} ${d:+"$d"} core.bare false ;;
#				u*) test_unconfig ${d:+-C} ${d:+"$d"} core.bare ;;
#				esac &&
#	
#				echo "$expect" >expect &&
#				git ${d:+-C} ${d:+"$d"} rev-parse $o >actual &&
#				test_cmp expect actual
#			
#	
#		printf $F "unknown $a" >stdin &&
#		test_must_fail git update-ref -z --stdin <stdin 2>err &&
#		grep "fatal: unknown command: unknown $a" err
#	
#	
#		# `git config --system` has different semantics compared to other
#		# commands as it ignores GIT_CONFIG_NOSYSTEM. We thus test whether the
#		# variable has an effect via a different proxy.
#		cat >alias-config <<-EOF &&
#		[alias]
#			hello-world = !echo "hello world"
#		EOF
#		test_must_fail env GIT_CONFIG_NOSYSTEM=true GIT_CONFIG_SYSTEM=alias-config \
#			git hello-world &&
#		GIT_CONFIG_NOSYSTEM=false GIT_CONFIG_SYSTEM=alias-config \
#			git hello-world >actual &&
#		echo "hello world" >expect &&
#		test_cmp expect actual
#	
./test-lib.sh: line 172: /home/haritha/code/bazel-7.2.0/git_255_iconv_translit_3waymerge/gitport/git/git: EDC5129I No such file or directory.
error: you do not seem to have built git yet.
make[2]: [Makefile:82: t1514-rev-parse-push.sh] Error 1 (ignored)
not ok 19 - diff with directory/file conflicts
not ok 128 - stdin -z fails create with no ref
#	
#			${git_for_each_ref} --format="%($format)" "$ref" >actual &&
#			sanitize_pgp <actual >actual.clean &&
#			test_cmp expected actual.clean
#		
./test-lib.sh: line 172: /home/haritha/code/bazel-7.2.0/git_255_iconv_translit_3waymerge/gitport/git/git: EDC5129I No such file or directory.
error: you do not seem to have built git yet.
make[2]: [Makefile:82: t1515-rev-parse-outside-repo.sh] Error 1 (ignored)
#	
#		git update-ref refs/heads/HEAD HEAD^ &&
#		git show-ref refs/heads/HEAD &&
#		git update-ref -d refs/heads/HEAD &&
#		test_must_fail git show-ref refs/heads/HEAD
#	
*** t1600-index.sh ***
#	
#			prolog &&
#			reset_work_tree_to_interested add_sub1 &&
#			(
#				cd submodule_update &&
#				git branch -t remove_sub1 origin/remove_sub1 &&
#				$command remove_sub1 &&
#				test_superproject_content origin/remove_sub1 &&
#				! test -e sub1 &&
#				test_must_fail git config -f .git/modules/sub1/config core.worktree
#			)
#		
./test-lib.sh: line 172: /home/haritha/code/bazel-7.2.0/git_255_iconv_translit_3waymerge/gitport/git/git: EDC5129I No such file or directory.
error: you do not seem to have built git yet.
ok 661 - repo *.adoc SYNOPSIS has dashed labels
not ok 71 - basic atom: refs/heads/main committername:mailmap
#	
#				test_when_finished "rm -rf repo repo.git" &&
#				git init --ref-format=$from_format repo &&
#				test_commit -C repo initial &&
#				git clone --ref-format=$from_format --mirror repo repo.git &&
#				test_migration repo.git "$to_format"
#			
#	
#				rm -f crlf_false_attr__$f.txt &&
#				git ${ceol:+-c core.eol=$ceol} checkout -- crlf_false_attr__$f.txt
#			
not ok 18 - env: URI is invalid
not ok 46 - GIT_DIR=../repo.git, core.bare = false: --is-bare-repository
not ok 34 - timeout if packed-refs.lock exists
make[2]: [Makefile:82: t1517-outside-repo.sh] Error 1 (ignored)
*** t1601-index-bogus.sh ***
not ok 225 - write to overridden global and system config
#	
#		printf $F "create " >stdin &&
#		test_must_fail git update-ref -z --stdin <stdin 2>err &&
#		grep "fatal: create: missing <ref>" err
#	
#	
#		init_repos &&
#	
#		for branch in rename-out-to-out \
#			      rename-out-to-in \
#			      rename-in-to-out \
#			      df-conflict-1 \
#			      df-conflict-2 \
#			      fd-conflict
#		do
#			git -C full-checkout reset --hard &&
#			test_sparse_match git reset --hard &&
#			test_all_match git checkout $branch &&
#			test_all_match git checkout rename-base -- . &&
#			test_all_match git status --porcelain=v2 &&
#			test_all_match git diff --cached --no-renames &&
#			test_all_match git diff --cached --find-renames || return 1
#		done
#	
not ok 39 - branch -d can remove refs/heads/HEAD
not ok 26 - git diff respects work tree under .git dir
*** t1700-split-index.sh ***
#	
#			${git_for_each_ref} --format="%($format)" "$ref" >actual &&
#			sanitize_pgp <actual >actual.clean &&
#			test_cmp expected actual.clean
#		
not ok 129 - stdin -z fails create with no new value
not ok 27 - git read-tree -u --reset --recurse-submodules: removed submodule absorbs submodules .git directory
not ok 589 - setup LF_nul checkout  with -c core.eol=lf
not ok 25 - reftable -> files: dangling symref
#	
#				if test -n "$gitdir"
#				then
#					test_when_finished "unset GIT_DIR" &&
#					GIT_DIR="$gitdir" &&
#					export GIT_DIR
#				fi &&
#	
#				case "$bare" in
#				t*) test_config ${d:+-C} ${d:+"$d"} core.bare true ;;
#				f*) test_config ${d:+-C} ${d:+"$d"} core.bare false ;;
#				u*) test_unconfig ${d:+-C} ${d:+"$d"} core.bare ;;
#				esac &&
#	
#				echo "$expect" >expect &&
#				git ${d:+-C} ${d:+"$d"} rev-parse $o >actual &&
#				test_cmp expect actual
#			
#	
#		LOCK=.git/packed-refs.lock &&
#		>"$LOCK" &&
#		test_when_finished "rm -f $LOCK" &&
#		test_must_fail git ${pack_refs} --all --prune
#	
not ok 72 - basic atom: refs/heads/main committeremail
#	
#		git update-ref refs/heads/HEAD HEAD^ &&
#		git branch -d HEAD &&
#		test_must_fail git show-ref refs/heads/HEAD
#	
#	
#		cat >diff-TREE.expected <<-EOF &&
#		diff --git a/sub/dir/tracked b/sub/dir/tracked
#		new file mode 100644
#		index 0000000..$CHANGED_BLOB7
#		--- /dev/null
#		+++ b/sub/dir/tracked
#		@@ -0,0 +1 @@
#		+changed
#		EOF
#		cat >diff-TREE-cached.expected <<-EOF &&
#		diff --git a/sub/dir/tracked b/sub/dir/tracked
#		new file mode 100644
#		index 0000000..$EMPTY_BLOB7
#		EOF
#		cat >diff-FILES.expected <<-EOF &&
#		diff --git a/sub/dir/tracked b/sub/dir/tracked
#		index $EMPTY_BLOB7..$CHANGED_BLOB7 100644
#		--- a/sub/dir/tracked
#		+++ b/sub/dir/tracked
#		@@ -0,0 +1 @@
#		+changed
#		EOF
#	
#		(
#			GIT_DIR=repo.git &&
#			GIT_WORK_TREE=repo.git/work &&
#			export GIT_DIR GIT_WORK_TREE &&
#			git diff $EMPTY_TREE >diff-TREE.actual &&
#			git diff --cached $EMPTY_TREE >diff-TREE-cached.actual &&
#			git diff >diff-FILES.actual
#		) &&
#		test_cmp diff-TREE.expected diff-TREE.actual &&
#		test_cmp diff-TREE-cached.expected diff-TREE-cached.actual &&
#		test_cmp diff-FILES.expected diff-FILES.actual
#	
#	
#		test_when_finished "rm -rf repo" &&
#		git init repo &&
#		test_refs_backend repo files "reftable@/home/reftable" "$method" \
#			"invalid value for ${SQ}extensions.refstorage${SQ}"
#	
#	
#		cat >expect <<EOF &&
#	[config]
#		key = value
#	EOF
#	
#		GIT_CONFIG_GLOBAL=write-to-global git config --global config.key value &&
#		test_cmp expect write-to-global &&
#	
#		GIT_CONFIG_SYSTEM=write-to-system git config --system config.key value &&
#		test_cmp expect write-to-system
#	
not ok 23 - tree object with duplicate names: x x.1.2 x.1/ x/
./test-lib.sh: line 172: /home/haritha/code/bazel-7.2.0/git_255_iconv_translit_3waymerge/gitport/git/git: EDC5129I No such file or directory.
error: you do not seem to have built git yet.
make[2]: [Makefile:82: t1600-index.sh] Error 1 (ignored)
not ok 40 - branch -m can rename refs/heads/HEAD
#	
#				rm -f crlf_false_attr__$f.txt &&
#				git ${ceol:+-c core.eol=$ceol} checkout -- crlf_false_attr__$f.txt
#			
#	
#		printf $F "create $a" >stdin &&
#		test_must_fail git update-ref -z --stdin <stdin 2>err &&
#		grep "fatal: create $a: unexpected end of input when reading <new-oid>" err
#	
./test-lib.sh: line 172: /home/haritha/code/bazel-7.2.0/git_255_iconv_translit_3waymerge/gitport/git/git: EDC5129I No such file or directory.
error: you do not seem to have built git yet.
#	
#			${git_for_each_ref} --format="%($format)" "$ref" >actual &&
#			sanitize_pgp <actual >actual.clean &&
#			test_cmp expected actual.clean
#		
not ok 47 - GIT_DIR=../repo.git, core.bare = false: --is-inside-git-dir
./test-lib.sh: line 172: /home/haritha/code/bazel-7.2.0/git_255_iconv_translit_3waymerge/gitport/git/git: EDC5129I No such file or directory.
error: you do not seem to have built git yet.
#	
#			prolog &&
#			reset_work_tree_to_interested add_sub1 &&
#			(
#				cd submodule_update &&
#				git branch -t remove_sub1 origin/remove_sub1 &&
#				replace_gitfile_with_git_dir sub1 &&
#				rm -rf .git/modules &&
#				$command remove_sub1 &&
#				test_superproject_content origin/remove_sub1 &&
#				! test -e sub1 &&
#				test_git_directory_exists sub1
#			)
#		
#	
#				test_when_finished "rm -rf repo" &&
#				git init --ref-format=$from_format repo &&
#				test_commit -C repo initial &&
#				git -C repo symbolic-ref BROKEN_HEAD refs/heads/nonexistent &&
#				test_migration repo "$to_format" &&
#				echo refs/heads/nonexistent >expect &&
#				git -C repo symbolic-ref BROKEN_HEAD >actual &&
#				test_cmp expect actual
#			
make[2]: [Makefile:82: t1601-index-bogus.sh] Error 1 (ignored)
make[2]: [Makefile:82: t1700-split-index.sh] Error 1 (ignored)
*** t1701-racy-split-index.sh ***
not ok 130 - stdin -z fails create with too many arguments
not ok 19 - env: URI ends with colon
not ok 73 - basic atom: refs/heads/main committeremail:trim
#	
#			test_when_finished "remove_object \$blob" &&
#			test_when_finished "remove_object \$tree" &&
#			test_when_finished "remove_object \$badtree" &&
#			blob=$(echo blob | git hash-object -w --stdin) &&
#			printf "100644 blob %s\t%s\n" $blob x.2 >tree &&
#			tree=$(git mktree <tree) &&
#			for name in $names
#			do
#				case "$name" in
#				*/) printf "040000 tree %s\t%s\n" $tree "${name%/}" ;;
#				*)  printf "100644 blob %s\t%s\n" $blob "$name" ;;
#				esac
#			done >badtree &&
#			badtree=$(git mktree <badtree) &&
#			test_must_fail git fsck 2>out &&
#			test_grep "$badtree" out &&
#			test_grep "error in tree .*contains duplicate file entries" out
#		
not ok 27 - git grep
*** t1800-hook.sh ***
#	
#		git update-ref refs/heads/HEAD HEAD^ &&
#		git branch -m HEAD tail &&
#		test_must_fail git show-ref refs/heads/HEAD &&
#		git show-ref refs/heads/tail
#	
not ok 28 - git read-tree -u --reset --recurse-submodules: replace submodule with a file
*** t1900-repo-info.sh ***
not ok 20 - log with pathspec outside sparse definition
#	
#				if test -n "$gitdir"
#				then
#					test_when_finished "unset GIT_DIR" &&
#					GIT_DIR="$gitdir" &&
#					export GIT_DIR
#				fi &&
#	
#				case "$bare" in
#				t*) test_config ${d:+-C} ${d:+"$d"} core.bare true ;;
#				f*) test_config ${d:+-C} ${d:+"$d"} core.bare false ;;
#				u*) test_unconfig ${d:+-C} ${d:+"$d"} core.bare ;;
#				esac &&
#	
#				echo "$expect" >expect &&
#				git ${d:+-C} ${d:+"$d"} rev-parse $o >actual &&
#				test_cmp expect actual
#			
not ok 26 - reftable -> files: broken ref
not ok 226 - --local requires a repo
not ok 41 - branch -d can remove refs/heads/-dash
#	
#		printf $F "create $a" "$m" "$m" >stdin &&
#		test_must_fail git update-ref -z --stdin <stdin 2>err &&
#		grep "fatal: unknown command: $m" err
#	
not ok 662 - repo -h output and SYNOPSIS agree
#	
#		test_when_finished "rm -rf repo" &&
#		git init repo &&
#		test_refs_backend repo files "reftable:" "$method" \
#			"invalid value for ${SQ}extensions.refstorage${SQ}"
#	
#	
#		echo dir/tracked >expected.grep &&
#		(
#			cd repo.git/work/sub &&
#			GIT_DIR=../.. &&
#			GIT_WORK_TREE=.. &&
#			export GIT_DIR GIT_WORK_TREE &&
#			git grep -l changed >../../../actual.grep
#		) &&
#		test_cmp expected.grep actual.grep
#	
#	
#			${git_for_each_ref} --format="%($format)" "$ref" >actual &&
#			sanitize_pgp <actual >actual.clean &&
#			test_cmp expected actual.clean
#		
not ok 131 - stdin -z fails update with no ref
./test-lib.sh: line 172: /home/haritha/code/bazel-7.2.0/git_255_iconv_translit_3waymerge/gitport/git/git: EDC5129I No such file or directory.
./test-lib.sh: line 172: /home/haritha/code/bazel-7.2.0/git_255_iconv_translit_3waymerge/gitport/git/git: EDC5129I No such file or directory.
error: you do not seem to have built git yet.
error: you do not seem to have built git yet.
not ok 48 - GIT_DIR=../repo.git, core.bare = false: --is-inside-work-tree
not ok 74 - basic atom: refs/heads/main committeremail:localpart
make[2]: [Makefile:82: t1701-racy-split-index.sh] Error 1 (ignored)
not ok 28 - git commit
#	
#			t2s="$(adoc_to_synopsis "$builtin")" &&
#			if test "$builtin" = "merge-tree"
#			then
#				test_when_finished "rm -f t2s.new" &&
#				sed -e 's/ (deprecated)$//g' <"$t2s" >t2s.new
#				t2s=t2s.new
#			fi &&
#			h2s="$(help_to_synopsis "$builtin")" &&
#	
#			# The *.adoc and -h use different spacing for the
#			# alignment of continued usage output, normalize it.
#			align_after_nl "$builtin" <"$t2s" >adoc &&
#			align_after_nl "$builtin" <"$h2s" >help &&
#			test_cmp adoc help
#		
#	
#			# we expect 128 to ensure that we do not simply
#			# fail to find anything and return code "1"
#			test_expect_code 128 nongit git config $opt foo.bar
#		
#	
#			prolog &&
#			reset_work_tree_to_interested add_sub1 &&
#			(
#				cd submodule_update &&
#				git branch -t replace_sub1_with_file origin/replace_sub1_with_file &&
#				$command replace_sub1_with_file &&
#				test_superproject_content origin/replace_sub1_with_file &&
#				test -f sub1
#			)
#		
#	
#		init_repos &&
#	
#		test_all_match git log -- a &&
#		test_all_match git log -- folder1/a &&
#		test_all_match git log -- folder2/a &&
#		test_all_match git log -- deep/a &&
#		test_all_match git log -- deep/deeper1/a &&
#		test_all_match git log -- deep/deeper1/deepest/a &&
#	
#		test_all_match git checkout update-folder1 &&
#		test_all_match git log -- folder1/a
#	
#	
#				test_when_finished "rm -rf repo" &&
#				git init --ref-format=$from_format repo &&
#				test_commit -C repo initial &&
#				test-tool -C repo ref-store main update-ref "" refs/heads/broken \
#					"$(test_oid 001)" "$ZERO_OID" REF_SKIP_CREATE_REFLOG,REF_SKIP_OID_VERIFICATION &&
#				test_migration repo "$to_format" true &&
#				test_oid 001 >expect &&
#				git -C repo rev-parse refs/heads/broken >actual &&
#				test_cmp expect actual
#			
#	
#		git update-ref refs/heads/-dash HEAD^ &&
#		git branch -d -- -dash &&
#		test_must_fail git show-ref refs/heads/-dash
#	
make[2]: [Makefile:82: t1800-hook.sh] Error 1 (ignored)
not ok 20 - env: unknown reference backend
*** t1901-repo-structure.sh ***
#	
#		printf $F "update " >stdin &&
#		test_must_fail git update-ref -z --stdin <stdin 2>err &&
#		grep "fatal: update: missing <ref>" err
#	
./test-lib.sh: line 172: /home/haritha/code/bazel-7.2.0/git_255_iconv_translit_3waymerge/gitport/git/git: EDC5129I No such file or directory.
error: you do not seem to have built git yet.
not ok 42 - branch -m can rename refs/heads/-dash
make[2]: [Makefile:82: t1900-repo-info.sh] Error 1 (ignored)
*** t2000-conflict-when-checking-files-out.sh ***
#	
#			${git_for_each_ref} --format="%($format)" "$ref" >actual &&
#			sanitize_pgp <actual >actual.clean &&
#			test_cmp expected actual.clean
#		
#	
#		(
#			cd repo.git &&
#			GIT_DIR=. GIT_WORK_TREE=work git commit -a -m done
#		)
#	
not ok 132 - stdin -z fails update with too few args
#	
#				if test -n "$gitdir"
#				then
#					test_when_finished "unset GIT_DIR" &&
#					GIT_DIR="$gitdir" &&
#					export GIT_DIR
#				fi &&
#	
#				case "$bare" in
#				t*) test_config ${d:+-C} ${d:+"$d"} core.bare true ;;
#				f*) test_config ${d:+-C} ${d:+"$d"} core.bare false ;;
#				u*) test_unconfig ${d:+-C} ${d:+"$d"} core.bare ;;
#				esac &&
#	
#				echo "$expect" >expect &&
#				git ${d:+-C} ${d:+"$d"} rev-parse $o >actual &&
#				test_cmp expect actual
#			
not ok 27 - reftable -> files: pseudo-refs
*** t2002-checkout-cache-u.sh ***
not ok 29 - git read-tree -u --reset --recurse-submodules: replace submodule with a file must fail with untracked files # TODO known breakage
not ok 227 - --worktree requires a repo
#	
#		test_when_finished "rm -rf repo" &&
#		git init repo &&
#		test_refs_backend repo files "db://.git" "$method" \
#			"invalid value for ${SQ}extensions.refstorage${SQ}"
#	
not ok 75 - basic atom: refs/heads/main committeremail:localpart,trim
not ok 663 - rerere -h output has no \t
#	
#		git update-ref refs/heads/-dash HEAD^ &&
#		git branch -m -- -dash dash &&
#		test_must_fail git show-ref refs/heads/-dash &&
#		git show-ref refs/heads/dash
#	
./test-lib.sh: line 172: /home/haritha/code/bazel-7.2.0/git_255_iconv_translit_3waymerge/gitport/git/git: EDC5129I No such file or directory.
error: you do not seem to have built git yet.
make[2]: [Makefile:82: t1901-repo-structure.sh] Error 1 (ignored)
not ok 29 - absolute pathspec should fail gracefully
not ok 49 - GIT_DIR=../repo.git, core.bare = false: --show-prefix
#	
#				test_when_finished "rm -rf repo" &&
#				git init --ref-format=$from_format repo &&
#				test_commit -C repo initial &&
#				git -C repo update-ref FOO_HEAD HEAD &&
#				test_migration repo "$to_format"
#			
not ok 35 - retry acquiring packed-refs.lock
not ok 21 - blame with pathspec inside sparse definition
not ok 30 - git read-tree -u --reset --recurse-submodules: worktrees of nested submodules are removed
#	
#		printf $F "update $a" "$m" >stdin &&
#		test_must_fail git update-ref -z --stdin <stdin 2>err &&
#		grep "fatal: update $a: unexpected end of input when reading <old-oid>" err
#	
*** t2003-checkout-cache-mkdir.sh ***
#	
#			# we expect 128 to ensure that we do not simply
#			# fail to find anything and return code "1"
#			test_expect_code 128 nongit git config $opt foo.bar
#		
./test-lib.sh: line 172: /home/haritha/code/bazel-7.2.0/git_255_iconv_translit_3waymerge/gitport/git/git: EDC5129I No such file or directory.
error: you do not seem to have built git yet.
make[2]: [Makefile:82: t2000-conflict-when-checking-files-out.sh] Error 1 (ignored)
# still have 2 known breakage(s)
# failed 19 among remaining 40 test(s)
1..42
#	
#			${git_for_each_ref} --format="%($format)" "$ref" >actual &&
#			sanitize_pgp <actual >actual.clean &&
#			test_cmp expected actual.clean
#		
not ok 133 - stdin -z emits warning with empty new value
not ok 21 - env: read from reftable backend, /home/haritha/code/bazel-7.2.0/git_255_iconv_translit_3waymerge/gitport/git/t/trash directory.t1423-ref-backend/repo/.git dir
#	
#				if test -n "$gitdir"
#				then
#					test_when_finished "unset GIT_DIR" &&
#					GIT_DIR="$gitdir" &&
#					export GIT_DIR
#				fi &&
#	
#				case "$bare" in
#				t*) test_config ${d:+-C} ${d:+"$d"} core.bare true ;;
#				f*) test_config ${d:+-C} ${d:+"$d"} core.bare false ;;
#				u*) test_unconfig ${d:+-C} ${d:+"$d"} core.bare ;;
#				esac &&
#	
#				echo "$expect" >expect &&
#				git ${d:+-C} ${d:+"$d"} rev-parse $o >actual &&
#				test_cmp expect actual
#			
./test-lib.sh: line 172: /home/haritha/code/bazel-7.2.0/git_255_iconv_translit_3waymerge/gitport/git/git: EDC5129I No such file or directory.
error: you do not seem to have built git yet.
#	
#		LOCK=.git/packed-refs.lock &&
#		>"$LOCK" &&
#		test_when_finished "wait && rm -f $LOCK" &&
#		{
#			( sleep 1 && rm -f $LOCK ) &
#		} &&
#		git -c core.packedrefstimeout=3000 ${pack_refs} --all --prune
#	
#	
#		(
#			cd repo.git &&
#			test_might_fail git config --unset core.worktree &&
#			test_must_fail git log HEAD -- /home
#		)
#	
#	
#			h2s="$(help_to_synopsis "$builtin")" &&
#			! grep "$HT" "$h2s"
#		
make[2]: [Makefile:82: t2002-checkout-cache-u.sh] Error 1 (ignored)
make[2]: [Makefile:82: t1430-bad-ref-name.sh] Error 1 (ignored)
not ok 28 - reftable -> files: special refs are left alone
*** t2004-checkout-cache-temp.sh ***
#	
#		init_repos &&
#	
#		for file in a \
#				deep/a \
#				deep/deeper1/a \
#				deep/deeper1/deepest/a
#		do
#			test_all_match git blame $file || return 1
#		done
#	
#	
#			prolog &&
#			reset_work_tree_to_interested add_nested_sub &&
#			(
#				cd submodule_update &&
#				git branch -t no_submodule origin/no_submodule &&
#				$command no_submodule &&
#				test_superproject_content origin/no_submodule &&
#				test_path_is_missing sub1 &&
#				test_must_fail git config -f .git/modules/sub1/config core.worktree &&
#				test_must_fail git config -f .git/modules/sub1/modules/sub2/config core.worktree
#			)
#		
not ok 76 - basic atom: refs/heads/main committeremail:mailmap
not ok 24 - tree object with duplicate names: x x.1 x.1.2 x/
not ok 228 - identical modern --type specifiers are allowed
*** t2005-checkout-index-symlinks.sh ***
#	
#				test_when_finished "rm -rf repo" &&
#				git init --ref-format=$from_format repo &&
#				(
#					cd repo &&
#					test_commit 1 &&
#					test_commit 2 &&
#					test_commit 3 &&
#	
#					git refs migrate --dry-run --ref-format=$to_format >out &&
#					BACKEND_PATH="$dir/$(sed "s/.* ${SQ}.git\/\(.*\)${SQ}/\1/" out)" &&
#					test_refs_backend . $from_format "$to_format://$BACKEND_PATH" "$method"
#				)
#			
#	
#		git update-ref $a $m &&
#		printf $F "update $a" "" "" >stdin &&
#		git update-ref -z --stdin <stdin 2>err &&
#		grep "warning: update $a: missing <new-oid>, treating as zero" err &&
#		test_must_fail git rev-parse --verify -q $a
#	
not ok 50 - GIT_DIR=../repo.git, core.bare = false: --git-dir
./test-lib.sh: line 172: /home/haritha/code/bazel-7.2.0/git_255_iconv_translit_3waymerge/gitport/git/git: EDC5129I No such file or directory.
error: you do not seem to have built git yet.
*** t2006-checkout-index-basic.sh ***
make[2]: [Makefile:82: t2003-checkout-cache-mkdir.sh] Error 1 (ignored)
#	
#				test_when_finished "rm -rf repo" &&
#				git init --ref-format=$from_format repo &&
#				test_commit -C repo initial &&
#				git -C repo rev-parse HEAD >repo/.git/MERGE_HEAD &&
#				git -C repo rev-parse MERGE_HEAD &&
#				test_migration repo "$to_format" &&
#				test_path_is_file repo/.git/MERGE_HEAD
#			
#	
#			${git_for_each_ref} --format="%($format)" "$ref" >actual &&
#			sanitize_pgp <actual >actual.clean &&
#			test_cmp expected actual.clean
#		
not ok 134 - stdin -z fails update with no new value
*** t2007-checkout-symlink.sh ***
not ok 31 - git read-tree -u --reset --recurse-submodules: modified submodule updates submodule work tree
#	
#		test_cmp_config 1048576 --type=int --type=int section.big
#	
#	
#			test_when_finished "remove_object \$blob" &&
#			test_when_finished "remove_object \$tree" &&
#			test_when_finished "remove_object \$badtree" &&
#			blob=$(echo blob | git hash-object -w --stdin) &&
#			printf "100644 blob %s\t%s\n" $blob x.2 >tree &&
#			tree=$(git mktree <tree) &&
#			for name in $names
#			do
#				case "$name" in
#				*/) printf "040000 tree %s\t%s\n" $tree "${name%/}" ;;
#				*)  printf "100644 blob %s\t%s\n" $blob "$name" ;;
#				esac
#			done >badtree &&
#			badtree=$(git mktree <badtree) &&
#			test_must_fail git fsck 2>out &&
#			test_grep "$badtree" out &&
#			test_grep "error in tree .*contains duplicate file entries" out
#		
not ok 22 - env: write to reftable backend, /home/haritha/code/bazel-7.2.0/git_255_iconv_translit_3waymerge/gitport/git/t/trash directory.t1423-ref-backend/repo/.git dir
not ok 590 - ls-files --eol attr=-text  aeol= core.autocrlf=input core.eol=lf
#	
#				if test -n "$gitdir"
#				then
#					test_when_finished "unset GIT_DIR" &&
#					GIT_DIR="$gitdir" &&
#					export GIT_DIR
#				fi &&
#	
#				case "$bare" in
#				t*) test_config ${d:+-C} ${d:+"$d"} core.bare true ;;
#				f*) test_config ${d:+-C} ${d:+"$d"} core.bare false ;;
#				u*) test_unconfig ${d:+-C} ${d:+"$d"} core.bare ;;
#				esac &&
#	
#				echo "$expect" >expect &&
#				git ${d:+-C} ${d:+"$d"} rev-parse $o >actual &&
#				test_cmp expect actual
#			
not ok 77 - basic atom: refs/heads/main committeremail:mailmap,trim
not ok 229 - identical legacy --type specifiers are allowed
./test-lib.sh: line 172: /home/haritha/code/bazel-7.2.0/git_255_iconv_translit_3waymerge/gitport/git/git: EDC5129I No such file or directory.
error: you do not seem to have built git yet.
make[2]: [Makefile:82: t2004-checkout-cache-temp.sh] Error 1 (ignored)
#	
#			prolog &&
#			reset_work_tree_to_interested add_sub1 &&
#			(
#				cd submodule_update &&
#				git branch -t modify_sub1 origin/modify_sub1 &&
#				$command modify_sub1 &&
#				test_superproject_content origin/modify_sub1 &&
#				test_submodule_content sub1 origin/modify_sub1
#			)
#		
#	
#		printf $F "update $a" >stdin &&
#		test_must_fail git update-ref -z --stdin <stdin 2>err &&
#		grep "fatal: update $a: unexpected end of input when reading <new-oid>" err
#	
not ok 22 - blame with pathspec outside sparse definition
not ok 29 - reftable -> files: a bunch of refs
*** t2008-checkout-subdir.sh ***
not ok 30 - make_relative_path handles double slashes in GIT_DIR
./test-lib.sh: line 172: /home/haritha/code/bazel-7.2.0/git_255_iconv_translit_3waymerge/gitport/git/git: EDC5129I No such file or directory.
error: you do not seem to have built git yet.
make[2]: [Makefile:82: t2005-checkout-index-symlinks.sh] Error 1 (ignored)
./test-lib.sh: line 172: /home/haritha/code/bazel-7.2.0/git_255_iconv_translit_3waymerge/gitport/git/git: EDC5129I No such file or directory.
error: you do not seem to have built git yet.
ok 664 - rerere -h output has dashed labels
not ok 51 - GIT_DIR=../repo.git, core.bare = false: --absolute-git-dir
#	
#			${git_for_each_ref} --format="%($format)" "$ref" >actual &&
#			sanitize_pgp <actual >actual.clean &&
#			test_cmp expected actual.clean
#		
#	
#			test_when_finished "rm expect actual" &&
#			sort <<-EOF >expect &&
#			i/crlf w/$(stats_ascii $crlfname) attr/$(attr_ascii $attr $aeol) crlf_false_attr__CRLF.txt
#			i/mixed w/$(stats_ascii $lfmixcrlf) attr/$(attr_ascii $attr $aeol) crlf_false_attr__CRLF_mix_LF.txt
#			i/lf w/$(stats_ascii $lfname) attr/$(attr_ascii $attr $aeol) crlf_false_attr__LF.txt
#			i/-text w/$(stats_ascii $lfmixcr) attr/$(attr_ascii $attr $aeol) crlf_false_attr__LF_mix_CR.txt
#			i/-text w/$(stats_ascii $crlfnul) attr/$(attr_ascii $attr $aeol) crlf_false_attr__CRLF_nul.txt
#			i/-text w/$(stats_ascii $crlfnul) attr/$(attr_ascii $attr $aeol) crlf_false_attr__LF_nul.txt
#			EOF
#			git ls-files --eol crlf_false_attr__* >tmp &&
#			sed -e "s/	/ /g" -e "s/  */ /g" tmp |
#			sort >actual &&
#			test_cmp expect actual
#		
make[2]: [Makefile:82: t2006-checkout-index-basic.sh] Error 1 (ignored)
#	
#				test_when_finished "rm -rf repo" &&
#				git init --ref-format=$from_format repo &&
#				(
#					cd repo &&
#					test_commit 1 &&
#					test_commit 2 &&
#					test_commit 3 &&
#	
#					git refs migrate --dry-run --ref-format=$to_format >out &&
#					BACKEND_PATH="$dir/$(sed "s/.* ${SQ}.git\/\(.*\)${SQ}/\1/" out)" &&
#	
#					test_refs_backend . $from_format "$to_format://$BACKEND_PATH" "$method" &&
#	
#					git refs list >expect &&
#					run_with_uri . "$from_format" "$to_format://$BACKEND_PATH" \
#						"tag -d 1" "$method" &&
#					git refs list >actual &&
#					test_cmp expect actual &&
#	
#					git refs list | grep -v "refs/tags/1" >expect &&
#					run_with_uri . "$from_format" "$to_format://$BACKEND_PATH" \
#						"refs list" "$method" >actual &&
#					test_cmp expect actual
#				)
#			
*** t2009-checkout-statinfo.sh ***
not ok 36 - pack symlinked packed-refs
./test-lib.sh: line 172: /home/haritha/code/bazel-7.2.0/git_255_iconv_translit_3waymerge/gitport/git/git: EDC5129I No such file or directory.
error: you do not seem to have built git yet.
not ok 135 - stdin -z fails update with no old value
make[2]: [Makefile:82: t2007-checkout-symlink.sh] Error 1 (ignored)
#	
#				test_when_finished "rm -rf repo" &&
#				git init --ref-format=$from_format repo &&
#	
#				test_commit -C repo initial &&
#				cat >input <<-EOF &&
#				create FOO_HEAD HEAD
#				create refs/heads/branch-1 HEAD
#				create refs/heads/branch-2 HEAD
#				create refs/heads/branch-3 HEAD
#				create refs/heads/branch-4 HEAD
#				create refs/tags/tag-1 HEAD
#				create refs/tags/tag-2 HEAD
#				EOF
#				git -C repo update-ref --stdin <input &&
#				test_migration repo "$to_format"
#			
#	
#		test_cmp_config 1048576 --int --int section.big
#	
*** t2010-checkout-ambiguous.sh ***
not ok 32 - git read-tree -u --reset --recurse-submodules: updating to a missing submodule commit fails
not ok 78 - basic atom: refs/heads/main committeremail:trim,mailmap
*** t2011-checkout-invalid-head.sh ***
not ok 230 - identical mixed --type specifiers are allowed
#	
#		>dummy_file &&
#		echo git --git-dir="$(pwd)//repo.git" --work-tree="$(pwd)" add dummy_file &&
#		git --git-dir="$(pwd)//repo.git" --work-tree="$(pwd)" add dummy_file
#	
#	
#		init_repos &&
#		test_sparse_match git sparse-checkout set &&
#	
#		for file in \
#				deep/a \
#				deep/deeper1/a \
#				deep/deeper1/deepest/a
#		do
#			test_sparse_match test_must_fail git blame $file &&
#			cat >expect <<-EOF &&
#			fatal: Cannot lstat '$file': No such file or directory
#			EOF
#			# We compare sparse-checkout-err and sparse-index-err in
#			# `test_sparse_match`. Given we know they are the same, we
#			# only check the content of sparse-index-err here.
#			test_cmp expect sparse-index-err || return 1
#		done
#	
#	
#				if test -n "$gitdir"
#				then
#					test_when_finished "unset GIT_DIR" &&
#					GIT_DIR="$gitdir" &&
#					export GIT_DIR
#				fi &&
#	
#				case "$bare" in
#				t*) test_config ${d:+-C} ${d:+"$d"} core.bare true ;;
#				f*) test_config ${d:+-C} ${d:+"$d"} core.bare false ;;
#				u*) test_unconfig ${d:+-C} ${d:+"$d"} core.bare ;;
#				esac &&
#	
#				echo "$expect" >expect &&
#				git ${d:+-C} ${d:+"$d"} rev-parse $o >actual &&
#				test_cmp expect actual
#			
not ok 23 - env: with worktree and reftable backend, /home/haritha/code/bazel-7.2.0/git_255_iconv_translit_3waymerge/gitport/git/t/trash directory.t1423-ref-backend/repo/.git dir
#	
#		# First make sure that symlinking works when reading:
#		git update-ref refs/heads/lossy refs/heads/main &&
#		git for-each-ref >all-refs-before &&
#		mv .git/packed-refs .git/my-deviant-packed-refs &&
#		ln -s my-deviant-packed-refs .git/packed-refs &&
#		git for-each-ref >all-refs-linked &&
#		test_cmp all-refs-before all-refs-linked &&
#		git ${pack_refs} --all --prune &&
#		git for-each-ref >all-refs-packed &&
#		test_cmp all-refs-before all-refs-packed &&
#		test -h .git/packed-refs &&
#		test "$(test_readlink .git/packed-refs)" = "my-deviant-packed-refs"
#	
./test-lib.sh: line 172: /home/haritha/code/bazel-7.2.0/git_255_iconv_translit_3waymerge/gitport/git/git: EDC5129I No such file or directory.
error: you do not seem to have built git yet.
make[2]: [Makefile:82: t2008-checkout-subdir.sh] Error 1 (ignored)
not ok 30 - reftable -> files: dry-run migration does not modify repository
not ok 665 - rerere -h output has consistent spacing
#	
#			${git_for_each_ref} --format="%($format)" "$ref" >actual &&
#			sanitize_pgp <actual >actual.clean &&
#			test_cmp expected actual.clean
#		
not ok 31 - relative $GIT_WORK_TREE and git subprocesses
*** t2012-checkout-last.sh ***
#	
#			prolog &&
#			reset_work_tree_to_interested add_sub1 &&
#			(
#				cd submodule_update &&
#				git branch -t invalid_sub1 origin/invalid_sub1 &&
#				test_must_fail $command invalid_sub1 2>err &&
#				test_grep sub1 err &&
#				test_superproject_content origin/add_sub1 &&
#				test_submodule_content sub1 origin/add_sub1
#			)
#		
#	
#		test_cmp_config 1048576 --int --type=int section.big
#	
#	
#		printf $F "update $a" "$m" >stdin &&
#		test_must_fail git update-ref -z --stdin <stdin 2>err &&
#		grep "fatal: update $a: unexpected end of input when reading <old-oid>" err
#	
not ok 37 - refs/worktree must not be packed
#	
#				test_when_finished "rm -rf repo wt" &&
#				git init --ref-format=$from_format repo &&
#				(
#					cd repo &&
#					test_commit 1 &&
#					test_commit 2 &&
#					test_commit 3 &&
#	
#					git refs migrate --dry-run --ref-format=$to_format >out &&
#					BACKEND_PATH="$dir/$(sed "s/.* ${SQ}.git\/\(.*\)${SQ}/\1/" out)" &&
#	
#					run_with_uri . "$from_format" "$to_format://$BACKEND_PATH" \
#						"worktree add ../wt 2" "$method" &&
#	
#					run_with_uri . "$from_format" "$to_format://$BACKEND_PATH" \
#						"for-each-ref --include-root-refs" "$method" >actual &&
#					run_with_uri ../wt "$from_format" "$to_format://$BACKEND_PATH" \
#						"for-each-ref --include-root-refs" "$method" >expect &&
#					! test_cmp expect actual &&
#	
#					run_with_uri . "$from_format" "$to_format://$BACKEND_PATH" \
#						"rev-parse 2" "$method" >actual &&
#					run_with_uri ../wt "$from_format" "$to_format://$BACKEND_PATH" \
#						"rev-parse HEAD" "$method" >expect &&
#					test_cmp expect actual
#				)
#			
not ok 52 - GIT_DIR=../repo.git, core.bare = true: --is-bare-repository
not ok 79 - basic atom: refs/heads/main committeremail:mailmap,localpart
./test-lib.sh: line 172: /home/haritha/code/bazel-7.2.0/git_255_iconv_translit_3waymerge/gitport/git/git: EDC5129I No such file or directory.
error: you do not seem to have built git yet.
make[2]: [Makefile:82: t2010-checkout-ambiguous.sh] Error 1 (ignored)
not ok 136 - stdin -z fails update with too many arguments
not ok 231 - non-identical modern --type specifiers are not allowed
./test-lib.sh: line 172: /home/haritha/code/bazel-7.2.0/git_255_iconv_translit_3waymerge/gitport/git/git: EDC5129I No such file or directory.
error: you do not seem to have built git yet.
#	
#				test_when_finished "rm -rf repo" &&
#				git init --ref-format=$from_format repo &&
#				test_commit -C repo initial &&
#				git -C repo refs migrate --dry-run \
#					--ref-format=$to_format >output &&
#				grep "Finished dry-run migration of refs" output &&
#				test_path_is_dir repo/.git/ref_migration.* &&
#				echo $from_format >expect &&
#				git -C repo rev-parse --show-ref-format >actual &&
#				test_cmp expect actual
#			
make[2]: [Makefile:82: t2009-checkout-statinfo.sh] Error 1 (ignored)
./test-lib.sh: line 172: /home/haritha/code/bazel-7.2.0/git_255_iconv_translit_3waymerge/gitport/git/git: EDC5129I No such file or directory.
error: you do not seem to have built git yet.
*** t2013-checkout-submodule.sh ***
#	
#		test_commit initial &&
#		test_commit wt1 &&
#		test_commit wt2 &&
#		git worktree add wt1 wt1 &&
#		git worktree add wt2 wt2 &&
#		git checkout initial &&
#		git update-ref refs/worktree/foo HEAD &&
#		git -C wt1 update-ref refs/worktree/foo HEAD &&
#		git -C wt2 update-ref refs/worktree/foo HEAD &&
#		git ${pack_refs} --all &&
#		test_path_is_missing .git/refs/tags/wt1 &&
#		test_path_is_file .git/refs/worktree/foo &&
#		test_path_is_file .git/worktrees/wt1/refs/worktree/foo &&
#		test_path_is_file .git/worktrees/wt2/refs/worktree/foo
#	
not ok 33 - git read-tree -u --reset --recurse-submodules: submodule branch is not changed, detach HEAD instead
#	
#		GIT_DIR=repo.git GIT_WORK_TREE=repo.git/work \
#		test-tool subprocess --setup-work-tree rev-parse --show-toplevel >actual &&
#		echo "$(pwd)/repo.git/work" >expected &&
#		test_cmp expected actual
#	
not ok 591 - checkout attr=-text  aeol= core.autocrlf=input core.eol=lf file=LF
not ok 24 - env: read from reftable backend, . dir
#	
#			h2s="$(help_to_synopsis "$builtin")" &&
#			sed -n \
#				-e "/^ / {
#					s/[^ ].*//;
#					p;
#				}" \
#				<"$h2s" >help &&
#			sort -u help >help.ws &&
#			if test -s help.ws
#			then
#				test_line_count = 1 help.ws
#			fi
#		
make[2]: [Makefile:82: t2011-checkout-invalid-head.sh] Error 1 (ignored)
not ok 38 - create packed-refs file with broken ref
*** t2014-checkout-switch.sh ***
#	
#			${git_for_each_ref} --format="%($format)" "$ref" >actual &&
#			sanitize_pgp <actual >actual.clean &&
#			test_cmp expected actual.clean
#		
not ok 23 - checkout and reset (mixed)
#	
#		printf $F "update $a" "$m" "$m" "$m" >stdin &&
#		test_must_fail git update-ref -z --stdin <stdin 2>err &&
#		grep "fatal: unknown command: $m" err
#	
#	
#				if test -n "$gitdir"
#				then
#					test_when_finished "unset GIT_DIR" &&
#					GIT_DIR="$gitdir" &&
#					export GIT_DIR
#				fi &&
#	
#				case "$bare" in
#				t*) test_config ${d:+-C} ${d:+"$d"} core.bare true ;;
#				f*) test_config ${d:+-C} ${d:+"$d"} core.bare false ;;
#				u*) test_unconfig ${d:+-C} ${d:+"$d"} core.bare ;;
#				esac &&
#	
#				echo "$expect" >expect &&
#				git ${d:+-C} ${d:+"$d"} rev-parse $o >actual &&
#				test_cmp expect actual
#			
#	
#		test_must_fail git config --type=int --type=bool section.big 2>error &&
#		test_grep "only one type at a time" error
#	
not ok 31 - reftable -> files: reflogs of symrefs with target deleted
not ok 80 - basic atom: refs/heads/main committeremail:localpart,mailmap
*** t2015-checkout-unborn.sh ***
./test-lib.sh: line 172: /home/haritha/code/bazel-7.2.0/git_255_iconv_translit_3waymerge/gitport/git/git: EDC5129I No such file or directory.
error: you do not seem to have built git yet.
make[2]: [Makefile:82: t2012-checkout-last.sh] Error 1 (ignored)
not ok 137 - stdin -z fails delete with no ref
#	
#			compare_ws_file eol_lf_crlf_input_attr_-text_ LF    crlf_false_attr__LF.txt
#		
not ok 232 - non-identical legacy --type specifiers are not allowed
#	
#			prolog &&
#			reset_work_tree_to_interested add_sub1 &&
#			(
#				cd submodule_update &&
#				git -C sub1 checkout -b keep_branch &&
#				git -C sub1 rev-parse HEAD >expect &&
#				git branch -t modify_sub1 origin/modify_sub1 &&
#				$command modify_sub1 &&
#				test_superproject_content origin/modify_sub1 &&
#				test_submodule_content sub1 origin/modify_sub1 &&
#				git -C sub1 rev-parse keep_branch >actual &&
#				test_cmp expect actual &&
#				test_must_fail git -C sub1 symbolic-ref HEAD
#			)
#		
*** t2016-checkout-patch.sh ***
#	
#				test_when_finished "rm -rf repo" &&
#				git init --ref-format=$from_format repo &&
#				(
#					cd repo &&
#					test_commit 1 &&
#					test_commit 2 &&
#					test_commit 3 &&
#	
#					git refs migrate --dry-run --ref-format=$to_format >out &&
#					BACKEND_PATH="$dir/$(sed "s/.* ${SQ}.git\/\(.*\)${SQ}/\1/" out)" &&
#					test_refs_backend . $from_format "$to_format://$BACKEND_PATH" "$method"
#				)
#			
not ok 53 - GIT_DIR=../repo.git, core.bare = true: --is-inside-git-dir
#	
#		test_tick && git commit --allow-empty -m one &&
#		recoverable=$(git rev-parse HEAD) &&
#		test_tick && git commit --allow-empty -m two &&
#		missing=$(git rev-parse HEAD) &&
#		rm -f .git/refs/heads/main &&
#		cat >.git/packed-refs <<-EOF &&
#		$missing refs/heads/main
#		$recoverable refs/heads/other
#		EOF
#		echo $missing >expect &&
#		git rev-parse refs/heads/main >actual &&
#		test_cmp expect actual
#	
#	
#		init_repos &&
#	
#		test_all_match git checkout -b reset-test update-deep &&
#		test_all_match git reset deepest &&
#	
#		# Because skip-worktree is preserved, resetting to update-folder1
#		# will show worktree changes for folder1/a in full-checkout, but not
#		# in sparse-checkout or sparse-index.
#		git -C full-checkout reset update-folder1 >full-checkout-out &&
#		test_sparse_match git reset update-folder1 &&
#		grep "M	folder1/a" full-checkout-out &&
#		! grep "M	folder1/a" sparse-checkout-out &&
#		run_on_sparse test_path_is_missing folder1
#	
./test-lib.sh: line 172: /home/haritha/code/bazel-7.2.0/git_255_iconv_translit_3waymerge/gitport/git/git: EDC5129I No such file or directory.
error: you do not seem to have built git yet.
make[2]: [Makefile:82: t2013-checkout-submodule.sh] Error 1 (ignored)
#	
#		printf $F "delete " >stdin &&
#		test_must_fail git update-ref -z --stdin <stdin 2>err &&
#		grep "fatal: delete: missing <ref>" err
#	
#	
#			${git_for_each_ref} --format="%($format)" "$ref" >actual &&
#			sanitize_pgp <actual >actual.clean &&
#			test_cmp expected actual.clean
#		
#	
#				test_when_finished "rm -rf repo" &&
#				git init --ref-format=$from_format repo &&
#				test_commit -C repo initial &&
#				git -C repo branch branch-1 HEAD &&
#				git -C repo symbolic-ref refs/heads/symref refs/heads/branch-1 &&
#				cat >input <<-EOF &&
#				delete refs/heads/branch-1
#				EOF
#				git -C repo update-ref --stdin <input &&
#				test_migration repo "$to_format"
#			
./test-lib.sh: line 172: /home/haritha/code/bazel-7.2.0/git_255_iconv_translit_3waymerge/gitport/git/git: EDC5129I No such file or directory.
error: you do not seem to have built git yet.
make[2]: [Makefile:82: t2014-checkout-switch.sh] Error 1 (ignored)
*** t2017-checkout-orphan.sh ***
not ok 39 - ${pack_refs} does not silently delete broken packed ref
not ok 34 - git read-tree -u --reset --recurse-submodules: added submodule does remove untracked unignored file with same name when forced
ok 32 - Multi-worktree setup
./test-lib.sh: line 172: /home/haritha/code/bazel-7.2.0/git_255_iconv_translit_3waymerge/gitport/git/git: EDC5129I No such file or directory.
error: you do not seem to have built git yet.
not ok 81 - basic atom: refs/heads/main committeremail:trim,mailmap,trim,trim,localpart
ok 666 - rerere appropriately marked as having .adoc
#	
#		test_must_fail git config --int --bool section.big 2>error &&
#		test_grep "only one type at a time" error
#	
not ok 25 - env: write to reftable backend, . dir
not ok 138 - stdin -z fails delete with no old value
make[2]: [Makefile:82: t2015-checkout-unborn.sh] Error 1 (ignored)
*** t2018-checkout-branch.sh ***
not ok 32 - reftable -> files: reflogs order is retained
#	
#				if test -n "$gitdir"
#				then
#					test_when_finished "unset GIT_DIR" &&
#					GIT_DIR="$gitdir" &&
#					export GIT_DIR
#				fi &&
#	
#				case "$bare" in
#				t*) test_config ${d:+-C} ${d:+"$d"} core.bare true ;;
#				f*) test_config ${d:+-C} ${d:+"$d"} core.bare false ;;
#				u*) test_unconfig ${d:+-C} ${d:+"$d"} core.bare ;;
#				esac &&
#	
#				echo "$expect" >expect &&
#				git ${d:+-C} ${d:+"$d"} rev-parse $o >actual &&
#				test_cmp expect actual
#			
not ok 233 - non-identical mixed --type specifiers are not allowed
./test-lib.sh: line 172: /home/haritha/code/bazel-7.2.0/git_255_iconv_translit_3waymerge/gitport/git/git: EDC5129I No such file or directory.
error: you do not seem to have built git yet.
make[2]: [Makefile:82: t2016-checkout-patch.sh] Error 1 (ignored)
*** t2019-checkout-ambiguous-ref.sh ***
#	
#		git ${pack_refs} --all --prune &&
#		git rev-parse refs/heads/main >actual &&
#		test_cmp expect actual
#	
not ok 33 - GIT_DIR set (1)
#	
#			prolog &&
#			reset_work_tree_to_interested no_submodule &&
#			(
#				cd submodule_update &&
#				git branch -t add_sub1 origin/add_sub1 &&
#				>sub1 &&
#				$command add_sub1 &&
#				test_superproject_content origin/add_sub1 &&
#				test_submodule_content sub1 origin/add_sub1
#			)
#		
#	
#				test_when_finished "rm -rf repo" &&
#				git init --ref-format=$from_format repo &&
#				(
#					cd repo &&
#					test_commit 1 &&
#					test_commit 2 &&
#					test_commit 3 &&
#	
#					git refs migrate --dry-run --ref-format=$to_format >out &&
#					BACKEND_PATH="$dir/$(sed "s/.* ${SQ}.git\/\(.*\)${SQ}/\1/" out)" &&
#	
#					test_refs_backend . $from_format "$to_format://$BACKEND_PATH" "$method" &&
#	
#					git refs list >expect &&
#					run_with_uri . "$from_format" "$to_format://$BACKEND_PATH" \
#						"tag -d 1" "$method" &&
#					git refs list >actual &&
#					test_cmp expect actual &&
#	
#					git refs list | grep -v "refs/tags/1" >expect &&
#					run_with_uri . "$from_format" "$to_format://$BACKEND_PATH" \
#						"refs list" "$method" >actual &&
#					test_cmp expect actual
#				)
#			
not ok 24 - checkout and reset (merge)
#	
#		printf $F "delete $a" >stdin &&
#		test_must_fail git update-ref -z --stdin <stdin 2>err &&
#		grep "fatal: delete $a: unexpected end of input when reading <old-oid>" err
#	
#	
#			${git_for_each_ref} --format="%($format)" "$ref" >actual &&
#			sanitize_pgp <actual >actual.clean &&
#			test_cmp expected actual.clean
#		
*** t2020-checkout-detach.sh ***
#	
#				test_when_finished "rm -rf repo" &&
#				git init --ref-format=$from_format repo &&
#				test_commit --date "100005000 +0700" --no-tag -C repo initial &&
#				test_commit --date "100003000 +0700" --no-tag -C repo second &&
#				test_migration repo "$to_format"
#			
not ok 54 - GIT_DIR=../repo.git, core.bare = true: --is-inside-work-tree
not ok 40 - ${pack_refs} does not drop broken refs during deletion
#	
#		test_must_fail git config --type=int --bool section.big 2>error &&
#		test_grep "only one type at a time" error
#	
./test-lib.sh: line 172: /home/haritha/code/bazel-7.2.0/git_255_iconv_translit_3waymerge/gitport/git/git: EDC5129I No such file or directory.
error: you do not seem to have built git yet.
make[2]: [Makefile:82: t2017-checkout-orphan.sh] Error 1 (ignored)
not ok 592 - checkout attr=-text  aeol= core.autocrlf=input core.eol=lf file=CRLF
not ok 25 - unparseable tree object
not ok 139 - stdin -z fails delete with too many arguments
#	
#		echo "gitdir: repo.git/repos/foo" >gitfile &&
#		echo ../.. >repo.git/repos/foo/commondir &&
#		(
#			cd work &&
#			GIT_DIR=../gitfile git rev-parse --git-common-dir >actual &&
#			test-tool path-utils real_path "$TRASH_DIRECTORY/repo.git" >expect &&
#			test_cmp expect actual
#		)
#	
not ok 35 - git read-tree -u --reset --recurse-submodules: replace submodule with a directory
not ok 234 - --type allows valid type specifiers
not ok 26 - env: with worktree and reftable backend, . dir
./test-lib.sh: line 172: /home/haritha/code/bazel-7.2.0/git_255_iconv_translit_3waymerge/gitport/git/git: EDC5129I No such file or directory.
error: you do not seem to have built git yet.
make[2]: [Makefile:82: t2018-checkout-branch.sh] Error 1 (ignored)
not ok 33 - reftable -> files: stash is retained
not ok 82 - basic atom: refs/heads/main committerdate
*** t2021-checkout-overwrite.sh ***
#	
#				if test -n "$gitdir"
#				then
#					test_when_finished "unset GIT_DIR" &&
#					GIT_DIR="$gitdir" &&
#					export GIT_DIR
#				fi &&
#	
#				case "$bare" in
#				t*) test_config ${d:+-C} ${d:+"$d"} core.bare true ;;
#				f*) test_config ${d:+-C} ${d:+"$d"} core.bare false ;;
#				u*) test_unconfig ${d:+-C} ${d:+"$d"} core.bare ;;
#				esac &&
#	
#				echo "$expect" >expect &&
#				git ${d:+-C} ${d:+"$d"} rev-parse $o >actual &&
#				test_cmp expect actual
#			
./test-lib.sh: line 172: /home/haritha/code/bazel-7.2.0/git_255_iconv_translit_3waymerge/gitport/git/git: EDC5129I No such file or directory.
error: you do not seem to have built git yet.
#	
#		git update-ref -d refs/heads/other &&
#		git rev-parse refs/heads/main >actual &&
#		test_cmp expect actual
#	
make[2]: [Makefile:82: t2019-checkout-ambiguous-ref.sh] Error 1 (ignored)
*** t2022-checkout-paths.sh ***
#	
#		test_oid_cache <<-\EOF &&
#		junk sha1:twenty-bytes-of-junk
#		junk sha256:twenty-bytes-of-junk-twelve-more
#		EOF
#	
#		test_when_finished "git update-ref -d refs/heads/wrong" &&
#		test_when_finished "remove_object \$tree_sha1" &&
#		test_when_finished "remove_object \$commit_sha1" &&
#		junk=$(test_oid junk) &&
#		tree_sha1=$(printf "100644 \0$junk" | git hash-object -t tree --stdin -w --literally) &&
#		commit_sha1=$(git commit-tree $tree_sha1) &&
#		git update-ref refs/heads/wrong $commit_sha1 &&
#		test_must_fail git fsck 2>out &&
#		test_grep "error: empty filename in tree entry" out &&
#		test_grep "$tree_sha1" out &&
#		test_grep ! "fatal: empty filename in tree entry" out
#	
#	
#			compare_ws_file eol_lf_crlf_input_attr_-text_ CRLF  crlf_false_attr__CRLF.txt
#		
ok 667 - rerere *.adoc SYNOPSIS has dashed labels
#	
#		printf $F "delete $a" "$m" "$m" >stdin &&
#		test_must_fail git update-ref -z --stdin <stdin 2>err &&
#		grep "fatal: unknown command: $m" err
#	
#	
#			prolog &&
#			reset_work_tree_to_interested add_sub1 &&
#			(
#				cd submodule_update &&
#				git branch -t replace_sub1_with_directory origin/replace_sub1_with_directory &&
#				$command replace_sub1_with_directory &&
#				test_superproject_content origin/replace_sub1_with_directory
#			)
#		
#	
#		test_cmp_config true  --type=bool section.foo
#	
#	
#				test_when_finished "rm -rf repo" &&
#				git init --ref-format=$from_format repo &&
#				(
#					cd repo &&
#					test_commit initial A &&
#					echo foo >A &&
#					git stash push &&
#					echo bar >A &&
#					git stash push &&
#					git stash list >expect.reflog &&
#					test_migration . "$to_format" &&
#					git stash list >actual.reflog &&
#					test_cmp expect.reflog actual.reflog
#				)
#			
#	
#		init_repos &&
#	
#		write_script edit-contents <<-\EOF &&
#		echo text >>$1
#		EOF
#	
#		test_all_match git checkout -b reset-test update-deep &&
#		run_on_all ../edit-contents a &&
#		test_all_match git reset --merge deepest &&
#		test_all_match git status --porcelain=v2 &&
#	
#		test_all_match git reset --hard update-deep &&
#		run_on_all ../edit-contents deep/a &&
#		test_all_match test_must_fail git reset --merge deepest
#	
*** t2023-checkout-m.sh ***
#	
#				test_when_finished "rm -rf repo wt" &&
#				git init --ref-format=$from_format repo &&
#				(
#					cd repo &&
#					test_commit 1 &&
#					test_commit 2 &&
#					test_commit 3 &&
#	
#					git refs migrate --dry-run --ref-format=$to_format >out &&
#					BACKEND_PATH="$dir/$(sed "s/.* ${SQ}.git\/\(.*\)${SQ}/\1/" out)" &&
#	
#					run_with_uri . "$from_format" "$to_format://$BACKEND_PATH" \
#						"worktree add ../wt 2" "$method" &&
#	
#					run_with_uri . "$from_format" "$to_format://$BACKEND_PATH" \
#						"for-each-ref --include-root-refs" "$method" >actual &&
#					run_with_uri ../wt "$from_format" "$to_format://$BACKEND_PATH" \
#						"for-each-ref --include-root-refs" "$method" >expect &&
#					! test_cmp expect actual &&
#	
#					run_with_uri . "$from_format" "$to_format://$BACKEND_PATH" \
#						"rev-parse 2" "$method" >actual &&
#					run_with_uri ../wt "$from_format" "$to_format://$BACKEND_PATH" \
#						"rev-parse HEAD" "$method" >expect &&
#					test_cmp expect actual
#				)
#			
not ok 55 - GIT_DIR=../repo.git, core.bare = true: --show-prefix
./test-lib.sh: line 172: /home/haritha/code/bazel-7.2.0/git_255_iconv_translit_3waymerge/gitport/git/git: EDC5129I No such file or directory.
error: you do not seem to have built git yet.
#	
#			${git_for_each_ref} --format="%($format)" "$ref" >actual &&
#			sanitize_pgp <actual >actual.clean &&
#			test_cmp expected actual.clean
#		
make[2]: [Makefile:82: t2020-checkout-detach.sh] Error 1 (ignored)
not ok 140 - stdin -z fails verify with too many arguments
not ok 41 - git refs optimize --all --auto does not repack below 16 refs without packed-refs
not ok 34 - GIT_DIR set (2)
not ok 235 - --no-type unsets type specifiers
not ok 83 - basic atom: refs/heads/main tag
*** t2024-checkout-dwim.sh ***
./test-lib.sh: line 172: /home/haritha/code/bazel-7.2.0/git_255_iconv_translit_3waymerge/gitport/git/git: EDC5129I No such file or directory.
error: you do not seem to have built git yet.
make[2]: [Makefile:82: t2021-checkout-overwrite.sh] Error 1 (ignored)
not ok 34 - reftable -> files: skip reflog with --skip-reflog
*** t2025-checkout-no-overlay.sh ***
#	
#				if test -n "$gitdir"
#				then
#					test_when_finished "unset GIT_DIR" &&
#					GIT_DIR="$gitdir" &&
#					export GIT_DIR
#				fi &&
#	
#				case "$bare" in
#				t*) test_config ${d:+-C} ${d:+"$d"} core.bare true ;;
#				f*) test_config ${d:+-C} ${d:+"$d"} core.bare false ;;
#				u*) test_unconfig ${d:+-C} ${d:+"$d"} core.bare ;;
#				esac &&
#	
#				echo "$expect" >expect &&
#				git ${d:+-C} ${d:+"$d"} rev-parse $o >actual &&
#				test_cmp expect actual
#			
#	
#			test_when_finished "rm -rf repo" &&
#			git init repo &&
#			(
#				cd repo &&
#				git config set maintenance.auto false &&
#				git commit --allow-empty --message "initial" &&
#	
#				# Create 14 additional references, which brings us to
#				# 15 together with the default branch.
#				test_seq -f "create refs/heads/loose-%d HEAD" 14 |
#				git update-ref --stdin &&
#				test_path_is_missing .git/packed-refs &&
#				git ${pack_refs} --auto --all &&
#				test_path_is_missing .git/packed-refs &&
#	
#				# Create the 16th reference, which should cause us to repack.
#				git update-ref refs/heads/loose-15 HEAD &&
#				git ${pack_refs} --auto --all &&
#				test_path_is_file .git/packed-refs
#			)
#		
not ok 36 - git read-tree -u --reset --recurse-submodules: replace submodule containing a .git directory with a directory must fail
./test-lib.sh: line 172: /home/haritha/code/bazel-7.2.0/git_255_iconv_translit_3waymerge/gitport/git/git: EDC5129I No such file or directory.
error: you do not seem to have built git yet.
make[2]: [Makefile:82: t2022-checkout-paths.sh] Error 1 (ignored)
#	
#		echo "gitdir: repo.git/repos/foo" >gitfile &&
#		echo "$(pwd)/repo.git" >repo.git/repos/foo/commondir &&
#		(
#			cd work &&
#			GIT_DIR=../gitfile git rev-parse --git-common-dir >actual &&
#			test-tool path-utils real_path "$TRASH_DIRECTORY/repo.git" >expect &&
#			test_cmp expect actual
#		)
#	
#	
#		printf $F "verify $a" "$m" "$m" >stdin &&
#		test_must_fail git update-ref -z --stdin <stdin 2>err &&
#		grep "fatal: unknown command: $m" err
#	
./test-lib.sh: line 172: /home/haritha/code/bazel-7.2.0/git_255_iconv_translit_3waymerge/gitport/git/git: EDC5129I No such file or directory.
error: you do not seem to have built git yet.
#	
#			${git_for_each_ref} --format="%($format)" "$ref" >actual &&
#			sanitize_pgp <actual >actual.clean &&
#			test_cmp expected actual.clean
#		
#	
#		test_cmp_config 10 --type=bool --no-type section.number
#	
not ok 56 - GIT_DIR=../repo.git, core.bare undefined: --is-bare-repository
make[2]: [Makefile:82: t2023-checkout-m.sh] Error 1 (ignored)
not ok 141 - stdin -z fails verify with no old value
not ok 25 - checkout and reset (keep)
*** t2026-checkout-pathspec-file.sh ***
#	
#				test_when_finished "rm -rf repo" &&
#				git init --ref-format=$from_format repo &&
#				test_commit -C repo initial &&
#				# we see that the repository contains reflogs.
#				git -C repo reflog --all >reflogs &&
#				test_line_count = 2 reflogs &&
#				test_migration repo "$to_format" true --no-reflog &&
#				# there should be no reflogs post migration.
#				git -C repo reflog --all >reflogs &&
#				test_must_be_empty reflogs
#			
./test-lib.sh: line 172: /home/haritha/code/bazel-7.2.0/git_255_iconv_translit_3waymerge/gitport/git/git: EDC5129I No such file or directory.
error: you do not seem to have built git yet.
make[2]: [Makefile:82: t2024-checkout-dwim.sh] Error 1 (ignored)
not ok 593 - checkout attr=-text  aeol= core.autocrlf=input core.eol=lf file=CRLF_mix_LF
*** t2027-checkout-track.sh ***
not ok 236 - unset type specifiers may be reset to conflicting ones
#	
#			prolog &&
#			reset_work_tree_to_interested add_sub1 &&
#			(
#				cd submodule_update &&
#				git branch -t replace_sub1_with_directory origin/replace_sub1_with_directory &&
#				replace_gitfile_with_git_dir sub1 &&
#				rm -rf .git/modules/sub1 &&
#				$command replace_sub1_with_directory &&
#				test_superproject_content origin/replace_sub1_with_directory &&
#				test_git_directory_exists sub1
#			)
#		
not ok 42 - git refs optimize --all --auto does not repack below 16 refs with small packed-refs
not ok 84 - basic atom: refs/heads/main tagger
not ok 27 - migrating repository to reftable with alternate refs directory
not ok 668 - rerere -h output and SYNOPSIS agree
*** t2030-unresolve-info.sh ***
not ok 35 - Auto discovery
#	
#		printf $F "verify $a" >stdin &&
#		test_must_fail git update-ref -z --stdin <stdin 2>err &&
#		grep "fatal: verify $a: unexpected end of input when reading <old-oid>" err
#	
./test-lib.sh: line 172: /home/haritha/code/bazel-7.2.0/git_255_iconv_translit_3waymerge/gitport/git/git: EDC5129I No such file or directory.
error: you do not seem to have built git yet.
make[2]: [Makefile:82: t2025-checkout-no-overlay.sh] Error 1 (ignored)
#	
#				if test -n "$gitdir"
#				then
#					test_when_finished "unset GIT_DIR" &&
#					GIT_DIR="$gitdir" &&
#					export GIT_DIR
#				fi &&
#	
#				case "$bare" in
#				t*) test_config ${d:+-C} ${d:+"$d"} core.bare true ;;
#				f*) test_config ${d:+-C} ${d:+"$d"} core.bare false ;;
#				u*) test_unconfig ${d:+-C} ${d:+"$d"} core.bare ;;
#				esac &&
#	
#				echo "$expect" >expect &&
#				git ${d:+-C} ${d:+"$d"} rev-parse $o >actual &&
#				test_cmp expect actual
#			
not ok 35 - multiple reftable blocks with multiple entries
#	
#		init_repos &&
#	
#		write_script edit-contents <<-\EOF &&
#		echo text >>$1
#		EOF
#	
#		test_all_match git checkout -b reset-test update-deep &&
#		run_on_all ../edit-contents a &&
#		test_all_match git reset --keep deepest &&
#		test_all_match git status --porcelain=v2 &&
#	
#		test_all_match git reset --hard update-deep &&
#		run_on_all ../edit-contents deep/a &&
#		test_all_match test_must_fail git reset --keep deepest
#	
not ok 142 - stdin -z fails option with unknown name
#	
#			test_when_finished "rm -rf repo refdir" &&
#			mkdir refdir &&
#			GIT_REFERENCE_BACKEND="${from_format}://$(pwd)/refdir" git init repo &&
#			(
#				cd repo &&
#	
#				test_commit 1 &&
#				test_commit 2 &&
#				test_commit 3 &&
#	
#				git refs migrate --ref-format=$to_format &&
#				git refs list >out &&
#				test_grep "refs/tags/1"	out &&
#				test_grep "refs/tags/2"	out &&
#				test_grep "refs/tags/3"	out
#			)
#		
not ok 57 - GIT_DIR=../repo.git, core.bare undefined: --is-inside-git-dir
not ok 37 - git read-tree -u --reset --recurse-submodules: replace submodule with a file ignoring ignored files
#	
#			${git_for_each_ref} --format="%($format)" "$ref" >actual &&
#			sanitize_pgp <actual >actual.clean &&
#			test_cmp expected actual.clean
#		
*** t2050-git-dir-relative.sh ***
#	
#		test_cmp_config 1048576 --type=bool --no-type --type=int section.big
#	
#	
#			compare_ws_file eol_lf_crlf_input_attr_-text_ CRLF_mix_LF crlf_false_attr__CRLF_mix_LF.txt
#		
#	
#			test_when_finished "rm -rf repo" &&
#			git init repo &&
#			(
#				cd repo &&
#				git config set maintenance.auto false &&
#				git commit --allow-empty --message "initial" &&
#	
#				git ${pack_refs} --all &&
#				test_line_count = 2 .git/packed-refs &&
#	
#				# Create 15 loose references.
#				test_seq -f "create refs/heads/loose-%d HEAD" 15 |
#				git update-ref --stdin &&
#				git ${pack_refs} --auto --all &&
#				test_line_count = 2 .git/packed-refs &&
#	
#				# Create the 16th loose reference, which should cause us to repack.
#				git update-ref refs/heads/loose-17 HEAD &&
#				git ${pack_refs} --auto --all &&
#				test_line_count = 18 .git/packed-refs
#			)
#		
#	
#		echo "gitdir: repo.git/repos/foo" >.git &&
#		echo ../.. >repo.git/repos/foo/commondir &&
#		(
#			cd work &&
#			git rev-parse --git-common-dir >actual &&
#			test-tool path-utils real_path "$TRASH_DIRECTORY/repo.git" >expect &&
#			test_cmp expect actual &&
#			echo haha >data1 &&
#			git add data1 &&
#			git ls-files --full-name :/ | grep data1 >actual &&
#			echo work/data1 >expect &&
#			test_cmp expect actual
#		)
#	
#	
#			t2s="$(adoc_to_synopsis "$builtin")" &&
#			if test "$builtin" = "merge-tree"
#			then
#				test_when_finished "rm -f t2s.new" &&
#				sed -e 's/ (deprecated)$//g' <"$t2s" >t2s.new
#				t2s=t2s.new
#			fi &&
#			h2s="$(help_to_synopsis "$builtin")" &&
#	
#			# The *.adoc and -h use different spacing for the
#			# alignment of continued usage output, normalize it.
#			align_after_nl "$builtin" <"$t2s" >adoc &&
#			align_after_nl "$builtin" <"$h2s" >help &&
#			test_cmp adoc help
#		
not ok 85 - basic atom: refs/heads/main taggername
./test-lib.sh: line 172: /home/haritha/code/bazel-7.2.0/git_255_iconv_translit_3waymerge/gitport/git/git: EDC5129I No such file or directory.
error: you do not seem to have built git yet.
make[2]: [Makefile:82: t2026-checkout-pathspec-file.sh] Error 1 (ignored)
not ok 237 - list --type=int shows only canonicalizable int values
#	
#				if test -n "$gitdir"
#				then
#					test_when_finished "unset GIT_DIR" &&
#					GIT_DIR="$gitdir" &&
#					export GIT_DIR
#				fi &&
#	
#				case "$bare" in
#				t*) test_config ${d:+-C} ${d:+"$d"} core.bare true ;;
#				f*) test_config ${d:+-C} ${d:+"$d"} core.bare false ;;
#				u*) test_unconfig ${d:+-C} ${d:+"$d"} core.bare ;;
#				esac &&
#	
#				echo "$expect" >expect &&
#				git ${d:+-C} ${d:+"$d"} rev-parse $o >actual &&
#				test_cmp expect actual
#			
./test-lib.sh: line 172: /home/haritha/code/bazel-7.2.0/git_255_iconv_translit_3waymerge/gitport/git/git: EDC5129I No such file or directory.
error: you do not seem to have built git yet.
#	
#			prolog &&
#			reset_work_tree_to_interested add_sub1 &&
#			(
#				cd submodule_update &&
#				git branch -t replace_sub1_with_file origin/replace_sub1_with_file &&
#				: >sub1/expect &&
#				$command replace_sub1_with_file &&
#				test_superproject_content origin/replace_sub1_with_file
#			)
#		
#	
#		test_when_finished "rm -rf repo" &&
#		git init --ref-format=files repo &&
#		test_commit -C repo first &&
#		test_seq -f "create refs/heads/ref-%d HEAD" 5000 |
#		git -C repo update-ref --stdin &&
#		test_commit -C repo second &&
#		test_seq -f "update refs/heads/ref-%d HEAD" 3000 |
#		git -C repo update-ref --stdin &&
#		test_migration repo reftable true
#	
./test-lib.sh: line 172: /home/haritha/code/bazel-7.2.0/git_255_iconv_translit_3waymerge/gitport/git/git: EDC5129I No such file or directory.
error: you do not seem to have built git yet.
#	
#		printf $F "option unknown" >stdin &&
#		test_must_fail git update-ref -z --stdin <stdin 2>err &&
#		grep "fatal: option unknown: unknown" err
#	
make[2]: [Makefile:82: t2027-checkout-track.sh] Error 1 (ignored)
make[2]: [Makefile:82: t2030-unresolve-info.sh] Error 1 (ignored)
*** t2060-switch.sh ***
not ok 43 - git refs optimize --all --auto scales with size of packed-refs
not ok 28 - env: read from files backend, /home/haritha/code/bazel-7.2.0/git_255_iconv_translit_3waymerge/gitport/git/t/trash directory.t1423-ref-backend/repo/.git dir
not ok 26 - reset with pathspecs inside sparse definition
not ok 58 - GIT_DIR=../repo.git, core.bare undefined: --is-inside-work-tree
#	
#			${git_for_each_ref} --format="%($format)" "$ref" >actual &&
#			sanitize_pgp <actual >actual.clean &&
#			test_cmp expected actual.clean
#		
not ok 36 - $GIT_DIR/common overrides core.worktree
./test-lib.sh: line 172: /home/haritha/code/bazel-7.2.0/git_255_iconv_translit_3waymerge/gitport/git/git: EDC5129I No such file or directory.
error: you do not seem to have built git yet.
#	
#		cat >expect <<-EOF &&
#		section.number=10
#		section.big=1048576
#		EOF
#	
#		git config ${mode_prefix}list --type=int >actual 2>err &&
#		test_cmp expect actual &&
#		test_must_be_empty err
#	
*** t2070-restore.sh ***
not ok 143 - stdin -z fails with duplicate refs
not ok 86 - basic atom: refs/heads/main taggeremail
not ok 38 - git read-tree -u --reset --recurse-submodules: modified submodule does update submodule work tree from invalid commit
not ok 669 - reset -h output has no \t
not ok 36 - migrating from files format deletes backend files
make[2]: [Makefile:82: t2050-git-dir-relative.sh] Error 1 (ignored)
#	
#				if test -n "$gitdir"
#				then
#					test_when_finished "unset GIT_DIR" &&
#					GIT_DIR="$gitdir" &&
#					export GIT_DIR
#				fi &&
#	
#				case "$bare" in
#				t*) test_config ${d:+-C} ${d:+"$d"} core.bare true ;;
#				f*) test_config ${d:+-C} ${d:+"$d"} core.bare false ;;
#				u*) test_unconfig ${d:+-C} ${d:+"$d"} core.bare ;;
#				esac &&
#	
#				echo "$expect" >expect &&
#				git ${d:+-C} ${d:+"$d"} rev-parse $o >actual &&
#				test_cmp expect actual
#			
#	
#				test_when_finished "rm -rf repo" &&
#				git init --ref-format=$from_format repo &&
#				(
#					cd repo &&
#					test_commit 1 &&
#					test_commit 2 &&
#					test_commit 3 &&
#	
#					git refs migrate --dry-run --ref-format=$to_format >out &&
#					BACKEND_PATH="$dir/$(sed "s/.* ${SQ}.git\/\(.*\)${SQ}/\1/" out)" &&
#					test_refs_backend . $from_format "$to_format://$BACKEND_PATH" "$method"
#				)
#			
*** t2071-restore-patch.sh ***
#	
#			test_when_finished "rm -rf repo" &&
#			git init repo &&
#			(
#				cd repo &&
#				git config set maintenance.auto false &&
#				git commit --allow-empty --message "initial" &&
#	
#				# Create 99 packed refs. This should cause the heuristic
#				# to require more than the minimum amount of loose refs.
#				test_seq -f "create refs/heads/packed-%d HEAD" 99 |
#				git update-ref --stdin &&
#				git ${pack_refs} --all &&
#				test_line_count = 101 .git/packed-refs &&
#	
#				# Create 24 loose refs, which should not yet cause us to repack.
#				test_seq -f "create refs/heads/loose-%d HEAD" 24 |
#				git update-ref --stdin &&
#				git ${pack_refs} --auto --all &&
#				test_line_count = 101 .git/packed-refs &&
#	
#				# Create another handful of refs to cross the border.
#				# Note that we explicitly do not check for strict
#				# boundaries here, as this also depends on the size of
#				# the object hash.
#				test_seq -f "create refs/heads/addn-%d HEAD" 10 |
#				git update-ref --stdin &&
#				git ${pack_refs} --auto --all &&
#				test_line_count = 135 .git/packed-refs
#			)
#		
#	
#		init_repos &&
#	
#		write_script edit-contents <<-\EOF &&
#		echo text >>$1
#		EOF
#	
#		test_all_match git checkout -b reset-test update-deep &&
#		run_on_all ../edit-contents deep/a &&
#	
#		test_all_match git reset base -- deep/a &&
#		test_all_match git status --porcelain=v2 &&
#	
#		test_all_match git reset base -- nonexistent-file &&
#		test_all_match git status --porcelain=v2 &&
#	
#		test_all_match git reset deepest -- deep &&
#		test_all_match git status --porcelain=v2
#	
*** t2072-restore-pathspec-file.sh ***
not ok 238 - list --type=bool shows only canonicalizable bool values
not ok 26 - tree entry with type mismatch
not ok 59 - GIT_DIR=../repo.git, core.bare undefined: --show-prefix
#	
#			${git_for_each_ref} --format="%($format)" "$ref" >actual &&
#			sanitize_pgp <actual >actual.clean &&
#			test_cmp expected actual.clean
#		
not ok 594 - checkout attr=-text  aeol= core.autocrlf=input core.eol=lf file=LF_mix_CR
#	
#		mkdir elsewhere &&
#		git --git-dir=repo.git config core.worktree "$TRASH_DIRECTORY/elsewhere" &&
#		echo "gitdir: repo.git/repos/foo" >.git &&
#		echo ../.. >repo.git/repos/foo/commondir &&
#		(
#			cd work &&
#			git rev-parse --git-common-dir >actual &&
#			test-tool path-utils real_path "$TRASH_DIRECTORY/repo.git" >expect &&
#			test_cmp expect actual &&
#			echo haha >data2 &&
#			git add data2 &&
#			git ls-files --full-name :/ | grep data2 >actual &&
#			echo work/data2 >expect &&
#			test_cmp expect actual
#		)
#	
#	
#			prolog &&
#			reset_work_tree_to_interested invalid_sub1 &&
#			(
#				cd submodule_update &&
#				git branch -t valid_sub1 origin/valid_sub1 &&
#				$command valid_sub1 &&
#				test_superproject_content origin/valid_sub1 &&
#				test_submodule_content sub1 origin/valid_sub1
#			)
#		
#	
#			h2s="$(help_to_synopsis "$builtin")" &&
#			! grep "$HT" "$h2s"
#		
not ok 29 - env: write to files backend, /home/haritha/code/bazel-7.2.0/git_255_iconv_translit_3waymerge/gitport/git/t/trash directory.t1423-ref-backend/repo/.git dir
#	
#		test_when_finished "rm -rf repo" &&
#		git init --ref-format=files repo &&
#		test_commit -C repo first &&
#		git -C repo pack-refs --all &&
#		test_commit -C repo second &&
#		git -C repo update-ref ORIG_HEAD HEAD &&
#		git -C repo rev-parse HEAD >repo/.git/FETCH_HEAD &&
#	
#		test_path_is_file repo/.git/HEAD &&
#		test_path_is_file repo/.git/ORIG_HEAD &&
#		test_path_is_file repo/.git/refs/heads/main &&
#		test_path_is_file repo/.git/packed-refs &&
#	
#		test_migration repo reftable &&
#	
#		echo "ref: refs/heads/.invalid" >expect &&
#		test_cmp expect repo/.git/HEAD &&
#		echo "this repository uses the reftable format" >expect &&
#		test_cmp expect repo/.git/refs/heads &&
#		test_path_is_file repo/.git/FETCH_HEAD &&
#		test_path_is_missing repo/.git/ORIG_HEAD &&
#		test_path_is_missing repo/.git/refs/heads/main &&
#		test_path_is_missing repo/.git/logs &&
#		test_path_is_missing repo/.git/packed-refs
#	
#	
#		printf $F "create $a" "$m" "create $b" "$m" "create $a" "$m" >stdin &&
#		test_must_fail git update-ref -z --stdin <stdin 2>err &&
#		test_grep "fatal: multiple updates for ref '$a' not allowed" err
#	
./test-lib.sh: line 172: /home/haritha/code/bazel-7.2.0/git_255_iconv_translit_3waymerge/gitport/git/git: EDC5129I No such file or directory.
error: you do not seem to have built git yet.
make[2]: [Makefile:82: t2060-switch.sh] Error 1 (ignored)
not ok 87 - basic atom: refs/heads/main taggeremail:trim
not ok 44 - git maintenance run --task=refs optimize --auto does not repack below 16 refs without packed-refs
./test-lib.sh: line 172: /home/haritha/code/bazel-7.2.0/git_255_iconv_translit_3waymerge/gitport/git/git: EDC5129I No such file or directory.
error: you do not seem to have built git yet.
make[2]: [Makefile:82: t2070-restore.sh] Error 1 (ignored)
*** t2080-parallel-checkout-basics.sh ***
#	
#		cat >expect <<-EOF &&
#		section.foo=true
#		section.number=true
#		section.big=true
#		EOF
#	
#		git config ${mode_prefix}list --type=bool >actual 2>err &&
#		test_cmp expect actual &&
#		test_must_be_empty err
#	
not ok 37 - $GIT_WORK_TREE overrides $GIT_DIR/common
not ok 37 - migrating from reftable format deletes backend files
#	
#		test_when_finished "remove_object \$blob" &&
#		test_when_finished "remove_object \$tree" &&
#		test_when_finished "remove_object \$commit" &&
#		test_when_finished "git update-ref -d refs/heads/type_mismatch" &&
#		blob=$(echo blob | git hash-object -w --stdin) &&
#		blob_bin=$(echo $blob | hex2oct) &&
#		tree=$(
#			printf "40000 dir\0${blob_bin}100644 file\0${blob_bin}" |
#			git hash-object -t tree --stdin -w --literally
#		) &&
#		commit=$(git commit-tree $tree) &&
#		git update-ref refs/heads/type_mismatch $commit &&
#		test_must_fail git fsck >out 2>&1 &&
#		test_grep "is a blob, not a tree" out &&
#		test_grep ! "dangling blob" out
#	
not ok 144 - stdin -z create ref works
./test-lib.sh: line 172: /home/haritha/code/bazel-7.2.0/git_255_iconv_translit_3waymerge/gitport/git/git: EDC5129I No such file or directory.
error: you do not seem to have built git yet.
#	
#			compare_ws_file eol_lf_crlf_input_attr_-text_ LF_mix_CR   crlf_false_attr__LF_mix_CR.txt
#		
#	
#				if test -n "$gitdir"
#				then
#					test_when_finished "unset GIT_DIR" &&
#					GIT_DIR="$gitdir" &&
#					export GIT_DIR
#				fi &&
#	
#				case "$bare" in
#				t*) test_config ${d:+-C} ${d:+"$d"} core.bare true ;;
#				f*) test_config ${d:+-C} ${d:+"$d"} core.bare false ;;
#				u*) test_unconfig ${d:+-C} ${d:+"$d"} core.bare ;;
#				esac &&
#	
#				echo "$expect" >expect &&
#				git ${d:+-C} ${d:+"$d"} rev-parse $o >actual &&
#				test_cmp expect actual
#			
make[2]: [Makefile:82: t2071-restore-patch.sh] Error 1 (ignored)
*** t2081-parallel-checkout-collisions.sh ***
#	
#				test_when_finished "rm -rf repo" &&
#				git init --ref-format=$from_format repo &&
#				(
#					cd repo &&
#					test_commit 1 &&
#					test_commit 2 &&
#					test_commit 3 &&
#	
#					git refs migrate --dry-run --ref-format=$to_format >out &&
#					BACKEND_PATH="$dir/$(sed "s/.* ${SQ}.git\/\(.*\)${SQ}/\1/" out)" &&
#	
#					test_refs_backend . $from_format "$to_format://$BACKEND_PATH" "$method" &&
#	
#					git refs list >expect &&
#					run_with_uri . "$from_format" "$to_format://$BACKEND_PATH" \
#						"tag -d 1" "$method" &&
#					git refs list >actual &&
#					test_cmp expect actual &&
#	
#					git refs list | grep -v "refs/tags/1" >expect &&
#					run_with_uri . "$from_format" "$to_format://$BACKEND_PATH" \
#						"refs list" "$method" >actual &&
#					test_cmp expect actual
#				)
#			
not ok 39 - git read-tree -u --reset --recurse-submodules: updating submodules fixes .git links
#	
#			${git_for_each_ref} --format="%($format)" "$ref" >actual &&
#			sanitize_pgp <actual >actual.clean &&
#			test_cmp expected actual.clean
#		
not ok 60 - rev-parse --path-format=absolute
not ok 27 - reset with pathspecs outside sparse definition
./test-lib.sh: line 172: /home/haritha/code/bazel-7.2.0/git_255_iconv_translit_3waymerge/gitport/git/git: EDC5129I No such file or directory.
error: you do not seem to have built git yet.
make[2]: [Makefile:82: t2072-restore-pathspec-file.sh] Error 1 (ignored)
*** t2082-parallel-checkout-attributes.sh ***
#	
#			test_when_finished "rm -rf repo" &&
#			git init repo &&
#			(
#				cd repo &&
#				git config set maintenance.auto false &&
#				git commit --allow-empty --message "initial" &&
#	
#				# Create 14 additional references, which brings us to
#				# 15 together with the default branch.
#				test_seq -f "create refs/heads/loose-%d HEAD" 14 |
#				git update-ref --stdin &&
#				test_path_is_missing .git/packed-refs &&
#				git ${pack_refs} --auto --all &&
#				test_path_is_missing .git/packed-refs &&
#	
#				# Create the 16th reference, which should cause us to repack.
#				git update-ref refs/heads/loose-15 HEAD &&
#				git ${pack_refs} --auto --all &&
#				test_path_is_file .git/packed-refs
#			)
#		
not ok 88 - basic atom: refs/heads/main taggeremail:localpart
#	
#		echo "gitdir: repo.git/repos/foo" >.git &&
#		echo ../.. >repo.git/repos/foo/commondir &&
#		(
#			cd work &&
#			echo haha >data3 &&
#			git --git-dir=../.git --work-tree=. add data3 &&
#			git ls-files --full-name -- :/ | grep data3 >actual &&
#			echo data3 >expect &&
#			test_cmp expect actual
#		)
#	
#	
#		printf $F "create $a" "$m" >stdin &&
#		git update-ref -z --stdin <stdin &&
#		git rev-parse $m >expect &&
#		git rev-parse $a >actual &&
#		test_cmp expect actual
#	
not ok 30 - env: with worktree and files backend, /home/haritha/code/bazel-7.2.0/git_255_iconv_translit_3waymerge/gitport/git/t/trash directory.t1423-ref-backend/repo/.git dir
ok 670 - reset -h output has dashed labels
not ok 239 - list --type=bool-or-int shows only canonicalizable values
#	
#			prolog &&
#			reset_work_tree_to_interested add_sub1 &&
#			(
#				cd submodule_update &&
#				git branch -t modify_sub1 origin/modify_sub1 &&
#				echo "gitdir: bogus/path" >sub1/.git &&
#				$command modify_sub1 &&
#				test_superproject_content origin/modify_sub1 &&
#				test_submodule_content sub1 origin/modify_sub1
#			)
#		
#	
#		test_when_finished "rm -rf repo" &&
#		git init --ref-format=reftable repo &&
#		test_commit -C repo first &&
#	
#		test_path_is_dir repo/.git/reftable &&
#		test_migration repo files &&
#	
#		test_path_is_missing repo/.git/reftable &&
#		echo "ref: refs/heads/main" >expect &&
#		test_cmp expect repo/.git/HEAD &&
#		test_path_is_file repo/.git/packed-refs
#	
#	
#		test_one "." "$ROOT/.git" --path-format=absolute --git-dir &&
#		test_one "." "$ROOT/.git" --path-format=absolute --git-common-dir &&
#		test_one "sub/dir" "$ROOT/.git" --path-format=absolute --git-dir &&
#		test_one "sub/dir" "$ROOT/.git" --path-format=absolute --git-common-dir &&
#		test_one "worktree" "$ROOT/.git/worktrees/worktree" --path-format=absolute --git-dir &&
#		test_one "worktree" "$ROOT/.git" --path-format=absolute --git-common-dir &&
#		test_one "." "$ROOT" --path-format=absolute --show-toplevel &&
#		test_one "." "$ROOT/.git/objects" --path-format=absolute --git-path objects &&
#		test_one "." "$ROOT/.git/objects/foo/bar/baz" --path-format=absolute --git-path objects/foo/bar/baz
#	
*** t2100-update-cache-badpath.sh ***
not ok 145 - stdin -z update ref creates with zero old value
./test-lib.sh: line 172: /home/haritha/code/bazel-7.2.0/git_255_iconv_translit_3waymerge/gitport/git/git: EDC5129I No such file or directory.
error: you do not seem to have built git yet.
make[2]: [Makefile:82: t2080-parallel-checkout-basics.sh] Error 1 (ignored)
#	
#		init_repos &&
#		test_all_match git checkout -b reset-test base &&
#	
#		test_sparse_match git reset update-folder1 -- folder1 &&
#		git -C full-checkout reset update-folder1 -- folder1 &&
#		test_all_match git ls-files -s -- folder1 &&
#	
#		test_sparse_match git reset update-folder2 -- folder2/a &&
#		git -C full-checkout reset update-folder2 -- folder2/a &&
#		test_all_match git ls-files -s -- folder2/a
#	
#	
#			${git_for_each_ref} --format="%($format)" "$ref" >actual &&
#			sanitize_pgp <actual >actual.clean &&
#			test_cmp expected actual.clean
#		
not ok 45 - git maintenance run --task=refs optimize --auto does not repack below 16 refs with small packed-refs
#	
#		cat >expect <<-EOF &&
#		section.foo=true
#		section.number=10
#		section.big=1048576
#		EOF
#	
#		git config ${mode_prefix}list --type=bool-or-int >actual 2>err &&
#		test_cmp expect actual &&
#		test_must_be_empty err
#	
not ok 40 - git read-tree -u --reset --recurse-submodules: changed submodule worktree is reset
not ok 38 - error out gracefully on invalid $GIT_WORK_TREE
not ok 595 - checkout attr=-text  aeol= core.autocrlf=input core.eol=lf file=LF_nul
not ok 61 - rev-parse --path-format=relative
# failed 25 among 37 test(s)
1..37
*** t2101-update-index-reupdate.sh ***
#	
#				test_when_finished "rm -rf repo wt" &&
#				git init --ref-format=$from_format repo &&
#				(
#					cd repo &&
#					test_commit 1 &&
#					test_commit 2 &&
#					test_commit 3 &&
#	
#					git refs migrate --dry-run --ref-format=$to_format >out &&
#					BACKEND_PATH="$dir/$(sed "s/.* ${SQ}.git\/\(.*\)${SQ}/\1/" out)" &&
#	
#					run_with_uri . "$from_format" "$to_format://$BACKEND_PATH" \
#						"worktree add ../wt 2" "$method" &&
#	
#					run_with_uri . "$from_format" "$to_format://$BACKEND_PATH" \
#						"for-each-ref --include-root-refs" "$method" >actual &&
#					run_with_uri ../wt "$from_format" "$to_format://$BACKEND_PATH" \
#						"for-each-ref --include-root-refs" "$method" >expect &&
#					! test_cmp expect actual &&
#	
#					run_with_uri . "$from_format" "$to_format://$BACKEND_PATH" \
#						"rev-parse 2" "$method" >actual &&
#					run_with_uri ../wt "$from_format" "$to_format://$BACKEND_PATH" \
#						"rev-parse HEAD" "$method" >expect &&
#					test_cmp expect actual
#				)
#			
make[2]: [Makefile:82: t1460-refs-migrate.sh] Error 1 (ignored)
./test-lib.sh: line 172: /home/haritha/code/bazel-7.2.0/git_255_iconv_translit_3waymerge/gitport/git/git: EDC5129I No such file or directory.
error: you do not seem to have built git yet.
not ok 89 - basic atom: refs/heads/main taggerdate
./test-lib.sh: line 172: /home/haritha/code/bazel-7.2.0/git_255_iconv_translit_3waymerge/gitport/git/git: EDC5129I No such file or directory.
error: you do not seem to have built git yet.
#	
#		printf $F "update $b" "$m" "$Z" >stdin &&
#		git update-ref -z --stdin <stdin &&
#		git rev-parse $m >expect &&
#		git rev-parse $b >actual &&
#		test_cmp expect actual &&
#		git update-ref -d $b
#	
make[2]: [Makefile:82: t2082-parallel-checkout-attributes.sh] Error 1 (ignored)
make[2]: [Makefile:82: t2081-parallel-checkout-collisions.sh] Error 1 (ignored)
#	
#			test_when_finished "rm -rf repo" &&
#			git init repo &&
#			(
#				cd repo &&
#				git config set maintenance.auto false &&
#				git commit --allow-empty --message "initial" &&
#	
#				git ${pack_refs} --all &&
#				test_line_count = 2 .git/packed-refs &&
#	
#				# Create 15 loose references.
#				test_seq -f "create refs/heads/loose-%d HEAD" 15 |
#				git update-ref --stdin &&
#				git ${pack_refs} --auto --all &&
#				test_line_count = 2 .git/packed-refs &&
#	
#				# Create the 16th loose reference, which should cause us to repack.
#				git update-ref refs/heads/loose-17 HEAD &&
#				git ${pack_refs} --auto --all &&
#				test_line_count = 18 .git/packed-refs
#			)
#		
not ok 671 - reset -h output has consistent spacing
*** t2102-update-index-symlinks.sh ***
#	
#		test_one "." ".git" --path-format=relative --git-dir &&
#		test_one "." ".git" --path-format=relative --git-common-dir &&
#		test_one "sub/dir" "../../.git" --path-format=relative --git-dir &&
#		test_one "sub/dir" "../../.git" --path-format=relative --git-common-dir &&
#		test_one "worktree" "../.git/worktrees/worktree" --path-format=relative --git-dir &&
#		test_one "worktree" "../.git" --path-format=relative --git-common-dir &&
#		test_one "." "./" --path-format=relative --show-toplevel &&
#		test_one "." ".git/objects" --path-format=relative --git-path objects &&
#		test_one "." ".git/objects/foo/bar/baz" --path-format=relative --git-path objects/foo/bar/baz
#	
#	
#			compare_ws_file eol_lf_crlf_input_attr_-text_ LF_nul   crlf_false_attr__LF_nul.txt
#		
not ok 240 - list --type=path shows only canonicalizable path values
not ok 146 - stdin -z update ref creates with empty old value
#	
#			prolog &&
#			reset_work_tree_to_interested add_sub1 &&
#			(
#				cd submodule_update &&
#				rm sub1/file1 &&
#				: >sub1/new_file &&
#				git -C sub1 add new_file &&
#				$command HEAD &&
#				test_path_is_file sub1/file1 &&
#				test_path_is_missing sub1/new_file
#			)
#		
*** t2103-update-index-ignore-missing.sh ***
./test-lib.sh: line 172: /home/haritha/code/bazel-7.2.0/git_255_iconv_translit_3waymerge/gitport/git/git: EDC5129I No such file or directory.
error: you do not seem to have built git yet.
#	
#			${git_for_each_ref} --format="%($format)" "$ref" >actual &&
#			sanitize_pgp <actual >actual.clean &&
#			test_cmp expected actual.clean
#		
not ok 31 - env: read from files backend, . dir
#	
#		(
#			GIT_WORK_TREE=/.invalid/work/tree &&
#			export GIT_WORK_TREE &&
#			test_expect_code 128 git rev-parse
#		)
#	
not ok 46 - git maintenance run --task=refs optimize --auto scales with size of packed-refs
not ok 596 - setup config for checkout attr=-text ident= aeol=lf core.autocrlf=input
make[2]: [Makefile:82: t2100-update-cache-badpath.sh] Error 1 (ignored)
not ok 62 - --path-format=relative does not affect --absolute-git-dir
*** t2104-update-index-skip-worktree.sh ***
not ok 28 - reset with wildcard pathspec
not ok 90 - basic atom: refs/heads/main creator
#	
#			h2s="$(help_to_synopsis "$builtin")" &&
#			sed -n \
#				-e "/^ / {
#					s/[^ ].*//;
#					p;
#				}" \
#				<"$h2s" >help &&
#			sort -u help >help.ws &&
#			if test -s help.ws
#			then
#				test_line_count = 1 help.ws
#			fi
#		
not ok 39 - refs work with relative gitdir and work tree
*** t2105-update-index-gitfile.sh ***
not ok 41 - git_test_func: added submodule creates empty directory
#	
#		printf $F "update $b" "$m" "" >stdin &&
#		git update-ref -z --stdin <stdin &&
#		git rev-parse $m >expect &&
#		git rev-parse $b >actual &&
#		test_cmp expect actual
#	
./test-lib.sh: line 172: /home/haritha/code/bazel-7.2.0/git_255_iconv_translit_3waymerge/gitport/git/git: EDC5129I No such file or directory.
error: you do not seem to have built git yet.
make[2]: [Makefile:82: t2101-update-index-reupdate.sh] Error 1 (ignored)
#	
#		cat >expect <<-EOF &&
#		section.foo=True
#		section.number=10
#		section.big=1M
#		section.path=$HOME/dir
#		section.red=red
#		section.blue=Blue
#		section.date=Fri Jun 4 15:46:55 2010
#		section.exists=expect
#		EOF
#	
#		git config ${mode_prefix}list --type=path >actual 2>err &&
#		test_cmp expect actual &&
#		test_must_be_empty err
#	
#	
#				test_when_finished "rm -rf repo" &&
#				git init --ref-format=$from_format repo &&
#				(
#					cd repo &&
#					test_commit 1 &&
#					test_commit 2 &&
#					test_commit 3 &&
#	
#					git refs migrate --dry-run --ref-format=$to_format >out &&
#					BACKEND_PATH="$dir/$(sed "s/.* ${SQ}.git\/\(.*\)${SQ}/\1/" out)" &&
#					test_refs_backend . $from_format "$to_format://$BACKEND_PATH" "$method"
#				)
#			
./test-lib.sh: line 172: /home/haritha/code/bazel-7.2.0/git_255_iconv_translit_3waymerge/gitport/git/git: EDC5129I No such file or directory.
error: you do not seem to have built git yet.
not ok 147 - stdin -z create ref works with path with space to blob
not ok 27 - tree entry with bogus mode
#	
#		init_repos &&
#	
#		test_all_match git reset update-deep -- deep\* &&
#		test_all_match git ls-files -s -- deep &&
#	
#		test_all_match git reset deepest -- deep\*\*\* &&
#		test_all_match git ls-files -s -- deep &&
#	
#		# The following `git reset`s result in updating the index on files with
#		# `skip-worktree` enabled. To avoid failing due to discrepancies in reported
#		# "modified" files, `test_sparse_match` reset is performed separately from
#		# "full-checkout" reset, then the index contents of all repos are verified.
#	
#		test_sparse_match git reset update-folder1 -- \*/a &&
#		git -C full-checkout reset update-folder1 -- \*/a &&
#		test_all_match git ls-files -s -- deep/a folder1/a &&
#	
#		test_sparse_match git reset update-folder2 -- folder\* &&
#		git -C full-checkout reset update-folder2 -- folder\* &&
#		test_all_match git ls-files -s -- folder10 folder1 folder2 &&
#	
#		test_sparse_match git reset base -- folder1/\* &&
#		git -C full-checkout reset base -- folder1/\* &&
#		test_all_match git ls-files -s -- folder1
#	
#	
#		git rev-parse --path-format=relative --absolute-git-dir >actual &&
#		echo "$ROOT/.git" >expect &&
#		test_cmp expect actual
#	
not ok 241 - list --type=expiry-date shows only canonicalizable dates
make[2]: [Makefile:82: t2102-update-index-symlinks.sh] Error 1 (ignored)
#	
#			${git_for_each_ref} --format="%($format)" "$ref" >actual &&
#			sanitize_pgp <actual >actual.clean &&
#			test_cmp expected actual.clean
#		
#	
#			test_when_finished "rm -rf repo" &&
#			git init repo &&
#			(
#				cd repo &&
#				git config set maintenance.auto false &&
#				git commit --allow-empty --message "initial" &&
#	
#				# Create 99 packed refs. This should cause the heuristic
#				# to require more than the minimum amount of loose refs.
#				test_seq -f "create refs/heads/packed-%d HEAD" 99 |
#				git update-ref --stdin &&
#				git ${pack_refs} --all &&
#				test_line_count = 101 .git/packed-refs &&
#	
#				# Create 24 loose refs, which should not yet cause us to repack.
#				test_seq -f "create refs/heads/loose-%d HEAD" 24 |
#				git update-ref --stdin &&
#				git ${pack_refs} --auto --all &&
#				test_line_count = 101 .git/packed-refs &&
#	
#				# Create another handful of refs to cross the border.
#				# Note that we explicitly do not check for strict
#				# boundaries here, as this also depends on the size of
#				# the object hash.
#				test_seq -f "create refs/heads/addn-%d HEAD" 10 |
#				git update-ref --stdin &&
#				git ${pack_refs} --auto --all &&
#				test_line_count = 135 .git/packed-refs
#			)
#		
*** t2106-update-index-assume-unchanged.sh ***
./test-lib.sh: line 172: /home/haritha/code/bazel-7.2.0/git_255_iconv_translit_3waymerge/gitport/git/git: EDC5129I No such file or directory.
error: you do not seem to have built git yet.
not ok 32 - env: write to files backend, . dir
./test-lib.sh: line 172: /home/haritha/code/bazel-7.2.0/git_255_iconv_translit_3waymerge/gitport/git/git: EDC5129I No such file or directory.
error: you do not seem to have built git yet.
#	
#			create_gitattributes "$attr" $ident $aeol &&
#			git config core.autocrlf $crlf
#		
#	
#		git init relative &&
#		git -C relative commit --allow-empty -m one &&
#		git -C relative commit --allow-empty -m two &&
#	
#		GIT_DIR=relative/.git GIT_WORK_TREE=relative git reset HEAD^ &&
#	
#		git -C relative log -1 --format=%s >actual &&
#		echo one >expect &&
#		test_cmp expect actual
#	
#	
#			prolog &&
#			reset_work_tree_to no_submodule &&
#			(
#				cd submodule_update &&
#				git branch -t add_sub1 origin/add_sub1 &&
#				$command add_sub1 &&
#				test_superproject_content origin/add_sub1 &&
#				test_dir_is_empty sub1 &&
#				git submodule update --init --recursive &&
#				test_submodule_content sub1 origin/add_sub1
#			)
#		
make[2]: [Makefile:82: t2103-update-index-ignore-missing.sh] Error 1 (ignored)
make[2]: [Makefile:82: t2104-update-index-skip-worktree.sh] Error 1 (ignored)
*** t2107-update-index-basic.sh ***
not ok 63 - --path-format can change in the middle of the command line
not ok 91 - basic atom: refs/heads/main creatordate
#	
#		test_when_finished "remove_object \$blob" &&
#		test_when_finished "remove_object \$tree" &&
#		blob=$(echo blob | git hash-object -w --stdin) &&
#		blob_oct=$(echo $blob | hex2oct) &&
#		tree=$(printf "100000 foo\0${blob_oct}" |
#		       git hash-object -t tree --stdin -w --literally) &&
#		git fsck 2>err &&
#		cat >expect <<-EOF &&
#		warning in tree $tree: badFilemode: contains bad file modes
#		EOF
#		test_cmp expect err
#	
#	
#				test_when_finished "rm -rf repo" &&
#				git init --ref-format=$from_format repo &&
#				(
#					cd repo &&
#					test_commit 1 &&
#					test_commit 2 &&
#					test_commit 3 &&
#	
#					git refs migrate --dry-run --ref-format=$to_format >out &&
#					BACKEND_PATH="$dir/$(sed "s/.* ${SQ}.git\/\(.*\)${SQ}/\1/" out)" &&
#	
#					test_refs_backend . $from_format "$to_format://$BACKEND_PATH" "$method" &&
#	
#					git refs list >expect &&
#					run_with_uri . "$from_format" "$to_format://$BACKEND_PATH" \
#						"tag -d 1" "$method" &&
#					git refs list >actual &&
#					test_cmp expect actual &&
#	
#					git refs list | grep -v "refs/tags/1" >expect &&
#					run_with_uri . "$from_format" "$to_format://$BACKEND_PATH" \
#						"refs list" "$method" >actual &&
#					test_cmp expect actual
#				)
#			
*** t2108-update-index-refresh-racy.sh ***
#	
#		printf $F "create refs/blobs/pws" "$m:$pws" >stdin &&
#		git update-ref -z --stdin <stdin &&
#		git rev-parse "$m:$pws" >expect &&
#		git rev-parse refs/blobs/pws >actual &&
#		test_cmp expect actual &&
#		git update-ref -d refs/blobs/pws
#	
#	
#		git config ${mode_prefix}list --type=expiry-date >actual 2>err &&
#	
#		# section.number and section.big parse as relative dates that could
#		# have clock skew in their results.
#		test_grep section.big actual &&
#		test_grep section.number actual &&
#		test_grep "section.date=$(git config --type=expiry-date section.$key)" actual &&
#		test_must_be_empty err
#	
not ok 47 - pack-refs does not store invalid peeled tag value
not ok 42 - git_test_func: added submodule leaves existing empty directory alone
*** t2200-add-update.sh ***
./test-lib.sh: line 172: /home/haritha/code/bazel-7.2.0/git_255_iconv_translit_3waymerge/gitport/git/git: EDC5129I No such file or directory.
error: you do not seem to have built git yet.
make[2]: [Makefile:82: t2105-update-index-gitfile.sh] Error 1 (ignored)
not ok 597 - setup LF checkout  with -c core.eol=lf
# failed 23 among 39 test(s)
1..39
not ok 148 - stdin -z update ref fails with wrong old value
not ok 29 - reset hard with removed sparse dir
#	
#			${git_for_each_ref} --format="%($format)" "$ref" >actual &&
#			sanitize_pgp <actual >actual.clean &&
#			test_cmp expected actual.clean
#		
./test-lib.sh: line 172: /home/haritha/code/bazel-7.2.0/git_255_iconv_translit_3waymerge/gitport/git/git: EDC5129I No such file or directory.
error: you do not seem to have built git yet.
ok 672 - reset appropriately marked as having .adoc
#	
#		git rev-parse --path-format=absolute --git-dir --path-format=relative --git-path objects/foo/bar >actual &&
#		cat >expect <<-EOF &&
#		$ROOT/.git
#		.git/objects/foo/bar
#		EOF
#		test_cmp expect actual
#	
make[2]: [Makefile:82: t2106-update-index-assume-unchanged.sh] Error 1 (ignored)
make[2]: [Makefile:82: t1501-work-tree.sh] Error 1 (ignored)
*** t2201-add-update-typechange.sh ***
not ok 33 - env: with worktree and files backend, . dir
not ok 242 - list --type=color shows only canonicalizable color values
./test-lib.sh: line 172: /home/haritha/code/bazel-7.2.0/git_255_iconv_translit_3waymerge/gitport/git/git: EDC5129I No such file or directory.
error: you do not seem to have built git yet.
not ok 92 - basic atom: refs/heads/main subject
#	
#		test_when_finished rm -rf repo &&
#		git init repo &&
#		(
#			cd repo &&
#			git commit --allow-empty --message initial &&
#	
#			echo garbage >blob-content &&
#			blob_id=$(git hash-object -w -t blob blob-content) &&
#	
#			# Write an invalid tag into the object database. The tag itself
#			# is well-formed, but the tagged object is a blob while we
#			# claim that it is a commit.
#			cat >tag-content <<-EOF &&
#			object $blob_id
#			type commit
#			tag bad-tag
#			tagger C O Mitter <committer@example.com> 1112354055 +0200
#	
#			annotated
#			EOF
#			tag_id=$(git hash-object -w -t tag tag-content) &&
#			git update-ref refs/tags/bad-tag "$tag_id" &&
#	
#			# The packed-refs file should not contain the peeled object ID.
#			# If it did this would cause commands that use the peeled value
#			# to not notice this corrupted tag.
#			git pack-refs --all &&
#			test_grep ! "^\^" .git/packed-refs
#		)
#	
make[2]: [Makefile:82: t2107-update-index-basic.sh] Error 1 (ignored)
not ok 64 - --path-format does not segfault without an argument
*** t2202-add-addremove.sh ***
#	
#				rm -f crlf_false_attr__$f.txt &&
#				git ${ceol:+-c core.eol=$ceol} checkout -- crlf_false_attr__$f.txt
#			
not ok 28 - tag pointing to nonexistent
#	
#			prolog &&
#			reset_work_tree_to no_submodule &&
#			(
#				cd submodule_update &&
#				mkdir sub1 &&
#				git branch -t add_sub1 origin/add_sub1 &&
#				$command add_sub1 &&
#				test_superproject_content origin/add_sub1 &&
#				test_dir_is_empty sub1 &&
#				git submodule update --init --recursive &&
#				test_submodule_content sub1 origin/add_sub1
#			)
#		
#	
#		printf $F "update $c" "$m" "$m~1" >stdin &&
#		test_must_fail git update-ref -z --stdin <stdin 2>err &&
#		grep "fatal: cannot lock ref '$c'" err &&
#		test_must_fail git rev-parse --verify -q $c
#	
./test-lib.sh: line 172: /home/haritha/code/bazel-7.2.0/git_255_iconv_translit_3waymerge/gitport/git/git: EDC5129I No such file or directory.
error: you do not seem to have built git yet.
*** t2203-add-intent.sh ***
not ok 149 - stdin -z update ref fails with bad old value
#	
#		init_repos &&
#	
#		run_on_all git rm -r --sparse folder1 &&
#		test_all_match git status --porcelain=v2 &&
#	
#		test_all_match git reset --hard &&
#		test_all_match git status --porcelain=v2 &&
#	
#		cat >expect <<-\EOF &&
#		folder1/
#		EOF
#	
#		git -C sparse-index ls-files --sparse folder1 >out &&
#		test_cmp expect out
#	
#	
#		cat >expect <<-EOF &&
#		section.number=<>
#		section.red=<RED>
#		section.blue=<BLUE>
#		EOF
#	
#		git config ${mode_prefix}list --type=color >actual.raw 2>err &&
#		test_decode_color <actual.raw >actual &&
#		test_cmp expect actual &&
#		test_must_be_empty err
#	
./test-lib.sh: line 172: /home/haritha/code/bazel-7.2.0/git_255_iconv_translit_3waymerge/gitport/git/git: EDC5129I No such file or directory.
error: you do not seem to have built git yet.
#	
#				test_when_finished "rm -rf repo wt" &&
#				git init --ref-format=$from_format repo &&
#				(
#					cd repo &&
#					test_commit 1 &&
#					test_commit 2 &&
#					test_commit 3 &&
#	
#					git refs migrate --dry-run --ref-format=$to_format >out &&
#					BACKEND_PATH="$dir/$(sed "s/.* ${SQ}.git\/\(.*\)${SQ}/\1/" out)" &&
#	
#					run_with_uri . "$from_format" "$to_format://$BACKEND_PATH" \
#						"worktree add ../wt 2" "$method" &&
#	
#					run_with_uri . "$from_format" "$to_format://$BACKEND_PATH" \
#						"for-each-ref --include-root-refs" "$method" >actual &&
#					run_with_uri ../wt "$from_format" "$to_format://$BACKEND_PATH" \
#						"for-each-ref --include-root-refs" "$method" >expect &&
#					! test_cmp expect actual &&
#	
#					run_with_uri . "$from_format" "$to_format://$BACKEND_PATH" \
#						"rev-parse 2" "$method" >actual &&
#					run_with_uri ../wt "$from_format" "$to_format://$BACKEND_PATH" \
#						"rev-parse HEAD" "$method" >expect &&
#					test_cmp expect actual
#				)
#			
not ok 598 - setup CRLF checkout  with -c core.eol=lf
# failed 26 among 47 test(s)
1..47
make[2]: [Makefile:82: t2108-update-index-refresh-racy.sh] Error 1 (ignored)
make[2]: [Makefile:82: t2200-add-update.sh] Error 1 (ignored)
make[2]: [Makefile:82: t1463-refs-optimize.sh] Error 1 (ignored)
*** t2204-add-ignored.sh ***
not ok 243 - --type rejects unknown specifiers
#	
#			${git_for_each_ref} --format="%($format)" "$ref" >actual &&
#			sanitize_pgp <actual >actual.clean &&
#			test_cmp expected actual.clean
#		
not ok 43 - git_test_func: replace tracked file with submodule creates empty directory
#	
#		test_must_fail git rev-parse --path-format
#	
./test-lib.sh: line 172: /home/haritha/code/bazel-7.2.0/git_255_iconv_translit_3waymerge/gitport/git/git: EDC5129I No such file or directory.
error: you do not seem to have built git yet.
make[2]: [Makefile:82: t2201-add-update-typechange.sh] Error 1 (ignored)
*** t2205-add-worktree-config.sh ***
./test-lib.sh: line 172: /home/haritha/code/bazel-7.2.0/git_255_iconv_translit_3waymerge/gitport/git/git: EDC5129I No such file or directory.
error: you do not seem to have built git yet.
#	
#		badoid=$(test_oid deadbeef) &&
#		cat >invalid-tag <<-EOF &&
#		object $badoid
#		type commit
#		tag invalid
#		tagger T A Gger <tagger@example.com> 1234567890 -0000
#	
#		This is an invalid tag.
#		EOF
#	
#		tag=$(git hash-object -t tag -w --stdin <invalid-tag) &&
#		test_when_finished "remove_object $tag" &&
#		git update-ref refs/tags/invalid $tag &&
#		test_when_finished "git update-ref -d refs/tags/invalid" &&
#		test_must_fail git fsck --tags >out &&
#		test_grep "broken link" out
#	
not ok 65 - git-common-dir from worktree root
not ok 93 - basic atom: refs/heads/main subject:sanitize
#	
#		printf $F "update $c" "$m" "does-not-exist" >stdin &&
#		test_must_fail git update-ref -z --stdin <stdin 2>err &&
#		grep "fatal: update $c: invalid <old-oid>: does-not-exist" err &&
#		test_must_fail git rev-parse --verify -q $c
#	
make[2]: [Makefile:82: t2202-add-addremove.sh] Error 1 (ignored)
*** t2206-add-submodule-ignored.sh ***
./test-lib.sh: line 172: /home/haritha/code/bazel-7.2.0/git_255_iconv_translit_3waymerge/gitport/git/git: EDC5129I No such file or directory.
error: you do not seem to have built git yet.
not ok 30 - update-index modify outside sparse definition
ok 673 - reset *.adoc SYNOPSIS has dashed labels
#	
#		test_must_fail git config --type=nonsense section.foo 2>error &&
#		test_grep "unrecognized --type argument" error
#	
#	
#			prolog &&
#			reset_work_tree_to replace_sub1_with_file &&
#			(
#				cd submodule_update &&
#				git branch -t replace_file_with_sub1 origin/replace_file_with_sub1 &&
#				$command replace_file_with_sub1 &&
#				test_superproject_content origin/replace_file_with_sub1 &&
#				test_dir_is_empty sub1 &&
#				git submodule update --init --recursive &&
#				test_submodule_content sub1 origin/replace_file_with_sub1
#			)
#		
#	
#				rm -f crlf_false_attr__$f.txt &&
#				git ${ceol:+-c core.eol=$ceol} checkout -- crlf_false_attr__$f.txt
#			
#	
#		echo .git >expect &&
#		git rev-parse --git-common-dir >actual &&
#		test_cmp expect actual
#	
#	
#			${git_for_each_ref} --format="%($format)" "$ref" >actual &&
#			sanitize_pgp <actual >actual.clean &&
#			test_cmp expected actual.clean
#		
not ok 150 - stdin -z create ref fails when ref exists
./test-lib.sh: line 172: /home/haritha/code/bazel-7.2.0/git_255_iconv_translit_3waymerge/gitport/git/git: EDC5129I No such file or directory.
error: you do not seem to have built git yet.
not ok 34 - migrating repository to files with alternate refs directory
not ok 44 - git_test_func: replace directory with submodule
make[2]: [Makefile:82: t2204-add-ignored.sh] Error 1 (ignored)
make[2]: [Makefile:82: t2203-add-intent.sh] Error 1 (ignored)
*** t2300-cd-to-toplevel.sh ***
not ok 244 - --type=int requires at least one digit
./test-lib.sh: line 172: /home/haritha/code/bazel-7.2.0/git_255_iconv_translit_3waymerge/gitport/git/git: EDC5129I No such file or directory.
error: you do not seem to have built git yet.
not ok 29 - tag pointing to something else than its type
not ok 94 - basic atom: refs/heads/main contents:subject
make[2]: [Makefile:82: t2205-add-worktree-config.sh] Error 1 (ignored)
not ok 599 - setup LF_mix_CR checkout  with -c core.eol=lf
*** t2400-worktree-add.sh ***
#	
#		init_repos &&
#	
#		write_script edit-contents <<-\EOF &&
#		echo text >>$1
#		EOF
#	
#		# Create & modify folder1/a
#		# Note that this setup is a manual way of reaching the erroneous
#		# condition in which a `skip-worktree` enabled, outside-of-cone file
#		# exists on disk. It is used here to ensure `update-index` is stable
#		# and behaves predictably if such a condition occurs.
#		run_on_sparse mkdir -p folder1 &&
#		run_on_sparse cp ../initial-repo/folder1/a folder1/a &&
#		run_on_all ../edit-contents folder1/a &&
#	
#		# If file has skip-worktree enabled, but the file is present, it is
#		# treated the same as if skip-worktree is disabled
#		test_all_match git status --porcelain=v2 &&
#		test_all_match git update-index folder1/a &&
#		test_all_match git status --porcelain=v2 &&
#	
#		# When skip-worktree is disabled (even on files outside sparse cone), file
#		# is updated in the index
#		test_sparse_match git update-index --no-skip-worktree folder1/a &&
#		test_all_match git status --porcelain=v2 &&
#		test_all_match git update-index folder1/a &&
#		test_all_match git status --porcelain=v2
#	
./test-lib.sh: line 172: /home/haritha/code/bazel-7.2.0/git_255_iconv_translit_3waymerge/gitport/git/git: EDC5129I No such file or directory.
error: you do not seem to have built git yet.
#	
#		git update-ref $c $m &&
#		git rev-parse "$c" >expect &&
#		printf $F "create $c" "$m~1" >stdin &&
#		test_must_fail git update-ref -z --stdin <stdin 2>err &&
#		grep "fatal: cannot lock ref '$c'" err &&
#		git rev-parse "$c" >actual &&
#		test_cmp expect actual
#	
#	
#			test_when_finished "rm -rf repo refdir" &&
#			mkdir refdir &&
#			GIT_REFERENCE_BACKEND="${from_format}://$(pwd)/refdir" git init repo &&
#			(
#				cd repo &&
#	
#				test_commit 1 &&
#				test_commit 2 &&
#				test_commit 3 &&
#	
#				git refs migrate --ref-format=$to_format &&
#				git refs list >out &&
#				test_grep "refs/tags/1"	out &&
#				test_grep "refs/tags/2"	out &&
#				test_grep "refs/tags/3"	out
#			)
#		
make[2]: [Makefile:82: t2206-add-submodule-ignored.sh] Error 1 (ignored)
*** t2401-worktree-prune.sh ***
not ok 151 - stdin -z create ref fails with bad new value
#	
#			prolog &&
#			reset_work_tree_to replace_sub1_with_directory &&
#			(
#				cd submodule_update &&
#				git branch -t replace_directory_with_sub1 origin/replace_directory_with_sub1 &&
#				$command replace_directory_with_sub1 &&
#				test_superproject_content origin/replace_directory_with_sub1 &&
#				test_dir_is_empty sub1 &&
#				git submodule update --init --recursive &&
#				test_submodule_content sub1 origin/replace_directory_with_sub1
#			)
#		
#	
#			${git_for_each_ref} --format="%($format)" "$ref" >actual &&
#			sanitize_pgp <actual >actual.clean &&
#			test_cmp expected actual.clean
#		
./test-lib.sh: line 172: /home/haritha/code/bazel-7.2.0/git_255_iconv_translit_3waymerge/gitport/git/git: EDC5129I No such file or directory.
error: you do not seem to have built git yet.
#	
#		test_must_fail git config --type int --default m some.key >out 2>error &&
#		grep "bad numeric config value" error &&
#		test_must_be_empty out
#	
make[2]: [Makefile:82: t2300-cd-to-toplevel.sh] Error 1 (ignored)
#	
#		sha=$(echo blob | git hash-object -w --stdin) &&
#		test_when_finished "remove_object $sha" &&
#		cat >wrong-tag <<-EOF &&
#		object $sha
#		type commit
#		tag wrong
#		tagger T A Gger <tagger@example.com> 1234567890 -0000
#	
#		This is an invalid tag.
#		EOF
#	
#		tag=$(git hash-object -t tag -w --stdin <wrong-tag) &&
#		test_when_finished "remove_object $tag" &&
#		git update-ref refs/tags/wrong $tag &&
#		test_when_finished "git update-ref -d refs/tags/wrong" &&
#		test_must_fail git fsck --tags
#	
*** t2402-worktree-list.sh ***
#	
#				rm -f crlf_false_attr__$f.txt &&
#				git ${ceol:+-c core.eol=$ceol} checkout -- crlf_false_attr__$f.txt
#			
*** t2403-worktree-move.sh ***
not ok 95 - basic atom: refs/heads/main body
not ok 30 - tag with incorrect tag name & missing tagger
not ok 66 - git-common-dir inside sub-dir
#	
#		git update-ref -d "$c" &&
#		printf $F "create $c" "does-not-exist" >stdin &&
#		test_must_fail git update-ref -z --stdin <stdin 2>err &&
#		grep "fatal: create $c: invalid <new-oid>: does-not-exist" err &&
#		test_must_fail git rev-parse --verify -q $c
#	
*** t2404-worktree-config.sh ***
./test-lib.sh: line 172: /home/haritha/code/bazel-7.2.0/git_255_iconv_translit_3waymerge/gitport/git/git: EDC5129I No such file or directory.
error: you do not seem to have built git yet.
not ok 45 - git_test_func: removed submodule leaves submodule directory and its contents in place
make[2]: [Makefile:82: t2400-worktree-add.sh] Error 1 (ignored)
not ok 31 - update-index --add outside sparse definition
not ok 152 - stdin -z create ref fails with empty new value
*** t2405-worktree-submodule.sh ***
not ok 674 - reset -h output and SYNOPSIS agree # TODO known breakage
#	
#			${git_for_each_ref} --format="%($format)" "$ref" >actual &&
#			sanitize_pgp <actual >actual.clean &&
#			test_cmp expected actual.clean
#		
#	
#		mkdir -p path/to/child &&
#		test_when_finished "rm -rf path" &&
#		echo "$(git -C path/to/child rev-parse --show-cdup).git" >expect &&
#		git -C path/to/child rev-parse --git-common-dir >actual &&
#		test_cmp expect actual
#	
./test-lib.sh: line 172: /home/haritha/code/bazel-7.2.0/git_255_iconv_translit_3waymerge/gitport/git/git: EDC5129I No such file or directory.
error: you do not seem to have built git yet.
not ok 96 - basic atom: refs/heads/main contents:body
#	
#		sha=$(git rev-parse HEAD) &&
#		cat >wrong-tag <<-EOF &&
#		object $sha
#		type commit
#		tag wrong name format
#	
#		This is an invalid tag.
#		EOF
#	
#		tag=$(git hash-object --literally -t tag -w --stdin <wrong-tag) &&
#		test_when_finished "remove_object $tag" &&
#		git update-ref refs/tags/wrong $tag &&
#		test_when_finished "git update-ref -d refs/tags/wrong" &&
#		git fsck --tags 2>out &&
#	
#		cat >expect <<-EOF &&
#		warning in tag $tag: badTagName: invalid 'tag' name: wrong name format
#		warning in tag $tag: missingTaggerEntry: invalid format - expected 'tagger' line
#		EOF
#		test_cmp expect out
#	
not ok 600 - setup CRLF_mix_LF checkout  with -c core.eol=lf
not ok 67 - git-path from worktree root
not ok 245 - --replace-all does not invent newlines
make[2]: [Makefile:82: t2401-worktree-prune.sh] Error 1 (ignored)
*** t2406-worktree-repair.sh ***
not ok 35 - initializing repository with alt ref directory
./test-lib.sh: line 172: /home/haritha/code/bazel-7.2.0/git_255_iconv_translit_3waymerge/gitport/git/git: EDC5129I No such file or directory.
error: you do not seem to have built git yet.
./test-lib.sh: line 172: /home/haritha/code/bazel-7.2.0/git_255_iconv_translit_3waymerge/gitport/git/git: EDC5129I No such file or directory.
error: you do not seem to have built git yet.
make[2]: [Makefile:82: t2403-worktree-move.sh] Error 1 (ignored)
make[2]: [Makefile:82: t2402-worktree-list.sh] Error 1 (ignored)
#	
#			${git_for_each_ref} --format="%($format)" "$ref" >actual &&
#			sanitize_pgp <actual >actual.clean &&
#			test_cmp expected actual.clean
#		
#	
#		init_repos &&
#	
#		write_script edit-contents <<-\EOF &&
#		echo text >>$1
#		EOF
#	
#		# Create folder1, add new file
#		run_on_sparse mkdir -p folder1 &&
#		run_on_all ../edit-contents folder1/b &&
#	
#		# The *untracked* out-of-cone file is added to the index because it does
#		# not have a `skip-worktree` bit to signal that it should be ignored
#		# (unlike in `git add`, which will fail due to the file being outside
#		# the sparse checkout definition).
#		test_all_match git update-index --add folder1/b &&
#		test_all_match git status --porcelain=v2
#	
*** t2407-worktree-heads.sh ***
./test-lib.sh: line 172: /home/haritha/code/bazel-7.2.0/git_255_iconv_translit_3waymerge/gitport/git/git: EDC5129I No such file or directory.
error: you do not seem to have built git yet.
#	
#			prolog &&
#			reset_work_tree_to add_sub1 &&
#			(
#				cd submodule_update &&
#				git branch -t remove_sub1 origin/remove_sub1 &&
#				$command remove_sub1 &&
#				test_superproject_content origin/remove_sub1 &&
#				test_submodule_content sub1 origin/add_sub1
#			)
#		
not ok 31 - tag with bad tagger
#	
#		echo .git/objects >expect &&
#		git rev-parse --git-path objects >actual &&
#		test_cmp expect actual
#	
#	
#		printf $F "create $c" "" >stdin &&
#		test_must_fail git update-ref -z --stdin <stdin 2>err &&
#		grep "fatal: create $c: missing <new-oid>" err &&
#		test_must_fail git rev-parse --verify -q $c
#	
make[2]: [Makefile:82: t2404-worktree-config.sh] Error 1 (ignored)
*** t2500-untracked-overwriting.sh ***
not ok 97 - basic atom: refs/heads/main contents:signature
#	
#				rm -f crlf_false_attr__$f.txt &&
#				git ${ceol:+-c core.eol=$ceol} checkout -- crlf_false_attr__$f.txt
#			
#	
#		q_to_tab >.git/config <<-\EOF &&
#		[abc]key
#		QkeepSection
#		[xyz]
#		Qkey = 1
#		[abc]
#		Qkey = a
#		EOF
#		q_to_tab >expect <<-\EOF &&
#		[abc]
#		QkeepSection
#		[xyz]
#		Qkey = 1
#		[abc]
#		Qkey = b
#		EOF
#		git config ${mode_replace_all} abc.key b &&
#		test_cmp expect .git/config
#	
*** t2501-cwd-empty.sh ***
./test-lib.sh: line 172: /home/haritha/code/bazel-7.2.0/git_255_iconv_translit_3waymerge/gitport/git/git: EDC5129I No such file or directory.
error: you do not seem to have built git yet.
#	
#		test_when_finished "rm -rf repo refdir" &&
#		mkdir refdir &&
#		BACKEND="$(test_detect_ref_format)://$(pwd)/refdir" &&
#		GIT_REFERENCE_BACKEND=$BACKEND git init repo &&
#		verify_files_exist repo/.git refdir &&
#		(
#			cd repo &&
#	
#			git config get extensions.refstorage >actual &&
#			echo $BACKEND >expect &&
#			test_cmp expect actual &&
#	
#			test_commit 1 &&
#			test_commit 2 &&
#			test_commit 3 &&
#			git refs list >out &&
#			test_grep "refs/tags/1"	out &&
#			test_grep "refs/tags/2"	out &&
#			test_grep "refs/tags/3"	out
#		)
#	
not ok 675 - restore -h output has no \t
./test-lib.sh: line 172: /home/haritha/code/bazel-7.2.0/git_255_iconv_translit_3waymerge/gitport/git/git: EDC5129I No such file or directory.
error: you do not seem to have built git yet.
#	
#		sha=$(git rev-parse HEAD) &&
#		cat >wrong-tag <<-EOF &&
#		object $sha
#		type commit
#		tag not-quite-wrong
#		tagger Bad Tagger Name
#	
#		This is an invalid tag.
#		EOF
#	
#		tag=$(git hash-object --literally -t tag -w --stdin <wrong-tag) &&
#		test_when_finished "remove_object $tag" &&
#		git update-ref refs/tags/wrong $tag &&
#		test_when_finished "git update-ref -d refs/tags/wrong" &&
#		test_must_fail git fsck --tags 2>out &&
#		test_grep "error in tag .*: invalid author/committer" out
#	
make[2]: [Makefile:82: t2406-worktree-repair.sh] Error 1 (ignored)
make[2]: [Makefile:82: t2405-worktree-submodule.sh] Error 1 (ignored)
not ok 46 - git_test_func: removed submodule leaves submodule containing a .git directory alone
*** t3000-ls-files-others.sh ***
not ok 153 - stdin -z create ref fails with non commit object
#	
#			${git_for_each_ref} --format="%($format)" "$ref" >actual &&
#			sanitize_pgp <actual >actual.clean &&
#			test_cmp expected actual.clean
#		
not ok 601 - setup LF_nul checkout  with -c core.eol=lf
not ok 32 - tag with NUL in header
not ok 246 - set all config with value-pattern
not ok 98 - basic atom: refs/heads/main contents
#	
#			h2s="$(help_to_synopsis "$builtin")" &&
#			! grep "$HT" "$h2s"
#		
*** t3001-ls-files-others-exclude.sh ***
not ok 32 - update-index --remove outside sparse definition
./test-lib.sh: line 172: /home/haritha/code/bazel-7.2.0/git_255_iconv_translit_3waymerge/gitport/git/git: EDC5129I No such file or directory.
error: you do not seem to have built git yet.
not ok 68 - git-path inside sub-dir
./test-lib.sh: line 172: /home/haritha/code/bazel-7.2.0/git_255_iconv_translit_3waymerge/gitport/git/git: EDC5129I No such file or directory.
make[2]: [Makefile:82: t2500-untracked-overwriting.sh] Error 1 (ignored)
error: you do not seem to have built git yet.
*** t3002-ls-files-dashpath.sh ***
./test-lib.sh: line 172: /home/haritha/code/bazel-7.2.0/git_255_iconv_translit_3waymerge/gitport/git/git: EDC5129I No such file or directory.
error: you do not seem to have built git yet.
#	
#				rm -f crlf_false_attr__$f.txt &&
#				git ${ceol:+-c core.eol=$ceol} checkout -- crlf_false_attr__$f.txt
#			
#	
#		printf $F "create $c" "$(test_oid 001)" >stdin &&
#		test_must_fail git update-ref -z --stdin <stdin 2>err &&
#		grep "fatal: trying to write ref ${SQ}$c${SQ} with nonexistent object" err &&
#		test_must_fail git rev-parse --verify -q $c
#	
#	
#		sha=$(git rev-parse HEAD) &&
#		q_to_nul >tag-NUL-header <<-EOF &&
#		object $sha
#		type commit
#		tag contains-Q-in-header
#		tagger T A Gger <tagger@example.com> 1234567890 -0000
#	
#		This is an invalid tag.
#		EOF
#	
#		tag=$(git hash-object --literally -t tag -w --stdin <tag-NUL-header) &&
#		test_when_finished "remove_object $tag" &&
#		git update-ref refs/tags/wrong $tag &&
#		test_when_finished "git update-ref -d refs/tags/wrong" &&
#		test_must_fail git fsck --tags 2>out &&
#		test_grep "error in tag $tag.*unterminated header: NUL at offset" out
#	
not ok 36 - cloning repository with alt ref directory
#	
#			prolog &&
#			reset_work_tree_to add_sub1 &&
#			(
#				cd submodule_update &&
#				git branch -t remove_sub1 origin/remove_sub1 &&
#				replace_gitfile_with_git_dir sub1 &&
#				$command remove_sub1 &&
#				test_superproject_content origin/remove_sub1 &&
#				test_git_directory_is_unchanged sub1 &&
#				test_submodule_content sub1 origin/add_sub1
#			)
#		
#	
#			${git_for_each_ref} --format="%($format)" "$ref" >actual &&
#			sanitize_pgp <actual >actual.clean &&
#			test_cmp expected actual.clean
#		
./test-lib.sh: line 172: /home/haritha/code/bazel-7.2.0/git_255_iconv_translit_3waymerge/gitport/git/git: EDC5129I No such file or directory.
error: you do not seem to have built git yet.
make[2]: [Makefile:82: t2407-worktree-heads.sh] Error 1 (ignored)
make[2]: [Makefile:82: t3000-ls-files-others.sh] Error 1 (ignored)
make[2]: [Makefile:82: t2501-cwd-empty.sh] Error 1 (ignored)
#	
#		test_when_finished rm -f config initial &&
#		git config --file=initial abc.key one &&
#	
#		# no match => add new entry
#		cp initial config &&
#		git config --file=config abc.key two a+ &&
#		git config ${mode_prefix}list --file=config >actual &&
#		cat >expect <<-\EOF &&
#		abc.key=one
#		abc.key=two
#		EOF
#		test_cmp expect actual &&
#	
#		# multiple matches => failure
#		test_must_fail git config --file=config abc.key three o+ 2>err &&
#		test_grep "has multiple values" err &&
#	
#		# multiple values, no match => add
#		git config --file=config abc.key three a+ &&
#		git config ${mode_prefix}list --file=config >actual &&
#		cat >expect <<-\EOF &&
#		abc.key=one
#		abc.key=two
#		abc.key=three
#		EOF
#		test_cmp expect actual &&
#	
#		# single match => replace
#		git config --file=config abc.key four h+ &&
#		git config ${mode_prefix}list --file=config >actual &&
#		cat >expect <<-\EOF &&
#		abc.key=one
#		abc.key=two
#		abc.key=four
#		EOF
#		test_cmp expect actual
#	
#	
#		mkdir -p path/to/child &&
#		test_when_finished "rm -rf path" &&
#		echo "$(git -C path/to/child rev-parse --show-cdup).git/objects" >expect &&
#		git -C path/to/child rev-parse --git-path objects >actual &&
#		test_cmp expect actual
#	
*** t3003-ls-files-exclude.sh ***
#	
#		init_repos &&
#	
#		# When --ignore-skip-worktree-entries is _not_ specified:
#		# out-of-cone, not-on-disk files are removed from the index
#		test_sparse_match git update-index --remove folder1/a &&
#		cat >expect <<-EOF &&
#		D	folder1/a
#		EOF
#		test_sparse_match git diff --cached --name-status &&
#		test_cmp expect sparse-checkout-out &&
#	
#		test_sparse_match git diff-index --cached HEAD &&
#	
#		# Reset the state
#		test_all_match git reset --hard &&
#	
#		# When --ignore-skip-worktree-entries is specified, out-of-cone
#		# (skip-worktree) files are ignored
#		test_sparse_match git update-index --remove --ignore-skip-worktree-entries folder1/a &&
#		test_sparse_match git diff --cached --name-status &&
#		test_must_be_empty sparse-checkout-out &&
#	
#		test_sparse_match git diff-index --cached HEAD &&
#	
#		# Reset the state
#		test_all_match git reset --hard &&
#	
#		# --force-remove supersedes --ignore-skip-worktree-entries, removing
#		# a skip-worktree file from the index (and disk) when both are specified
#		# with --remove
#		test_sparse_match git update-index --force-remove --ignore-skip-worktree-entries folder1/a &&
#		cat >expect <<-EOF &&
#		D	folder1/a
#		EOF
#		test_sparse_match git diff --cached --name-status &&
#		test_cmp expect sparse-checkout-out &&
#	
#		test_sparse_match git diff-index --cached HEAD
#	
ok 676 - restore -h output has dashed labels
not ok 154 - stdin -z update ref fails with non commit object
*** t3004-ls-files-basic.sh ***
not ok 69 - rev-parse --is-shallow-repository in shallow repo
#	
#		test_when_finished "rm -rf source repo refdir" &&
#		mkdir refdir &&
#	
#		git init source &&
#		test_commit -C source 1 &&
#		test_commit -C source 2 &&
#		test_commit -C source 3 &&
#	
#		BACKEND="$(test_detect_ref_format)://$(pwd)/refdir" &&
#		GIT_REFERENCE_BACKEND=$BACKEND git clone source repo &&
#	
#		git -C repo config get extensions.refstorage >actual &&
#		echo $BACKEND >expect &&
#		test_cmp expect actual &&
#	
#		verify_files_exist repo/.git refdir &&
#	
#		git -C source for-each-ref refs/tags/ >expect &&
#		git -C repo for-each-ref refs/tags/ >actual &&
#		test_cmp expect actual
#	
./test-lib.sh: line 172: /home/haritha/code/bazel-7.2.0/git_255_iconv_translit_3waymerge/gitport/git/git: EDC5129I No such file or directory.
error: you do not seem to have built git yet.
*** t3005-ls-files-relative.sh ***
not ok 247 - --replace-all and value-pattern
./test-lib.sh: line 172: /home/haritha/code/bazel-7.2.0/git_255_iconv_translit_3waymerge/gitport/git/git: EDC5129I No such file or directory.
make[2]: [Makefile:82: t3001-ls-files-others-exclude.sh] Error 1 (ignored)
error: you do not seem to have built git yet.
*** t3006-ls-files-long.sh ***
not ok 47 - git_test_func: replace submodule with a directory must fail
not ok 33 - tag accepts gpgsig header even if not validly signed
#	
#		printf $F "update $b" "$(test_oid 001)" "" >stdin &&
#		test_must_fail git update-ref -z --stdin <stdin 2>err &&
#		grep "fatal: trying to write ref ${SQ}$b${SQ} with nonexistent object" err &&
#		test_must_fail git rev-parse --verify -q $c
#	
make[2]: [Makefile:82: t3002-ls-files-dashpath.sh] Error 1 (ignored)
not ok 677 - restore -h output has consistent spacing
*** t3007-ls-files-recurse-submodules.sh ***
#	
#		test_commit test_commit &&
#		echo true >expect &&
#		git clone --depth 1 --no-local . shallow &&
#		test_when_finished "rm -rf shallow" &&
#		git -C shallow rev-parse --is-shallow-repository >actual &&
#		test_cmp expect actual
#	
# failed 29 among 36 test(s)
1..36
./test-lib.sh: line 172: /home/haritha/code/bazel-7.2.0/git_255_iconv_translit_3waymerge/gitport/git/git: EDC5129I No such file or directory.
error: you do not seem to have built git yet.
not ok 155 - stdin -z update ref works with right old value
make[2]: [Makefile:82: t3003-ls-files-exclude.sh] Error 1 (ignored)
make[2]: [Makefile:82: t1423-ref-backend.sh] Error 1 (ignored)
not ok 99 - basic atom: refs/heads/main contents:size
*** t3008-ls-files-lazy-init-name-hash.sh ***
./test-lib.sh: line 172: /home/haritha/code/bazel-7.2.0/git_255_iconv_translit_3waymerge/gitport/git/git: EDC5129I No such file or directory.
error: you do not seem to have built git yet.
not ok 33 - update-index with directories
not ok 70 - rev-parse --is-shallow-repository in non-shallow repo
#	
#		test_when_finished rm -f config &&
#		git config --file=config --add abc.key one &&
#		git config --file=config --add abc.key two &&
#		git config --file=config --add abc.key three &&
#		git config --file=config --replace-all abc.key four "o+" &&
#		git config ${mode_prefix}list --file=config >actual &&
#		cat >expect <<-\EOF &&
#		abc.key=four
#		abc.key=three
#		EOF
#		test_cmp expect actual
#	
#	
#			prolog &&
#			reset_work_tree_to add_sub1 &&
#			(
#				cd submodule_update &&
#				git branch -t replace_sub1_with_directory origin/replace_sub1_with_directory &&
#				$command replace_sub1_with_directory test_must_fail &&
#				test_superproject_content origin/add_sub1 &&
#				test_submodule_content sub1 origin/add_sub1
#			)
#		
make[2]: [Makefile:82: t3004-ls-files-basic.sh] Error 1 (ignored)
#	
#			h2s="$(help_to_synopsis "$builtin")" &&
#			sed -n \
#				-e "/^ / {
#					s/[^ ].*//;
#					p;
#				}" \
#				<"$h2s" >help &&
#			sort -u help >help.ws &&
#			if test -s help.ws
#			then
#				test_line_count = 1 help.ws
#			fi
#		
./test-lib.sh: line 172: /home/haritha/code/bazel-7.2.0/git_255_iconv_translit_3waymerge/gitport/git/git: EDC5129I No such file or directory.
error: you do not seem to have built git yet.
*** t3009-ls-files-others-nonsubmodule.sh ***
#	
#		test_oid_cache <<-\EOF &&
#		header sha1:gpgsig-sha256
#		header sha256:gpgsig
#		EOF
#		header=$(test_oid header) &&
#		sha=$(git rev-parse HEAD) &&
#		cat >good-tag <<-EOF &&
#		object $sha
#		type commit
#		tag good
#		tagger T A Gger <tagger@example.com> 1234567890 -0000
#		$header -----BEGIN PGP SIGNATURE-----
#		 Not a valid signature
#		 -----END PGP SIGNATURE-----
#	
#		This is a good tag.
#		EOF
#	
#		tag=$(git hash-object --literally -t tag -w --stdin <good-tag) &&
#		test_when_finished "remove_object $tag" &&
#		git update-ref refs/tags/good $tag &&
#		test_when_finished "git update-ref -d refs/tags/good" &&
#		git -c fsck.extraHeaderEntry=error fsck --tags
#	
./test-lib.sh: line 172: /home/haritha/code/bazel-7.2.0/git_255_iconv_translit_3waymerge/gitport/git/git: EDC5129I No such file or directory.
error: you do not seem to have built git yet.
#	
#		printf $F "update $b" "$m~1" "$m" >stdin &&
#		git update-ref -z --stdin <stdin &&
#		git rev-parse $m~1 >expect &&
#		git rev-parse $b >actual &&
#		test_cmp expect actual
#	
make[2]: [Makefile:82: t3006-ls-files-long.sh] Error 1 (ignored)
make[2]: [Makefile:82: t3005-ls-files-relative.sh] Error 1 (ignored)
*** t3010-ls-files-killed-modified.sh ***
not ok 156 - stdin -z delete ref fails with wrong old value
#	
#				type=$(git cat-file -t "$ref") &&
#				case $type in
#				tag)
#					# We cannot use $3 as it expects sanitize_pgp to run
#					git cat-file tag $ref >out &&
#					expect=$(tail -n +6 out | wc -c) &&
#					rm -f out ;;
#				tree | blob)
#					expect="" ;;
#				commit)
#					: "use the calculated expect" ;;
#				*)
#					BUG "unknown object type" ;;
#				esac &&
#				# Leave $expect unquoted to lose possible leading whitespaces
#				echo $expect >expected &&
#				${git_for_each_ref} --format="%(contents:size)" "$ref" >actual &&
#				test_cmp expected actual
#			
./test-lib.sh: line 172: /home/haritha/code/bazel-7.2.0/git_255_iconv_translit_3waymerge/gitport/git/git: EDC5129I No such file or directory.
error: you do not seem to have built git yet.
not ok 248 - refuse --fixed-value for incompatible actions
*** t3011-common-prefixes-and-directory-traversal.sh ***
not ok 48 - git_test_func: replace submodule containing a .git directory with a directory must fail
make[2]: [Makefile:82: t3007-ls-files-recurse-submodules.sh] Error 1 (ignored)
#	
#		init_repos &&
#	
#		# update-index will exit silently when provided with a directory name
#		# containing a trailing slash
#		test_all_match git update-index deep/ folder1/ &&
#		grep "Ignoring path deep/" sparse-checkout-err &&
#		grep "Ignoring path folder1/" sparse-checkout-err &&
#	
#		# When update-index is given a directory name WITHOUT a trailing slash, it will
#		# behave in different ways depending on the status of the directory on disk:
#		# * if it exists, the command exits with an error ("add individual files instead")
#		# * if it does NOT exist (e.g., in a sparse-checkout), it is assumed to be a
#		#   file and either triggers an error ("does not exist  and --remove not passed")
#		#   or is ignored completely (when using --remove)
#		test_all_match test_must_fail git update-index deep &&
#		run_on_all test_must_fail git update-index folder1 &&
#		test_must_fail git -C full-checkout update-index --remove folder1 &&
#		test_sparse_match git update-index --remove folder1 &&
#		test_all_match git status --porcelain=v2
#	
*** t3012-ls-files-dedup.sh ***
#	
#		echo false >expect &&
#		git rev-parse --is-shallow-repository >actual &&
#		test_cmp expect actual
#	
not ok 100 - basic atom: refs/heads/main HEAD
./test-lib.sh: line 172: /home/haritha/code/bazel-7.2.0/git_255_iconv_translit_3waymerge/gitport/git/git: EDC5129I No such file or directory.
error: you do not seem to have built git yet.
make[2]: [Makefile:82: t3008-ls-files-lazy-init-name-hash.sh] Error 1 (ignored)
#	
#		printf $F "delete $a" "$m~1" >stdin &&
#		test_must_fail git update-ref -z --stdin <stdin 2>err &&
#		grep "fatal: cannot lock ref '$a'" err &&
#		git rev-parse $m >expect &&
#		git rev-parse $a >actual &&
#		test_cmp expect actual
#	
#	
#		test_when_finished rm -f config &&
#		git config --file=config dev.null bogus &&
#	
#		# These modes do not allow --fixed-value at all
#		test_must_fail git config --file=config --fixed-value --add dev.null bogus &&
#		test_must_fail git config --file=config --fixed-value --get-urlmatch dev.null bogus &&
#		test_must_fail git config --file=config --fixed-value --get-urlmatch dev.null bogus &&
#		test_must_fail git config ${mode_prefix}rename-section --file=config --fixed-value dev null &&
#		test_must_fail git config ${mode_prefix}remove-section --file=config --fixed-value dev &&
#		test_must_fail git config ${mode_prefix}list --file=config --fixed-value &&
#		test_must_fail git config --file=config --fixed-value --get-color dev.null &&
#		test_must_fail git config --file=config --fixed-value --get-colorbool dev.null &&
#	
#		# These modes complain when --fixed-value has no value-pattern
#		test_must_fail git config ${mode_set} --file=config --fixed-value dev.null bogus &&
#		test_must_fail git config ${mode_replace_all} --file=config --fixed-value dev.null bogus &&
#		test_must_fail git config ${mode_prefix}get --file=config --fixed-value dev.null &&
#		test_must_fail git config ${mode_get_all} --file=config --fixed-value dev.null &&
#		test_must_fail git config ${mode_get_regexp} --file=config --fixed-value "dev.*" &&
#		test_must_fail git config ${mode_unset} --file=config --fixed-value dev.null &&
#		test_must_fail git config ${mode_unset_all} --file=config --fixed-value dev.null
#	
*** t3013-ls-files-format.sh ***
#	
#			prolog &&
#			reset_work_tree_to add_sub1 &&
#			(
#				cd submodule_update &&
#				git branch -t replace_sub1_with_directory origin/replace_sub1_with_directory &&
#				replace_gitfile_with_git_dir sub1 &&
#				$command replace_sub1_with_directory test_must_fail &&
#				test_superproject_content origin/add_sub1 &&
#				test_git_directory_is_unchanged sub1 &&
#				test_submodule_content sub1 origin/add_sub1
#			)
#		
not ok 71 - rev-parse --show-object-format in repo
./test-lib.sh: line 172: /home/haritha/code/bazel-7.2.0/git_255_iconv_translit_3waymerge/gitport/git/git: EDC5129I No such file or directory.
error: you do not seem to have built git yet.
not ok 34 - tag rejects invalid headers
make[2]: [Makefile:82: t3009-ls-files-others-nonsubmodule.sh] Error 1 (ignored)
./test-lib.sh: line 172: /home/haritha/code/bazel-7.2.0/git_255_iconv_translit_3waymerge/gitport/git/git: EDC5129I No such file or directory.
error: you do not seem to have built git yet.
*** t3020-ls-files-error-unmatch.sh ***
#	
#			${git_for_each_ref} --format="%($format)" "$ref" >actual &&
#			sanitize_pgp <actual >actual.clean &&
#			test_cmp expected actual.clean
#		
make[2]: [Makefile:82: t3010-ls-files-killed-modified.sh] Error 1 (ignored)
not ok 157 - stdin -z delete ref fails with zero old value
./test-lib.sh: line 172: /home/haritha/code/bazel-7.2.0/git_255_iconv_translit_3waymerge/gitport/git/git: EDC5129I No such file or directory.
error: you do not seem to have built git yet.
*** t3040-subprojects-basic.sh ***
#	
#		test_oid algo >expect &&
#		git rev-parse --show-object-format >actual &&
#		test_cmp expect actual &&
#		git rev-parse --show-object-format=storage >actual &&
#		test_cmp expect actual &&
#		git rev-parse --show-object-format=input >actual &&
#		test_cmp expect actual &&
#		git rev-parse --show-object-format=output >actual &&
#		test_cmp expect actual &&
#		test_must_fail git rev-parse --show-object-format=squeamish-ossifrage 2>err &&
#		grep "unknown mode for --show-object-format: squeamish-ossifrage" err
#	
not ok 101 - basic atom: refs/tags/testtag refname
ok 678 - restore appropriately marked as having .adoc
not ok 49 - git_test_func: replace submodule with a file must fail # TODO known breakage
make[2]: [Makefile:82: t3011-common-prefixes-and-directory-traversal.sh] Error 1 (ignored)
not ok 249 - --fixed-value uses exact string matching
*** t3050-subprojects-fetch.sh ***
./test-lib.sh: line 172: /home/haritha/code/bazel-7.2.0/git_255_iconv_translit_3waymerge/gitport/git/git: EDC5129I No such file or directory.
error: you do not seem to have built git yet.
make[2]: [Makefile:82: t3012-ls-files-dedup.sh] Error 1 (ignored)
#	
#		test_oid_cache <<-\EOF &&
#		header sha1:gpgsig-sha256
#		header sha256:gpgsig
#		EOF
#		header=$(test_oid header) &&
#		sha=$(git rev-parse HEAD) &&
#		cat >bad-tag <<-EOF &&
#		object $sha
#		type commit
#		tag good
#		tagger T A Gger <tagger@example.com> 1234567890 -0000
#		$header -----BEGIN PGP SIGNATURE-----
#		 Not a valid signature
#		 -----END PGP SIGNATURE-----
#		junk
#	
#		This is a bad tag with junk at the end of the headers.
#		EOF
#	
#		tag=$(git hash-object --literally -t tag -w --stdin <bad-tag) &&
#		test_when_finished "remove_object $tag" &&
#		git update-ref refs/tags/bad $tag &&
#		test_when_finished "git update-ref -d refs/tags/bad" &&
#		test_must_fail git -c fsck.extraHeaderEntry=error fsck --tags 2>out &&
#		test_grep "error in tag $tag.*invalid format - extra header" out
#	
*** t3060-ls-files-with-tree.sh ***
not ok 34 - update-index --again file outside sparse definition
#	
#		printf $F "delete $a" "$Z" >stdin &&
#		test_must_fail git update-ref -z --stdin <stdin 2>err &&
#		grep "fatal: delete $a: zero <old-oid>" err &&
#		git rev-parse $m >expect &&
#		git rev-parse $a >actual &&
#		test_cmp expect actual
#	
not ok 35 - cleaned up
./test-lib.sh: line 172: /home/haritha/code/bazel-7.2.0/git_255_iconv_translit_3waymerge/gitport/git/git: EDC5129I No such file or directory.
error: you do not seem to have built git yet.
./test-lib.sh: line 172: /home/haritha/code/bazel-7.2.0/git_255_iconv_translit_3waymerge/gitport/git/git: EDC5129I No such file or directory.
error: you do not seem to have built git yet.
not ok 50 - git_test_func: replace submodule containing a .git directory with a file must fail # TODO known breakage
make[2]: [Makefile:82: t3040-subprojects-basic.sh] Error 1 (ignored)
make[2]: [Makefile:82: t3013-ls-files-format.sh] Error 1 (ignored)
#	
#		test_when_finished rm -f config initial &&
#		META="a+b*c?d[e]f.g" &&
#		git config --file=initial fixed.test "$META" &&
#	
#		cp initial config &&
#		git config --file=config fixed.test bogus "$META" &&
#		git config ${mode_prefix}list --file=config >actual &&
#		cat >expect <<-EOF &&
#		fixed.test=$META
#		fixed.test=bogus
#		EOF
#		test_cmp expect actual &&
#	
#		cp initial config &&
#		git config --file=config --fixed-value fixed.test bogus "$META" &&
#		git config ${mode_prefix}list --file=config >actual &&
#		cat >expect <<-\EOF &&
#		fixed.test=bogus
#		EOF
#		test_cmp expect actual &&
#	
#		cp initial config &&
#		test_must_fail git config --file=config --unset fixed.test "$META" &&
#		git config --file=config --fixed-value --unset fixed.test "$META" &&
#		test_must_fail git config ${mode_get} --file=config fixed.test &&
#	
#		cp initial config &&
#		test_must_fail git config unset --file=config --value="$META" fixed.test &&
#		git config unset --file=config --fixed-value --value="$META" fixed.test &&
#		test_must_fail git config ${mode_get} --file=config fixed.test &&
#	
#		cp initial config &&
#		test_must_fail git config --file=config --unset-all fixed.test "$META" &&
#		git config --file=config --fixed-value --unset-all fixed.test "$META" &&
#		test_must_fail git config ${mode_get} --file=config fixed.test &&
#	
#		cp initial config &&
#		git config --file=config fixed.test bogus "$META" &&
#		git config ${mode_prefix}list --file=config >actual &&
#		cat >expect <<-EOF &&
#		fixed.test=$META
#		fixed.test=bogus
#		EOF
#		test_cmp expect actual &&
#	
#		git config --file=config --fixed-value --replace-all fixed.test bogus "$META" &&
#		git config ${mode_prefix}list --file=config >actual &&
#		cat >expect <<-EOF &&
#		fixed.test=bogus
#		fixed.test=bogus
#		EOF
#		test_cmp expect actual
#	
*** t3070-wildmatch.sh ***
#	
#			${git_for_each_ref} --format="%($format)" "$ref" >actual &&
#			sanitize_pgp <actual >actual.clean &&
#			test_cmp expected actual.clean
#		
not ok 158 - stdin -z update symref works option no-deref
./test-lib.sh: line 172: /home/haritha/code/bazel-7.2.0/git_255_iconv_translit_3waymerge/gitport/git/git: EDC5129I No such file or directory.
error: you do not seem to have built git yet.
not ok 102 - basic atom: refs/tags/testtag refname:short
make[2]: [Makefile:82: t3020-ls-files-error-unmatch.sh] Error 1 (ignored)
*** t3100-ls-tree-restrict.sh ***
#	
#		init_repos &&
#	
#		test_all_match git checkout -b test-reupdate &&
#	
#		# Update HEAD without modifying the index to introduce a difference in
#		# folder1/a
#		test_sparse_match git reset --soft update-folder1 &&
#	
#		# Because folder1/a differs in the index vs HEAD,
#		# `git update-index --no-skip-worktree --again` will effectively perform
#		# `git update-index --no-skip-worktree folder1/a` and remove the skip-worktree
#		# flag from folder1/a
#		test_sparse_match git update-index --no-skip-worktree --again &&
#		test_sparse_match git status --porcelain=v2 &&
#	
#		cat >expect <<-EOF &&
#		D	folder1/a
#		EOF
#		test_sparse_match git diff --name-status &&
#		test_cmp expect sparse-checkout-out
#	
#	
#		git fsck >actual 2>&1 &&
#		test_must_be_empty actual
#	
not ok 602 - ls-files --eol attr=-text  aeol=lf core.autocrlf=input core.eol=lf
not ok 51 - git_test_func: modified submodule does not update submodule work tree
not ok 250 - --get and --get-all with --fixed-value
*** t3101-ls-tree-dirname.sh ***
#	
#		git symbolic-ref TESTSYMREF $b &&
#		printf $F "option no-deref" "update TESTSYMREF" "$a" "$b" >stdin &&
#		git update-ref -z --stdin <stdin &&
#		git rev-parse TESTSYMREF >expect &&
#		git rev-parse $a >actual &&
#		test_cmp expect actual &&
#		git rev-parse $m~1 >expect &&
#		git rev-parse $b >actual &&
#		test_cmp expect actual
#	
./test-lib.sh: line 172: /home/haritha/code/bazel-7.2.0/git_255_iconv_translit_3waymerge/gitport/git/git: EDC5129I No such file or directory.
error: you do not seem to have built git yet.
not ok 36 - rev-list --verify-objects
./test-lib.sh: line 172: /home/haritha/code/bazel-7.2.0/git_255_iconv_translit_3waymerge/gitport/git/git: EDC5129I No such file or directory.
error: you do not seem to have built git yet.
make[2]: [Makefile:82: t3060-ls-files-with-tree.sh] Error 1 (ignored)
make[2]: [Makefile:82: t3050-subprojects-fetch.sh] Error 1 (ignored)
#	
#			${git_for_each_ref} --format="%($format)" "$ref" >actual &&
#			sanitize_pgp <actual >actual.clean &&
#			test_cmp expected actual.clean
#		
*** t3102-ls-tree-wildcards.sh ***
ok 679 - restore *.adoc SYNOPSIS has dashed labels
./test-lib.sh: line 172: /home/haritha/code/bazel-7.2.0/git_255_iconv_translit_3waymerge/gitport/git/git: EDC5129I No such file or directory.
error: you do not seem to have built git yet.
not ok 159 - stdin -z delete symref works option no-deref
#	
#			test_when_finished "rm expect actual" &&
#			sort <<-EOF >expect &&
#			i/crlf w/$(stats_ascii $crlfname) attr/$(attr_ascii $attr $aeol) crlf_false_attr__CRLF.txt
#			i/mixed w/$(stats_ascii $lfmixcrlf) attr/$(attr_ascii $attr $aeol) crlf_false_attr__CRLF_mix_LF.txt
#			i/lf w/$(stats_ascii $lfname) attr/$(attr_ascii $attr $aeol) crlf_false_attr__LF.txt
#			i/-text w/$(stats_ascii $lfmixcr) attr/$(attr_ascii $attr $aeol) crlf_false_attr__LF_mix_CR.txt
#			i/-text w/$(stats_ascii $crlfnul) attr/$(attr_ascii $attr $aeol) crlf_false_attr__CRLF_nul.txt
#			i/-text w/$(stats_ascii $crlfnul) attr/$(attr_ascii $attr $aeol) crlf_false_attr__LF_nul.txt
#			EOF
#			git ls-files --eol crlf_false_attr__* >tmp &&
#			sed -e "s/	/ /g" -e "s/  */ /g" tmp |
#			sort >actual &&
#			test_cmp expect actual
#		
make[2]: [Makefile:82: t3070-wildmatch.sh] Error 1 (ignored)
#	
#			prolog &&
#			reset_work_tree_to add_sub1 &&
#			(
#				cd submodule_update &&
#				git branch -t modify_sub1 origin/modify_sub1 &&
#				$command modify_sub1 &&
#				test_superproject_content origin/modify_sub1 &&
#				test_submodule_content sub1 origin/add_sub1 &&
#				git submodule update &&
#				test_submodule_content sub1 origin/modify_sub1
#			)
#		
#	
#		test_when_finished rm -f config &&
#		META="a+b*c?d[e]f.g" &&
#		git config --file=config fixed.test bogus &&
#		git config --file=config --add fixed.test "$META" &&
#	
#		git config --file=config --get fixed.test bogus &&
#		git config get --file=config --value=bogus fixed.test &&
#		test_must_fail git config --file=config --get fixed.test "$META" &&
#		test_must_fail git config get --file=config --value="$META" fixed.test &&
#		git config --file=config --get --fixed-value fixed.test "$META" &&
#		git config get --file=config --fixed-value --value="$META" fixed.test &&
#		test_must_fail git config --file=config --get --fixed-value fixed.test non-existent &&
#	
#		git config --file=config --get-all fixed.test bogus &&
#		git config get --all --file=config --value=bogus fixed.test &&
#		test_must_fail git config --file=config --get-all fixed.test "$META" &&
#		test_must_fail git config get --all --file=config --value="$META" fixed.test &&
#		git config --file=config --get-all --fixed-value fixed.test "$META" &&
#		git config get --all --file=config --value="$META" --fixed-value fixed.test &&
#		test_must_fail git config --file=config --get-all --fixed-value fixed.test non-existent &&
#	
#		git config --file=config --get-regexp fixed+ bogus &&
#		git config get --regexp --file=config --value=bogus fixed+ &&
#		test_must_fail git config --file=config --get-regexp fixed+ "$META" &&
#		test_must_fail git config get --regexp --file=config --value="$META" fixed+ &&
#		git config --file=config --get-regexp --fixed-value fixed+ "$META" &&
#		git config get --regexp --file=config --fixed-value --value="$META" fixed+ &&
#		test_must_fail git config --file=config --get-regexp --fixed-value fixed+ non-existent
#	
*** t3103-ls-tree-misc.sh ***
ok 72 # skip rev-parse --show-object-format in repo with compat mode (missing RUST)
not ok 103 - basic atom: refs/tags/testtag upstream
not ok 35 - update-index --cacheinfo
not ok 73 - rev-parse --show-ref-format
*** t3104-ls-tree-format.sh ***
#	
#		git rev-list --verify-objects --all >/dev/null 2>out &&
#		test_must_be_empty out
#	
./test-lib.sh: line 172: /home/haritha/code/bazel-7.2.0/git_255_iconv_translit_3waymerge/gitport/git/git: EDC5129I No such file or directory.
error: you do not seem to have built git yet.
./test-lib.sh: line 172: /home/haritha/code/bazel-7.2.0/git_255_iconv_translit_3waymerge/gitport/git/git: EDC5129I No such file or directory.
error: you do not seem to have built git yet.
#	
#		git symbolic-ref TESTSYMREF $b &&
#		printf $F "option no-deref" "delete TESTSYMREF" "$b" >stdin &&
#		git update-ref -z --stdin <stdin &&
#		test_must_fail git rev-parse --verify -q TESTSYMREF &&
#		git rev-parse $m~1 >expect &&
#		git rev-parse $b >actual &&
#		test_cmp expect actual
#	
make[2]: [Makefile:82: t3101-ls-tree-dirname.sh] Error 1 (ignored)
make[2]: [Makefile:82: t3100-ls-tree-restrict.sh] Error 1 (ignored)
not ok 52 - git_test_func: modified submodule does not update submodule work tree to invalid commit
*** t3105-ls-tree-output.sh ***
#	
#			${git_for_each_ref} --format="%($format)" "$ref" >actual &&
#			sanitize_pgp <actual >actual.clean &&
#			test_cmp expected actual.clean
#		
not ok 160 - stdin -z delete ref works with right old value
./test-lib.sh: line 172: /home/haritha/code/bazel-7.2.0/git_255_iconv_translit_3waymerge/gitport/git/git: EDC5129I No such file or directory.
error: you do not seem to have built git yet.
#	
#		init_repos &&
#	
#		deep_a_oid=$(git -C full-checkout rev-parse update-deep:deep/a) &&
#		folder2_oid=$(git -C full-checkout rev-parse update-folder2:folder2) &&
#		folder1_a_oid=$(git -C full-checkout rev-parse update-folder1:folder1/a) &&
#	
#		test_all_match git update-index --cacheinfo 100644 $deep_a_oid deep/a &&
#		test_all_match git status --porcelain=v2 &&
#	
#		# Cannot add sparse directory, even in sparse index case
#		test_all_match test_must_fail git update-index --add --cacheinfo 040000 $folder2_oid folder2/ &&
#	
#		# Sparse match only: the new outside-of-cone entry is added *without* skip-worktree,
#		# so `git status` reports it as "deleted" in the worktree
#		test_sparse_match git update-index --add --cacheinfo 100644 $folder1_a_oid folder1/a &&
#		test_sparse_match git status --porcelain=v2 &&
#		cat >expect <<-EOF &&
#		MD folder1/a
#		EOF
#		test_sparse_match git status --short -- folder1/a &&
#		test_cmp expect sparse-checkout-out &&
#	
#		# To return folder1/a to "normal" for a sparse checkout (ignored &
#		# outside-of-cone), add the skip-worktree flag.
#		test_sparse_match git update-index --skip-worktree folder1/a &&
#		cat >expect <<-EOF &&
#		S folder1/a
#		EOF
#		test_sparse_match git ls-files -t -- folder1/a &&
#		test_cmp expect sparse-checkout-out
#	
make[2]: [Makefile:82: t3102-ls-tree-wildcards.sh] Error 1 (ignored)
*** t3200-branch.sh ***
./test-lib.sh: line 172: /home/haritha/code/bazel-7.2.0/git_255_iconv_translit_3waymerge/gitport/git/git: EDC5129I No such file or directory.
error: you do not seem to have built git yet.
not ok 104 - basic atom: refs/tags/testtag push
#	
#		test_detect_ref_format >expect &&
#		git rev-parse --show-ref-format >actual &&
#		test_cmp expect actual
#	
make[2]: [Makefile:82: t3103-ls-tree-misc.sh] Error 1 (ignored)
not ok 251 - --fixed-value with value-less configuration
*** t3201-branch-contains.sh ***
./test-lib.sh: line 172: /home/haritha/code/bazel-7.2.0/git_255_iconv_translit_3waymerge/gitport/git/git: EDC5129I No such file or directory.
error: you do not seem to have built git yet.
not ok 680 - restore -h output and SYNOPSIS agree # TODO known breakage
not ok 37 - rev-list --verify-objects with bad sha1
#	
#		printf $F "delete $b" "$m~1" >stdin &&
#		git update-ref -z --stdin <stdin &&
#		test_must_fail git rev-parse --verify -q $b
#	
make[2]: [Makefile:82: t3104-ls-tree-format.sh] Error 1 (ignored)
#	
#			prolog &&
#			reset_work_tree_to add_sub1 &&
#			(
#				cd submodule_update &&
#				git branch -t invalid_sub1 origin/invalid_sub1 &&
#				$command invalid_sub1 &&
#				test_superproject_content origin/invalid_sub1 &&
#				test_submodule_content sub1 origin/add_sub1 &&
#				test_must_fail git submodule update &&
#				test_submodule_content sub1 origin/add_sub1
#			)
#		
*** t3202-show-branch.sh ***
not ok 161 - stdin -z update/create/verify combination works
not ok 603 - checkout attr=-text  aeol=lf core.autocrlf=input core.eol=lf file=LF
#	
#			${git_for_each_ref} --format="%($format)" "$ref" >actual &&
#			sanitize_pgp <actual >actual.clean &&
#			test_cmp expected actual.clean
#		
not ok 74 - rev-parse --show-ref-format with invalid storage
./test-lib.sh: line 172: /home/haritha/code/bazel-7.2.0/git_255_iconv_translit_3waymerge/gitport/git/git: EDC5129I No such file or directory.
error: you do not seem to have built git yet.
#	
#		test_when_finished rm -f config &&
#		cat >config <<-\EOF &&
#		[section]
#			key
#		EOF
#		git config --file=config --fixed-value section.key value pattern
#	
make[2]: [Makefile:82: t3105-ls-tree-output.sh] Error 1 (ignored)
*** t3203-branch-output.sh ***
not ok 105 - basic atom: refs/tags/testtag objecttype
not ok 681 - rev-list -h output has no \t
not ok 36 - 'read-tree -mu base HEAD update-folder2' with files outside sparse definition
#	
#		sha=$(echo blob | git hash-object -w --stdin) &&
#		old=$(test_oid_to_path $sha) &&
#		new=$(dirname $old)/$(test_oid ff_2) &&
#		sha="$(dirname $new)$(basename $new)" &&
#		mv .git/objects/$old .git/objects/$new &&
#		test_when_finished "remove_object $sha" &&
#		git update-index --add --cacheinfo 100644 $sha foo &&
#		test_when_finished "git read-tree -u --reset HEAD" &&
#		tree=$(git write-tree) &&
#		test_when_finished "remove_object $tree" &&
#		cmt=$(echo bogus | git commit-tree $tree) &&
#		test_when_finished "remove_object $cmt" &&
#		git update-ref refs/heads/bogus $cmt &&
#		test_when_finished "git update-ref -d refs/heads/bogus" &&
#	
#		test_might_fail git rev-list --verify-objects refs/heads/bogus >/dev/null 2>out &&
#		test_grep -q "error: hash mismatch $(dirname $new)$(test_oid ff_2)" out
#	
*** t3204-branch-name-interpretation.sh ***
not ok 53 - git_test_func: modified submodule does not update submodule work tree from invalid commit
./test-lib.sh: line 172: /home/haritha/code/bazel-7.2.0/git_255_iconv_translit_3waymerge/gitport/git/git: EDC5129I No such file or directory.
error: you do not seem to have built git yet.
not ok 252 - includeIf.hasconfig:remote.*.url
#	
#			compare_ws_file eol_lf_crlf_input_attr_-text_ LF    crlf_false_attr__LF.txt
#		
make[2]: [Makefile:82: t3200-branch.sh] Error 1 (ignored)
*** t3205-branch-color.sh ***
#	
#		printf $F "update $a" "$m" "" "create $b" "$m" "verify $c" "" >stdin &&
#		git update-ref -z --stdin <stdin &&
#		git rev-parse $m >expect &&
#		git rev-parse $a >actual &&
#		test_cmp expect actual &&
#		git rev-parse $b >actual &&
#		test_cmp expect actual &&
#		test_must_fail git rev-parse --verify -q $c
#	
#	
#		test_when_finished "rm -rf repo" &&
#		git init repo &&
#		(
#			cd repo &&
#			git config extensions.refstorage broken &&
#			test_must_fail git rev-parse --show-ref-format 2>err &&
#			grep "error: invalid value for ${SQ}extensions.refstorage${SQ}: ${SQ}broken${SQ}" err
#		)
#	
not ok 38 - rev-list --verify-objects notices swapped commits
#	
#			${git_for_each_ref} --format="%($format)" "$ref" >actual &&
#			sanitize_pgp <actual >actual.clean &&
#			test_cmp expected actual.clean
#		
./test-lib.sh: line 172: /home/haritha/code/bazel-7.2.0/git_255_iconv_translit_3waymerge/gitport/git/git: EDC5129I No such file or directory.
error: you do not seem to have built git yet.
#	
#			init_repos &&
#	
#			# Although the index matches, without --no-sparse-checkout, outside-of-
#			# definition files will not exist on disk for sparse checkouts
#			test_all_match git read-tree -mu $MERGE_TREES &&
#			test_all_match git status --porcelain=v2 &&
#			test_path_is_missing sparse-checkout/folder2 &&
#			test_path_is_missing sparse-index/folder2 &&
#	
#			test_all_match git read-tree --reset -u HEAD &&
#			test_all_match git status --porcelain=v2 &&
#	
#			test_all_match git read-tree -mu --no-sparse-checkout $MERGE_TREES &&
#			test_all_match git status --porcelain=v2 &&
#			test_cmp sparse-checkout/folder2/a sparse-index/folder2/a &&
#			test_cmp sparse-checkout/folder2/a full-checkout/folder2/a
#	
#		
not ok 162 - stdin -z verify succeeds for correct value
make[2]: [Makefile:82: t3202-show-branch.sh] Error 1 (ignored)
./test-lib.sh: line 172: /home/haritha/code/bazel-7.2.0/git_255_iconv_translit_3waymerge/gitport/git/git: EDC5129I No such file or directory.
error: you do not seem to have built git yet.
#	
#			h2s="$(help_to_synopsis "$builtin")" &&
#			! grep "$HT" "$h2s"
#		
*** t3206-range-diff.sh ***
not ok 75 - --show-toplevel from subdir of working tree
#	
#			prolog &&
#			reset_work_tree_to invalid_sub1 &&
#			(
#				cd submodule_update &&
#				git branch -t valid_sub1 origin/valid_sub1 &&
#				$command valid_sub1 &&
#				test_superproject_content origin/valid_sub1 &&
#				test_dir_is_empty sub1 &&
#				git submodule update --init --recursive &&
#				test_submodule_content sub1 origin/valid_sub1
#			)
#		
#	
#		git init hasremoteurlTest &&
#		test_when_finished "rm -rf hasremoteurlTest" &&
#	
#		cat >include-this <<-\EOF &&
#		[user]
#			this = this-is-included
#		EOF
#		cat >dont-include-that <<-\EOF &&
#		[user]
#			that = that-is-not-included
#		EOF
#		cat >>hasremoteurlTest/.git/config <<-EOF &&
#		[includeIf "hasconfig:remote.*.url:foourl"]
#			path = "$(pwd)/include-this"
#		[includeIf "hasconfig:remote.*.url:barurl"]
#			path = "$(pwd)/dont-include-that"
#		[remote "foo"]
#			url = foourl
#		EOF
#	
#		echo this-is-included >expect-this &&
#		git -C hasremoteurlTest config --get user.this >actual-this &&
#		test_cmp expect-this actual-this &&
#	
#		test_must_fail git -C hasremoteurlTest config --get user.that
#	
not ok 106 - basic atom: refs/tags/testtag objectsize
make[2]: [Makefile:82: t3201-branch-contains.sh] Error 1 (ignored)
#	
#		git init swapped-commits &&
#		(
#			cd swapped-commits &&
#			test_commit one &&
#			test_commit two &&
#			one_oid=$(git rev-parse HEAD) &&
#			two_oid=$(git rev-parse HEAD^) &&
#			one=.git/objects/$(test_oid_to_path $one_oid) &&
#			two=.git/objects/$(test_oid_to_path $two_oid) &&
#			mv $one tmp &&
#			mv $two $one &&
#			mv tmp $two &&
#			test_must_fail git rev-list --verify-objects HEAD
#		)
#	
*** t3207-branch-submodule.sh ***
./test-lib.sh: line 172: /home/haritha/code/bazel-7.2.0/git_255_iconv_translit_3waymerge/gitport/git/git: EDC5129I No such file or directory.
error: you do not seem to have built git yet.
make[2]: [Makefile:82: t3203-branch-output.sh] Error 1 (ignored)
./test-lib.sh: line 172: /home/haritha/code/bazel-7.2.0/git_255_iconv_translit_3waymerge/gitport/git/git: EDC5129I No such file or directory.
error: you do not seem to have built git yet.
*** t3211-peel-ref.sh ***
not ok 253 - includeIf.hasconfig:remote.*.url respects last-config-wins
#	
#		git rev-parse $m >expect &&
#		printf $F "verify $m" "$m" >stdin &&
#		git update-ref -z --stdin <stdin &&
#		git rev-parse $m >actual &&
#		test_cmp expect actual
#	
not ok 39 - set up repository with commit-graph
#	
#		pwd >expect &&
#		git -C sub/dir rev-parse --show-toplevel >actual &&
#		test_cmp expect actual
#	
not ok 54 - git_test_func: added submodule doesn't remove untracked unignored file with same name
#	
#			${git_for_each_ref} --format="%($format)" "$ref" >actual &&
#			sanitize_pgp <actual >actual.clean &&
#			test_cmp expected actual.clean
#		
make[2]: [Makefile:82: t3204-branch-name-interpretation.sh] Error 1 (ignored)
*** t3300-funny-names.sh ***
not ok 163 - stdin -z verify succeeds for missing reference
./test-lib.sh: line 172: /home/haritha/code/bazel-7.2.0/git_255_iconv_translit_3waymerge/gitport/git/git: EDC5129I No such file or directory.
error: you do not seem to have built git yet.
#	
#		git init hasremoteurlTest &&
#		test_when_finished "rm -rf hasremoteurlTest" &&
#	
#		cat >include-two-three <<-\EOF &&
#		[user]
#			two = included-config
#			three = included-config
#		EOF
#		cat >>hasremoteurlTest/.git/config <<-EOF &&
#		[remote "foo"]
#			url = foourl
#		[user]
#			one = main-config
#			two = main-config
#		[includeIf "hasconfig:remote.*.url:foourl"]
#			path = "$(pwd)/include-two-three"
#		[user]
#			three = main-config
#		EOF
#	
#		echo main-config >expect-main-config &&
#		echo included-config >expect-included-config &&
#	
#		git -C hasremoteurlTest config --get user.one >actual &&
#		test_cmp expect-main-config actual &&
#	
#		git -C hasremoteurlTest config --get user.two >actual &&
#		test_cmp expect-included-config actual &&
#	
#		git -C hasremoteurlTest config --get user.three >actual &&
#		test_cmp expect-main-config actual
#	
not ok 76 - --show-toplevel from inside .git
make[2]: [Makefile:82: t3205-branch-color.sh] Error 1 (ignored)
*** t3301-notes.sh ***
#	
#			prolog &&
#			reset_work_tree_to no_submodule &&
#			(
#				cd submodule_update &&
#				git branch -t add_sub1 origin/add_sub1 &&
#				>sub1 &&
#				$command add_sub1 test_must_fail &&
#				test_superproject_content origin/no_submodule &&
#				test_must_be_empty sub1
#			)
#		
not ok 37 - 'read-tree -mu update-folder1 update-folder2' with files outside sparse definition
./test-lib.sh: line 172: /home/haritha/code/bazel-7.2.0/git_255_iconv_translit_3waymerge/gitport/git/git: EDC5129I No such file or directory.
error: you do not seem to have built git yet.
#	
#		git init corrupt-graph &&
#		(
#			cd corrupt-graph &&
#			test_commit one &&
#			test_commit two &&
#			git commit-graph write --reachable
#		)
#	
not ok 604 - checkout attr=-text  aeol=lf core.autocrlf=input core.eol=lf file=CRLF
not ok 254 - includeIf.hasconfig:remote.*.url globs
make[2]: [Makefile:82: t3206-range-diff.sh] Error 1 (ignored)
/home/haritha/code/bazel-7.2.0/git_255_iconv_translit_3waymerge/gitport/git/t/for-each-ref-tests.sh: line 17: /home/haritha/code/bazel-7.2.0/git_255_iconv_translit_3waymerge/gitport/git/bin-wrappers/git: EDC5129I No such file or directory.
*** t3302-notes-index-expensive.sh ***
ok 682 - rev-list -h output has dashed labels
./test-lib.sh: line 172: /home/haritha/code/bazel-7.2.0/git_255_iconv_translit_3waymerge/gitport/git/git: EDC5129I No such file or directory.
error: you do not seem to have built git yet.
./test-lib.sh: line 172: /home/haritha/code/bazel-7.2.0/git_255_iconv_translit_3waymerge/gitport/git/git: EDC5129I No such file or directory.
error: you do not seem to have built git yet.
#	
#		printf $F "verify refs/heads/missing" "$Z" >stdin &&
#		git update-ref -z --stdin <stdin &&
#		test_must_fail git rev-parse --verify -q refs/heads/missing
#	
make[2]: [Makefile:82: t3207-branch-submodule.sh] Error 1 (ignored)
make[2]: [Makefile:82: t3211-peel-ref.sh] Error 1 (ignored)
*** t3303-notes-subtrees.sh ***
/home/haritha/code/bazel-7.2.0/git_255_iconv_translit_3waymerge/gitport/git/t/test-lib-functions.sh: line 1098: test-tool: command not found
not ok 40 - rev-list --verify-objects with commit graph (tip)
#	
#			compare_ws_file eol_lf_crlf_input_attr_-text_ CRLF  crlf_false_attr__CRLF.txt
#		
not ok 55 - git_test_func: added submodule creates empty directory
not ok 164 - stdin -z verify treats no value as missing
#	
#			init_repos &&
#	
#			# Although the index matches, without --no-sparse-checkout, outside-of-
#			# definition files will not exist on disk for sparse checkouts
#			test_all_match git read-tree -mu $MERGE_TREES &&
#			test_all_match git status --porcelain=v2 &&
#			test_path_is_missing sparse-checkout/folder2 &&
#			test_path_is_missing sparse-index/folder2 &&
#	
#			test_all_match git read-tree --reset -u HEAD &&
#			test_all_match git status --porcelain=v2 &&
#	
#			test_all_match git read-tree -mu --no-sparse-checkout $MERGE_TREES &&
#			test_all_match git status --porcelain=v2 &&
#			test_cmp sparse-checkout/folder2/a sparse-index/folder2/a &&
#			test_cmp sparse-checkout/folder2/a full-checkout/folder2/a
#	
#		
#	
#		git init hasremoteurlTest &&
#		test_when_finished "rm -rf hasremoteurlTest" &&
#	
#		printf "[user]\ndss = yes\n" >double-star-start &&
#		printf "[user]\ndse = yes\n" >double-star-end &&
#		printf "[user]\ndsm = yes\n" >double-star-middle &&
#		printf "[user]\nssm = yes\n" >single-star-middle &&
#		printf "[user]\nno = no\n" >no &&
#	
#		cat >>hasremoteurlTest/.git/config <<-EOF &&
#		[remote "foo"]
#			url = https://foo/bar/baz
#		[includeIf "hasconfig:remote.*.url:**/baz"]
#			path = "$(pwd)/double-star-start"
#		[includeIf "hasconfig:remote.*.url:**/nomatch"]
#			path = "$(pwd)/no"
#		[includeIf "hasconfig:remote.*.url:https:/**"]
#			path = "$(pwd)/double-star-end"
#		[includeIf "hasconfig:remote.*.url:nomatch:/**"]
#			path = "$(pwd)/no"
#		[includeIf "hasconfig:remote.*.url:https:/**/baz"]
#			path = "$(pwd)/double-star-middle"
#		[includeIf "hasconfig:remote.*.url:https:/**/nomatch"]
#			path = "$(pwd)/no"
#		[includeIf "hasconfig:remote.*.url:https://*/bar/baz"]
#			path = "$(pwd)/single-star-middle"
#		[includeIf "hasconfig:remote.*.url:https://*/baz"]
#			path = "$(pwd)/no"
#		EOF
#	
#		git -C hasremoteurlTest config --get user.dss &&
#		git -C hasremoteurlTest config --get user.dse &&
#		git -C hasremoteurlTest config --get user.dsm &&
#		git -C hasremoteurlTest config --get user.ssm &&
#		test_must_fail git -C hasremoteurlTest config --get user.no
#	
#	
#		test_must_fail git -C .git rev-parse --show-toplevel
#	
./test-lib.sh: line 172: /home/haritha/code/bazel-7.2.0/git_255_iconv_translit_3waymerge/gitport/git/git: EDC5129I No such file or directory.
error: you do not seem to have built git yet.
*** t3304-notes-mixed.sh ***
not ok 107 - basic atom: refs/tags/testtag objectsize:disk
not ok 77 - showing the superproject correctly
not ok 255 - includeIf.hasconfig:remote.*.url forbids remote url in such included files
#	
#		corrupt_graph_obj HEAD &&
#		test_must_fail git -C corrupt-graph rev-list --verify-objects HEAD
#	
./test-lib.sh: line 172: /home/haritha/code/bazel-7.2.0/git_255_iconv_translit_3waymerge/gitport/git/git: EDC5129I No such file or directory.
error: you do not seem to have built git yet.
#	
#			prolog &&
#			reset_work_tree_to no_submodule &&
#			(
#				cd submodule_update &&
#				git branch -t add_sub1 origin/add_sub1 &&
#				$command add_sub1 &&
#				test_superproject_content origin/add_sub1 &&
#				test_dir_is_empty sub1 &&
#				git submodule update --init --recursive &&
#				test_submodule_content sub1 origin/add_sub1
#			)
#		
make[2]: [Makefile:82: t3301-notes.sh] Error 1 (ignored)
make[2]: [Makefile:82: t3300-funny-names.sh] Error 1 (ignored)
*** t3305-notes-fanout.sh ***
not ok 683 - rev-list -h output has consistent spacing
#	
#		git rev-parse --show-superproject-working-tree >out &&
#		test_must_be_empty out &&
#	
#		test_create_repo super &&
#		test_commit -C super test_commit &&
#		test_create_repo sub &&
#		test_commit -C sub test_commit &&
#		git -c protocol.file.allow=always \
#			-C super submodule add ../sub dir/sub &&
#		echo $(pwd)/super >expect  &&
#		git -C super/dir/sub rev-parse --show-superproject-working-tree >out &&
#		test_cmp expect out &&
#	
#		test_commit -C super submodule_add &&
#		git -C super checkout -b branch1 &&
#		git -C super/dir/sub checkout -b branch1 &&
#		test_commit -C super/dir/sub branch1_commit &&
#		git -C super add dir/sub &&
#		test_commit -C super branch1_commit &&
#		git -C super checkout -b branch2 main &&
#		git -C super/dir/sub checkout -b branch2 main &&
#		test_commit -C super/dir/sub branch2_commit &&
#		git -C super add dir/sub &&
#		test_commit -C super branch2_commit &&
#		test_must_fail git -C super merge branch1 &&
#	
#		git -C super/dir/sub rev-parse --show-superproject-working-tree >out &&
#		test_cmp expect out
#	
not ok 41 - rev-list --verify-objects with commit graph (parent)
./test-lib.sh: line 172: /home/haritha/code/bazel-7.2.0/git_255_iconv_translit_3waymerge/gitport/git/git: EDC5129I No such file or directory.
error: you do not seem to have built git yet.
*** t3306-notes-prune.sh ***
#	
#			${git_for_each_ref} --format="%($format)" "$ref" >actual &&
#			sanitize_pgp <actual >actual.clean &&
#			test_cmp expected actual.clean
#		
#	
#		printf $F "verify refs/heads/missing" "" >stdin &&
#		git update-ref -z --stdin <stdin &&
#		test_must_fail git rev-parse --verify -q refs/heads/missing
#	
not ok 78 - rev-parse --since= unsqueezed ordering
#	
#		git init hasremoteurlTest &&
#		test_when_finished "rm -rf hasremoteurlTest" &&
#	
#		cat >include-with-url <<-\EOF &&
#		[remote "bar"]
#			url = barurl
#		EOF
#		cat >>hasremoteurlTest/.git/config <<-EOF &&
#		[includeIf "hasconfig:remote.*.url:foourl"]
#			path = "$(pwd)/include-with-url"
#		EOF
#	
#		# test with any Git command
#		test_must_fail git -C hasremoteurlTest status 2>err &&
#		grep "fatal: remote URLs cannot be configured in file directly or indirectly included by includeIf.hasconfig:remote.*.url" err
#	
not ok 56 - git_test_func: added submodule leaves existing empty directory alone
./test-lib.sh: line 172: /home/haritha/code/bazel-7.2.0/git_255_iconv_translit_3waymerge/gitport/git/git: EDC5129I No such file or directory.
error: you do not seem to have built git yet.
not ok 38 - 'read-tree -mu update-folder2' with files outside sparse definition
#	
#			h2s="$(help_to_synopsis "$builtin")" &&
#			sed -n \
#				-e "/^ / {
#					s/[^ ].*//;
#					p;
#				}" \
#				<"$h2s" >help &&
#			sort -u help >help.ws &&
#			if test -s help.ws
#			then
#				test_line_count = 1 help.ws
#			fi
#		
make[2]: [Makefile:82: t3304-notes-mixed.sh] Error 1 (ignored)
make[2]: [Makefile:82: t3302-notes-index-expensive.sh] Error 1 (ignored)
not ok 165 - stdin -z verify fails for wrong value
*** t3307-notes-man.sh ***
./test-lib.sh: line 172: /home/haritha/code/bazel-7.2.0/git_255_iconv_translit_3waymerge/gitport/git/git: EDC5129I No such file or directory.
error: you do not seem to have built git yet.
not ok 605 - checkout attr=-text  aeol=lf core.autocrlf=input core.eol=lf file=CRLF_mix_LF
make[2]: [Makefile:82: t3303-notes-subtrees.sh] Error 1 (ignored)
not ok 256 - negated mode causes failure
#	
#		corrupt_graph_obj HEAD^ &&
#		test_must_fail git -C corrupt-graph rev-list --verify-objects HEAD
#	
*** t3308-notes-merge.sh ***
/home/haritha/code/bazel-7.2.0/git_255_iconv_translit_3waymerge/gitport/git/t/for-each-ref-tests.sh: line 17: /home/haritha/code/bazel-7.2.0/git_255_iconv_translit_3waymerge/gitport/git/bin-wrappers/git: EDC5129I No such file or directory.
#	
#			init_repos &&
#	
#			# Although the index matches, without --no-sparse-checkout, outside-of-
#			# definition files will not exist on disk for sparse checkouts
#			test_all_match git read-tree -mu $MERGE_TREES &&
#			test_all_match git status --porcelain=v2 &&
#			test_path_is_missing sparse-checkout/folder2 &&
#			test_path_is_missing sparse-index/folder2 &&
#	
#			test_all_match git read-tree --reset -u HEAD &&
#			test_all_match git status --porcelain=v2 &&
#	
#			test_all_match git read-tree -mu --no-sparse-checkout $MERGE_TREES &&
#			test_all_match git status --porcelain=v2 &&
#			test_cmp sparse-checkout/folder2/a sparse-index/folder2/a &&
#			test_cmp sparse-checkout/folder2/a full-checkout/folder2/a
#	
#		
#	
#		x1=--since=1970-01-01T00:00:01Z &&
#		x2=--since=1970-01-01T00:00:02Z &&
#		x3=--since=1970-01-01T00:00:03Z &&
#		git rev-parse $x1 $x1 $x3 $x2 >actual &&
#		cat >expect <<-EOF &&
#		--max-age=1
#		--max-age=1
#		--max-age=3
#		--max-age=2
#		EOF
#		test_cmp expect actual
#	
not ok 42 - force fsck to ignore double author
*** t3309-notes-merge-auto-resolve.sh ***
#	
#		test_must_fail git config --no-get 2>err &&
#		grep "unknown option \`no-get${SQ}" err
#	
./test-lib.sh: line 172: /home/haritha/code/bazel-7.2.0/git_255_iconv_translit_3waymerge/gitport/git/git: EDC5129I No such file or directory.
#	
#			prolog &&
#			reset_work_tree_to no_submodule &&
#			(
#				cd submodule_update &&
#				mkdir sub1 &&
#				git branch -t add_sub1 origin/add_sub1 &&
#				$command add_sub1 &&
#				test_superproject_content origin/add_sub1 &&
#				test_dir_is_empty sub1 &&
#				git submodule update --init --recursive &&
#				test_submodule_content sub1 origin/add_sub1
#			)
#		
error: you do not seem to have built git yet.
make[2]: [Makefile:82: t3305-notes-fanout.sh] Error 1 (ignored)
#	
#			compare_ws_file eol_lf_crlf_input_attr_-text_ CRLF_mix_LF crlf_false_attr__CRLF_mix_LF.txt
#		
*** t3310-notes-merge-manual-resolve.sh ***
/home/haritha/code/bazel-7.2.0/git_255_iconv_translit_3waymerge/gitport/git/t/test-lib-functions.sh: line 1098: test-tool: command not found
#	
#		git rev-parse $m >expect &&
#		printf $F "verify $m" "$m~1" >stdin &&
#		test_must_fail git update-ref -z --stdin <stdin &&
#		git rev-parse $m >actual &&
#		test_cmp expect actual
#	
#	
#		git cat-file commit HEAD >basis &&
#		sed "s/^author .*/&,&/" <basis | tr , \\n >multiple-authors &&
#		new=$(git hash-object --literally -t commit -w --stdin <multiple-authors) &&
#		test_when_finished "remove_object $new" &&
#		git update-ref refs/heads/bogus "$new" &&
#		test_when_finished "git update-ref -d refs/heads/bogus" &&
#		test_must_fail git fsck &&
#		git -c fsck.multipleAuthors=ignore fsck
#	
./test-lib.sh: line 172: /home/haritha/code/bazel-7.2.0/git_255_iconv_translit_3waymerge/gitport/git/git: EDC5129I No such file or directory.
error: you do not seem to have built git yet.
not ok 257 - specifying multiple modes causes failure
./test-lib.sh: line 172: /home/haritha/code/bazel-7.2.0/git_255_iconv_translit_3waymerge/gitport/git/git: EDC5129I No such file or directory.
error: you do not seem to have built git yet.
not ok 108 - basic atom: refs/tags/testtag *objectsize:disk
not ok 79 - rev-parse --bisect includes bad, excludes good
make[2]: [Makefile:82: t3307-notes-man.sh] Error 1 (ignored)
make[2]: [Makefile:82: t3306-notes-prune.sh] Error 1 (ignored)
not ok 166 - stdin -z verify fails for mistaken null value
*** t3311-notes-merge-fanout.sh ***
./test-lib.sh: line 172: /home/haritha/code/bazel-7.2.0/git_255_iconv_translit_3waymerge/gitport/git/git: EDC5129I No such file or directory.
error: you do not seem to have built git yet.
make[2]: [Makefile:82: t3308-notes-merge.sh] Error 1 (ignored)
./test-lib.sh: line 172: /home/haritha/code/bazel-7.2.0/git_255_iconv_translit_3waymerge/gitport/git/git: EDC5129I No such file or directory.
error: you do not seem to have built git yet.
not ok 57 - git_test_func: replace tracked file with submodule creates empty directory
ok 684 - rev-list appropriately marked as having .adoc
*** t3320-notes-merge-worktrees.sh ***
#	
#		cat >expect <<-EOF &&
#		error: options ${SQ}--get-all${SQ} and ${SQ}--get${SQ} cannot be used together
#		EOF
#		test_must_fail git config --get --get-all 2>err &&
#		test_cmp expect err
#	
#	
#			${git_for_each_ref} --format="%($format)" "$ref" >actual &&
#			sanitize_pgp <actual >actual.clean &&
#			test_cmp expected actual.clean
#		
make[2]: [Makefile:82: t3309-notes-merge-auto-resolve.sh] Error 1 (ignored)
*** t3321-notes-stripspace.sh ***
#	
#		test_commit_bulk 6 &&
#	
#		git update-ref refs/bisect/bad-1 HEAD~1 &&
#		git update-ref refs/bisect/b HEAD~2 &&
#		git update-ref refs/bisect/bad-3 HEAD~3 &&
#		git update-ref refs/bisect/good-3 HEAD~3 &&
#		git update-ref refs/bisect/bad-4 HEAD~4 &&
#		git update-ref refs/bisect/go HEAD~4 &&
#	
#		# Note: refs/bisect/b and refs/bisect/go should be ignored because they
#		# do not match the refs/bisect/bad or refs/bisect/good prefixes.
#		cat >expect <<-EOF &&
#		refs/bisect/bad-1
#		refs/bisect/bad-3
#		refs/bisect/bad-4
#		^refs/bisect/good-3
#		EOF
#	
#		git rev-parse --symbolic-full-name --bisect >actual &&
#		test_cmp expect actual
#	
not ok 109 - basic atom: refs/tags/testtag deltabase
./test-lib.sh: line 172: /home/haritha/code/bazel-7.2.0/git_255_iconv_translit_3waymerge/gitport/git/git: EDC5129I No such file or directory.
*** t3400-rebase.sh ***
error: you do not seem to have built git yet.
not ok 39 - read-tree --merge with edit/edit conflicts in sparse directories
not ok 258 - writing to stdin is rejected
make[2]: [Makefile:82: t3310-notes-merge-manual-resolve.sh] Error 1 (ignored)
#	
#		git rev-parse $m >expect &&
#		printf $F "verify $m" "$Z" >stdin &&
#		test_must_fail git update-ref -z --stdin <stdin &&
#		git rev-parse $m >actual &&
#		test_cmp expect actual
#	
*** t3401-rebase-and-am-rename.sh ***
#	
#			prolog &&
#			reset_work_tree_to replace_sub1_with_file &&
#			(
#				cd submodule_update &&
#				git branch -t replace_file_with_sub1 origin/replace_file_with_sub1 &&
#				$command replace_file_with_sub1 &&
#				test_superproject_content origin/replace_file_with_sub1 &&
#				test_dir_is_empty sub1 &&
#				git submodule update --init --recursive &&
#				test_submodule_content sub1 origin/replace_file_with_sub1
#			)
#		
./test-lib.sh: line 172: /home/haritha/code/bazel-7.2.0/git_255_iconv_translit_3waymerge/gitport/git/git: EDC5129I No such file or directory.
error: you do not seem to have built git yet.
not ok 80 - rev-parse --bisect works with alternate terms
make[2]: [Makefile:82: t3311-notes-merge-fanout.sh] Error 1 (ignored)
not ok 43 - fsck notices blob entry pointing to null sha1
*** t3402-rebase-merge.sh ***
#	
#			${git_for_each_ref} --format="%($format)" "$ref" >actual &&
#			sanitize_pgp <actual >actual.clean &&
#			test_cmp expected actual.clean
#		
not ok 167 - stdin -z verify fails for mistaken empty value
#	
#		echo "fatal: writing to stdin is not supported" >expect &&
#		test_must_fail git config ${mode_set} --file - foo.bar baz 2>err &&
#		test_cmp expect err
#	
not ok 606 - checkout attr=-text  aeol=lf core.autocrlf=input core.eol=lf file=LF_mix_CR
*** t3403-rebase-skip.sh ***
not ok 110 - basic atom: refs/tags/testtag *deltabase
#	
#		init_repos &&
#	
#		# Merge of multiple changes to same directory (but not same files) should
#		# succeed
#		test_all_match git read-tree -mu base rename-base update-folder1 &&
#		test_all_match git status --porcelain=v2 &&
#	
#		test_all_match git reset --hard &&
#	
#		test_all_match git read-tree -mu rename-base update-folder2 &&
#		test_all_match git status --porcelain=v2 &&
#	
#		test_all_match git reset --hard &&
#	
#		test_all_match test_must_fail git read-tree -mu base update-folder1 rename-out-to-in &&
#		test_all_match test_must_fail git read-tree -mu rename-out-to-in update-folder1
#	
./test-lib.sh: line 172: /home/haritha/code/bazel-7.2.0/git_255_iconv_translit_3waymerge/gitport/git/git: EDC5129I No such file or directory.
error: you do not seem to have built git yet.
./test-lib.sh: line 172: /home/haritha/code/bazel-7.2.0/git_255_iconv_translit_3waymerge/gitport/git/git: EDC5129I No such file or directory.
error: you do not seem to have built git yet.
make[2]: [Makefile:82: t3320-notes-merge-worktrees.sh] Error 1 (ignored)
make[2]: [Makefile:82: t3321-notes-stripspace.sh] Error 1 (ignored)
#	
#		test_commit_bulk 6 &&
#	
#		git bisect start --term-old=known --term-new=curious &&
#	
#		git update-ref refs/bisect/curious-1 HEAD~1 &&
#		git update-ref refs/bisect/bad HEAD~2 &&
#		git update-ref refs/bisect/curious-3 HEAD~3 &&
#		git update-ref refs/bisect/known-3 HEAD~3 &&
#		git update-ref refs/bisect/curious-4 HEAD~4 &&
#		git update-ref refs/bisect/good HEAD~4 &&
#	
#		# Note: refs/bisect/bad and refs/bisect/goood should be ignored because this
#		# is a bisect with custom terms (known/curious)
#		cat >expect <<-EOF &&
#		refs/bisect/curious-1
#		refs/bisect/curious-3
#		refs/bisect/curious-4
#		^refs/bisect/known-3
#		EOF
#	
#		git rev-parse --symbolic-full-name --bisect >actual &&
#		test_cmp expect actual
#	
*** t3404-rebase-interactive.sh ***
#	
#		(git init null-blob &&
#		 cd null-blob &&
#		 sha=$(printf "100644 file$_bz$_bzoid" |
#		       git hash-object --literally -w --stdin -t tree) &&
#		  git fsck 2>out &&
#		  test_grep "warning.*null sha1" out
#		)
#	
#	
#		M=$(git rev-parse $m) &&
#		test_when_finished "git update-ref $m $M" &&
#		git rev-parse $m >expect &&
#		printf $F "verify $m" "" >stdin &&
#		test_must_fail git update-ref -z --stdin <stdin &&
#		git rev-parse $m >actual &&
#		test_cmp expect actual
#	
ok 259 - setup whitespace config
not ok 58 - git_test_func: replace directory with submodule
not ok 81 - --short= truncates to the actual hash length
./test-lib.sh: line 172: /home/haritha/code/bazel-7.2.0/git_255_iconv_translit_3waymerge/gitport/git/git: EDC5129I No such file or directory.
error: you do not seem to have built git yet.
*** t3405-rebase-malformed.sh ***
#	
#			compare_ws_file eol_lf_crlf_input_attr_-text_ LF_mix_CR   crlf_false_attr__LF_mix_CR.txt
#		
make[2]: [Makefile:82: t3401-rebase-and-am-rename.sh] Error 1 (ignored)
*** t3406-rebase-message.sh ***
#	
#			${git_for_each_ref} --format="%($format)" "$ref" >actual &&
#			sanitize_pgp <actual >actual.clean &&
#			test_cmp expected actual.clean
#		
not ok 168 - stdin -z update refs works with identity updates
ok 685 - rev-list *.adoc SYNOPSIS has dashed labels
not ok 260 - no internal whitespace
./test-lib.sh: line 172: /home/haritha/code/bazel-7.2.0/git_255_iconv_translit_3waymerge/gitport/git/git: EDC5129I No such file or directory.
error: you do not seem to have built git yet.
make[2]: [Makefile:82: t3400-rebase.sh] Error 1 (ignored)
*** t3407-rebase-abort.sh ***
./test-lib.sh: line 172: /home/haritha/code/bazel-7.2.0/git_255_iconv_translit_3waymerge/gitport/git/git: EDC5129I No such file or directory.
error: you do not seem to have built git yet.
./test-lib.sh: line 172: /home/haritha/code/bazel-7.2.0/git_255_iconv_translit_3waymerge/gitport/git/git: EDC5129I No such file or directory.
error: you do not seem to have built git yet.
not ok 44 - fsck notices submodule entry pointing to null sha1
/home/haritha/code/bazel-7.2.0/git_255_iconv_translit_3waymerge/gitport/git/t/for-each-ref-tests.sh: line 203: /home/haritha/code/bazel-7.2.0/git_255_iconv_translit_3waymerge/gitport/git/bin-wrappers/git: EDC5129I No such file or directory.
make[2]: [Makefile:82: t3402-rebase-merge.sh] Error 1 (ignored)
make[2]: [Makefile:82: t3403-rebase-skip.sh] Error 1 (ignored)
#	
#			prolog &&
#			reset_work_tree_to replace_sub1_with_directory &&
#			(
#				cd submodule_update &&
#				git branch -t replace_directory_with_sub1 origin/replace_directory_with_sub1 &&
#				$command replace_directory_with_sub1 &&
#				test_superproject_content origin/replace_directory_with_sub1 &&
#				test_dir_is_empty sub1 &&
#				git submodule update --init --recursive &&
#				test_submodule_content sub1 origin/replace_directory_with_sub1
#			)
#		
*** t3408-rebase-multi-line.sh ***
#	
#		git rev-parse HEAD >expect &&
#		git rev-parse --short=100 HEAD >actual &&
#		test_cmp expect actual
#	
./test-lib.sh: line 172: /home/haritha/code/bazel-7.2.0/git_255_iconv_translit_3waymerge/gitport/git/git: EDC5129I No such file or directory.
error: you do not seem to have built git yet.
make[2]: [Makefile:82: t3404-rebase-interactive.sh] Error 1 (ignored)
#	
#		printf $F "update $a" "$m" "$m" "update $b" "$m" "$m" "update $c" "$Z" "" >stdin &&
#		git update-ref -z --stdin <stdin &&
#		git rev-parse $m >expect &&
#		git rev-parse $a >actual &&
#		test_cmp expect actual &&
#		git rev-parse $b >actual &&
#		test_cmp expect actual &&
#		test_must_fail git rev-parse --verify -q $c
#	
*** t3409-rebase-environ.sh ***
not ok 40 - read-tree --prefix
./test-lib.sh: line 172: /home/haritha/code/bazel-7.2.0/git_255_iconv_translit_3waymerge/gitport/git/git: EDC5129I No such file or directory.
error: you do not seem to have built git yet.
#	
#		echo "rock" >expect &&
#		git config --get section.solid >actual &&
#		test_cmp expect actual
#	
not ok 169 - stdin -z update refs fails with wrong old value
not ok 111 - basic atom: refs/tags/testtag objectname
make[2]: [Makefile:82: t3405-rebase-malformed.sh] Error 1 (ignored)
*** t3412-rebase-root.sh ***
#	
#		(git init null-commit &&
#		 cd null-commit &&
#		 sha=$(printf "160000 submodule$_bz$_bzoid" |
#		       git hash-object --literally -w --stdin -t tree) &&
#		  git fsck 2>out &&
#		  test_grep "warning.*null sha1" out
#		)
#	
./test-lib.sh: line 172: /home/haritha/code/bazel-7.2.0/git_255_iconv_translit_3waymerge/gitport/git/git: EDC5129I No such file or directory.
error: you do not seem to have built git yet.
make[2]: [Makefile:82: t3406-rebase-message.sh] Error 1 (ignored)
*** t3413-rebase-hook.sh ***
not ok 59 - git_test_func: removed submodule leaves submodule directory and its contents in place
not ok 82 - :/ and HEAD^{/} favor more recent matching commits
./test-lib.sh: line 172: /home/haritha/code/bazel-7.2.0/git_255_iconv_translit_3waymerge/gitport/git/git: EDC5129I No such file or directory.
error: you do not seem to have built git yet.
make[2]: [Makefile:82: t3407-rebase-abort.sh] Error 1 (ignored)
#	
#		init_repos &&
#	
#		# If files differing between the index and target <commit-ish> exist
#		# inside the prefix, `read-tree --prefix` should fail
#		test_all_match test_must_fail git read-tree --prefix=deep/ deepest &&
#		test_all_match test_must_fail git read-tree --prefix=folder1/ update-folder1 &&
#	
#		# If no differing index entries exist matching the prefix,
#		# `read-tree --prefix` updates the index successfully
#		test_all_match git rm -rf deep/deeper1/deepest/ &&
#		test_all_match git read-tree --prefix=deep/deeper1/deepest -u deepest &&
#		test_all_match git status --porcelain=v2 &&
#	
#		run_on_all git rm -rf --sparse folder1/ &&
#		test_all_match git read-tree --prefix=folder1/ -u update-folder1 &&
#		test_all_match git status --porcelain=v2 &&
#	
#		test_all_match git rm -rf --sparse folder2/0 &&
#		test_all_match git read-tree --prefix=folder2/0/ -u rename-out-to-out &&
#		test_all_match git status --porcelain=v2
#	
not ok 45 - fsck notices excessively large tree entry name
*** t3415-rebase-autosquash.sh ***
#	
#		git update-ref $c $m &&
#		printf $F "update $a" "$m" "$m" "update $b" "$m" "$m" "update $c" "$m" "$Z" >stdin &&
#		test_must_fail git update-ref -z --stdin <stdin 2>err &&
#		grep "fatal: cannot lock ref '$c'" err &&
#		git rev-parse $m >expect &&
#		git rev-parse $a >actual &&
#		test_cmp expect actual &&
#		git rev-parse $b >actual &&
#		test_cmp expect actual &&
#		git rev-parse $c >actual &&
#		test_cmp expect actual
#	
#	
#			prolog &&
#			reset_work_tree_to add_sub1 &&
#			(
#				cd submodule_update &&
#				git branch -t remove_sub1 origin/remove_sub1 &&
#				$command remove_sub1 &&
#				test_superproject_content origin/remove_sub1 &&
#				test_submodule_content sub1 origin/add_sub1
#			)
#		
./test-lib.sh: line 172: /home/haritha/code/bazel-7.2.0/git_255_iconv_translit_3waymerge/gitport/git/git: EDC5129I No such file or directory.
error: you do not seem to have built git yet.
*** t3416-rebase-onto-threedots.sh ***
not ok 607 - checkout attr=-text  aeol=lf core.autocrlf=input core.eol=lf file=LF_nul
#	
#			${git_for_each_ref} --format="%($format)" "$ref" >actual &&
#			sanitize_pgp <actual >actual.clean &&
#			test_cmp expected actual.clean
#		
not ok 170 - stdin -z delete refs works with packed and loose refs
./test-lib.sh: line 172: /home/haritha/code/bazel-7.2.0/git_255_iconv_translit_3waymerge/gitport/git/git: EDC5129I No such file or directory.
error: you do not seem to have built git yet.
make[2]: [Makefile:82: t3409-rebase-environ.sh] Error 1 (ignored)
make[2]: [Makefile:82: t3408-rebase-multi-line.sh] Error 1 (ignored)
not ok 686 - rev-list -h output and SYNOPSIS agree
*** t3417-rebase-whitespace-fix.sh ***
not ok 261 - internal whitespace
#	
#		test_when_finished "rm -rf repo" &&
#		git init repo &&
#		(
#			cd repo &&
#			test_commit common-old &&
#			test_commit --no-tag common-new &&
#			git rev-parse HEAD >expect &&
#			git rev-parse :/common >actual &&
#			test_cmp expect actual &&
#			git rev-parse HEAD^{/common} >actual &&
#			test_cmp expect actual
#		)
#	
*** t3418-rebase-continue.sh ***
#	
#		git init large-name &&
#		(
#			cd large-name &&
#			test_commit a-long-name &&
#			git -c fsck.largePathname=warn:10 fsck 2>out &&
#			grep "warning.*large pathname" out
#		)
#	
./test-lib.sh: line 172: /home/haritha/code/bazel-7.2.0/git_255_iconv_translit_3waymerge/gitport/git/git: EDC5129I No such file or directory.
error: you do not seem to have built git yet.
/home/haritha/code/bazel-7.2.0/git_255_iconv_translit_3waymerge/gitport/git/t/for-each-ref-tests.sh: line 204: /home/haritha/code/bazel-7.2.0/git_255_iconv_translit_3waymerge/gitport/git/bin-wrappers/git: EDC5129I No such file or directory.
not ok 60 - git_test_func: removed submodule leaves submodule containing a .git directory alone
make[2]: [Makefile:82: t3412-rebase-root.sh] Error 1 (ignored)
*** t3419-rebase-patch-id.sh ***
./test-lib.sh: line 172: /home/haritha/code/bazel-7.2.0/git_255_iconv_translit_3waymerge/gitport/git/git: EDC5129I No such file or directory.
error: you do not seem to have built git yet.
#	
#			compare_ws_file eol_lf_crlf_input_attr_-text_ LF_nul   crlf_false_attr__LF_nul.txt
#		
./test-lib.sh: line 172: /home/haritha/code/bazel-7.2.0/git_255_iconv_translit_3waymerge/gitport/git/git: EDC5129I No such file or directory.
error: you do not seem to have built git yet.
make[2]: [Makefile:82: t3415-rebase-autosquash.sh] Error 1 (ignored)
make[2]: [Makefile:82: t3413-rebase-hook.sh] Error 1 (ignored)
not ok 112 - basic atom: refs/tags/testtag objectname:short
*** t3420-rebase-autostash.sh ***
#	
#		git pack-refs --all &&
#		git update-ref $c $m~1 &&
#		printf $F "delete $a" "$m" "update $b" "$Z" "$m" "update $c" "" "$m~1" >stdin &&
#		git update-ref -z --stdin <stdin &&
#		test_must_fail git rev-parse --verify -q $a &&
#		test_must_fail git rev-parse --verify -q $b &&
#		test_must_fail git rev-parse --verify -q $c
#	
# failed 48 among 82 test(s)
1..82
#	
#		echo "big QQ blue" | q_to_tab >expect &&
#		git config --get section.sparse >actual &&
#		test_cmp expect actual
#	
#	
#			t2s="$(adoc_to_synopsis "$builtin")" &&
#			if test "$builtin" = "merge-tree"
#			then
#				test_when_finished "rm -f t2s.new" &&
#				sed -e 's/ (deprecated)$//g' <"$t2s" >t2s.new
#				t2s=t2s.new
#			fi &&
#			h2s="$(help_to_synopsis "$builtin")" &&
#	
#			# The *.adoc and -h use different spacing for the
#			# alignment of continued usage output, normalize it.
#			align_after_nl "$builtin" <"$t2s" >adoc &&
#			align_after_nl "$builtin" <"$h2s" >help &&
#			test_cmp adoc help
#		
not ok 46 - fsck notices . as blob
not ok 41 - read-tree --merge with directory-file conflicts
not ok 608 - setup config for checkout attr=-text ident= aeol=crlf core.autocrlf=input
#	
#			prolog &&
#			reset_work_tree_to add_sub1 &&
#			(
#				cd submodule_update &&
#				git branch -t remove_sub1 origin/remove_sub1 &&
#				replace_gitfile_with_git_dir sub1 &&
#				$command remove_sub1 &&
#				test_superproject_content origin/remove_sub1 &&
#				test_git_directory_is_unchanged sub1 &&
#				test_submodule_content sub1 origin/add_sub1
#			)
#		
not ok 171 - fails with duplicate HEAD update
make[2]: [Makefile:82: t1500-rev-parse.sh] Error 1 (ignored)
*** t3421-rebase-topology-linear.sh ***
./test-lib.sh: line 172: /home/haritha/code/bazel-7.2.0/git_255_iconv_translit_3waymerge/gitport/git/git: EDC5129I No such file or directory.
error: you do not seem to have built git yet.
#	
#			${git_for_each_ref} --format="%($format)" "$ref" >actual &&
#			sanitize_pgp <actual >actual.clean &&
#			test_cmp expected actual.clean
#		
make[2]: [Makefile:82: t3418-rebase-continue.sh] Error 1 (ignored)
./test-lib.sh: line 172: /home/haritha/code/bazel-7.2.0/git_255_iconv_translit_3waymerge/gitport/git/git: EDC5129I No such file or directory.
./test-lib.sh: line 172: /home/haritha/code/bazel-7.2.0/git_255_iconv_translit_3waymerge/gitport/git/git: EDC5129I No such file or directory.
/home/haritha/code/bazel-7.2.0/git_255_iconv_translit_3waymerge/gitport/git/t/for-each-ref-tests.sh: line 205: /home/haritha/code/bazel-7.2.0/git_255_iconv_translit_3waymerge/gitport/git/bin-wrappers/git: EDC5129I No such file or directory.
./test-lib.sh: line 172: /home/haritha/code/bazel-7.2.0/git_255_iconv_translit_3waymerge/gitport/git/git: EDC5129I No such file or directory.
not ok 61 - git_test_func: replace submodule with a directory must fail # TODO known breakage
error: you do not seem to have built git yet.
error: you do not seem to have built git yet.
error: you do not seem to have built git yet.
#	
#			(
#				git init $name-$type &&
#				cd $name-$type &&
#				git config core.protectNTFS false &&
#				echo content >file &&
#				git add file &&
#				git commit -m base &&
#				blob=$(git rev-parse :file) &&
#				tree=$(git rev-parse HEAD^{tree}) &&
#				value=$(eval "echo \$$type") &&
#				printf "$mode $type %s\t%s" "$value" "$path" >bad &&
#				bad_tree=$(git mktree <bad) &&
#				git fsck 2>out &&
#				test_grep "warning.*tree $bad_tree" out
#			)
*** t3422-rebase-incompatible-options.sh ***
*** t3423-rebase-reword.sh ***
#	
#		init_repos &&
#	
#		test_all_match git checkout -b test-branch rename-base &&
#	
#		# Although the index matches, without --no-sparse-checkout, outside-of-
#		# definition files will not exist on disk for sparse checkouts
#		test_sparse_match git read-tree -mu rename-out-to-out &&
#		test_sparse_match git status --porcelain=v2 &&
#		test_path_is_missing sparse-checkout/folder2 &&
#		test_path_is_missing sparse-index/folder2 &&
#	
#		test_sparse_match git read-tree --reset -u HEAD &&
#		test_sparse_match git status --porcelain=v2 &&
#	
#		test_sparse_match git read-tree -mu --no-sparse-checkout rename-out-to-out &&
#		test_sparse_match git status --porcelain=v2 &&
#		test_cmp sparse-checkout/folder2/0/1 sparse-index/folder2/0/1
#	
#	
#			create_gitattributes "$attr" $ident $aeol &&
#			git config core.autocrlf $crlf
#		
./test-lib.sh: line 172: /home/haritha/code/bazel-7.2.0/git_255_iconv_translit_3waymerge/gitport/git/git: EDC5129I No such file or directory.
error: you do not seem to have built git yet.
make[2]: [Makefile:82: t3420-rebase-autostash.sh] Error 1 (ignored)
make[2]: [Makefile:82: t3417-rebase-whitespace-fix.sh] Error 1 (ignored)
make[2]: [Makefile:82: t3416-rebase-onto-threedots.sh] Error 1 (ignored)
make[2]: [Makefile:82: t3419-rebase-patch-id.sh] Error 1 (ignored)
#	
#		git branch target1 $A &&
#		git checkout target1 &&
#		cat >stdin <<-EOF &&
#		update refs/heads/target1 $C
#		option no-deref
#		update HEAD $B
#		EOF
#		test_must_fail git update-ref --stdin <stdin 2>err &&
#		test_grep "fatal: multiple updates for 'HEAD' (including one via its referent .refs/heads/target1.) are not allowed" err &&
#		echo "refs/heads/target1" >expect &&
#		git symbolic-ref HEAD >actual &&
#		test_cmp expect actual &&
#		echo "$A" >expect &&
#		git rev-parse refs/heads/target1 >actual &&
#		test_cmp expect actual
#	
not ok 687 - rev-parse -h output has no \t
*** t3424-rebase-empty.sh ***
not ok 113 - basic atom: refs/heads/main objectname:short=1
not ok 262 - internal and trailing whitespace
./test-lib.sh: line 172: /home/haritha/code/bazel-7.2.0/git_255_iconv_translit_3waymerge/gitport/git/git: EDC5129I No such file or directory.
error: you do not seem to have built git yet.
not ok 62 - git_test_func: replace submodule containing a .git directory with a directory must fail # TODO known breakage
*** t3425-rebase-topology-merges.sh ***
make[2]: [Makefile:82: t3421-rebase-topology-linear.sh] Error 1 (ignored)
*** t3426-rebase-submodule.sh ***
not ok 47 - fsck notices . as tree
not ok 609 - setup LF checkout  with -c core.eol=lf
*** t3427-rebase-subtree.sh ***
#	
#			${git_for_each_ref} --format="%($format)" "$ref" >actual &&
#			sanitize_pgp <actual >actual.clean &&
#			test_cmp expected actual.clean
#		
#	
#		echo "big QQ blue" | q_to_tab >expect &&
#		git config --get section.sparseAndTail >actual &&
#		test_cmp expect actual
#	
#	
#			h2s="$(help_to_synopsis "$builtin")" &&
#			! grep "$HT" "$h2s"
#		
not ok 172 - fails with duplicate ref update via symref
not ok 63 - git_test_func: replace submodule with a file must fail # TODO known breakage
./test-lib.sh: line 172: /home/haritha/code/bazel-7.2.0/git_255_iconv_translit_3waymerge/gitport/git/git: EDC5129I No such file or directory.
error: you do not seem to have built git yet.
*** t3428-rebase-signoff.sh ***
./test-lib.sh: line 172: /home/haritha/code/bazel-7.2.0/git_255_iconv_translit_3waymerge/gitport/git/git: EDC5129I No such file or directory.
error: you do not seem to have built git yet.
#	
#			(
#				git init $name-$type &&
#				cd $name-$type &&
#				git config core.protectNTFS false &&
#				echo content >file &&
#				git add file &&
#				git commit -m base &&
#				blob=$(git rev-parse :file) &&
#				tree=$(git rev-parse HEAD^{tree}) &&
#				value=$(eval "echo \$$type") &&
#				printf "$mode $type %s\t%s" "$value" "$path" >bad &&
#				bad_tree=$(git mktree <bad) &&
#				git fsck 2>out &&
#				test_grep "warning.*tree $bad_tree" out
#			)
/home/haritha/code/bazel-7.2.0/git_255_iconv_translit_3waymerge/gitport/git/t/for-each-ref-tests.sh: line 206: /home/haritha/code/bazel-7.2.0/git_255_iconv_translit_3waymerge/gitport/git/bin-wrappers/git: EDC5129I No such file or directory.
./test-lib.sh: line 172: /home/haritha/code/bazel-7.2.0/git_255_iconv_translit_3waymerge/gitport/git/git: EDC5129I No such file or directory.
error: you do not seem to have built git yet.
make[2]: [Makefile:82: t3422-rebase-incompatible-options.sh] Error 1 (ignored)
make[2]: [Makefile:82: t3424-rebase-empty.sh] Error 1 (ignored)
make[2]: [Makefile:82: t3423-rebase-reword.sh] Error 1 (ignored)
not ok 114 - basic atom: refs/heads/main objectname:short=10
*** t3429-rebase-edit-todo.sh ***
#	
#				rm -f crlf_false_attr__$f.txt &&
#				git ${ceol:+-c core.eol=$ceol} checkout -- crlf_false_attr__$f.txt
#			
./test-lib.sh: line 172: /home/haritha/code/bazel-7.2.0/git_255_iconv_translit_3waymerge/gitport/git/git: EDC5129I No such file or directory.
error: you do not seem to have built git yet.
./test-lib.sh: line 172: /home/haritha/code/bazel-7.2.0/git_255_iconv_translit_3waymerge/gitport/git/git: EDC5129I No such file or directory.
error: you do not seem to have built git yet.
not ok 64 - git_test_func: replace submodule containing a .git directory with a file must fail # TODO known breakage
not ok 48 - fsck notices .. as blob
make[2]: [Makefile:82: t3425-rebase-topology-merges.sh] Error 1 (ignored)
make[2]: [Makefile:82: t3426-rebase-submodule.sh] Error 1 (ignored)
#	
#		test_when_finished "git symbolic-ref -d refs/heads/symref2" &&
#		git branch target2 $A &&
#		git symbolic-ref refs/heads/symref2 refs/heads/target2 &&
#		cat >stdin <<-EOF &&
#		update refs/heads/target2 $C
#		update refs/heads/symref2 $B
#		EOF
#		test_must_fail git update-ref --stdin <stdin 2>err &&
#		test_grep "fatal: multiple updates for 'refs/heads/target2' (including one via symref .refs/heads/symref2.) are not allowed" err &&
#		echo "refs/heads/target2" >expect &&
#		git symbolic-ref refs/heads/symref2 >actual &&
#		test_cmp expect actual &&
#		echo "$A" >expect &&
#		git rev-parse refs/heads/target2 >actual &&
#		test_cmp expect actual
#	
./test-lib.sh: line 172: /home/haritha/code/bazel-7.2.0/git_255_iconv_translit_3waymerge/gitport/git/git: EDC5129I No such file or directory.
error: you do not seem to have built git yet.
not ok 263 - internal and trailing whitespace, all quoted
*** t3430-rebase-merges.sh ***
make[2]: [Makefile:82: t3427-rebase-subtree.sh] Error 1 (ignored)
not ok 610 - setup CRLF checkout  with -c core.eol=lf
ok 688 - rev-parse -h output has dashed labels
*** t3431-rebase-fork-point.sh ***
#	
#			${git_for_each_ref} --format="%($format)" "$ref" >actual &&
#			sanitize_pgp <actual >actual.clean &&
#			test_cmp expected actual.clean
#		
./test-lib.sh: line 172: /home/haritha/code/bazel-7.2.0/git_255_iconv_translit_3waymerge/gitport/git/git: EDC5129I No such file or directory.
error: you do not seem to have built git yet.
#	
#			(
#				git init $name-$type &&
#				cd $name-$type &&
#				git config core.protectNTFS false &&
#				echo content >file &&
#				git add file &&
#				git commit -m base &&
#				blob=$(git rev-parse :file) &&
#				tree=$(git rev-parse HEAD^{tree}) &&
#				value=$(eval "echo \$$type") &&
#				printf "$mode $type %s\t%s" "$value" "$path" >bad &&
#				bad_tree=$(git mktree <bad) &&
#				git fsck 2>out &&
#				test_grep "warning.*tree $bad_tree" out
#			)
*** t3432-rebase-fast-forward.sh ***
#	
#		echo "big QQ blue " | q_to_tab >expect &&
#		git config --get section.sparseAndTailQuoted >actual &&
#		test_cmp expect actual
#	
./test-lib.sh: line 172: /home/haritha/code/bazel-7.2.0/git_255_iconv_translit_3waymerge/gitport/git/git: EDC5129I No such file or directory.
error: you do not seem to have built git yet.
not ok 115 - basic atom: refs/tags/testtag tree
make[2]: [Makefile:82: t3429-rebase-edit-todo.sh] Error 1 (ignored)
make[2]: [Makefile:82: t3428-rebase-signoff.sh] Error 1 (ignored)
not ok 65 - git_test_func: modified submodule does not update submodule work tree
*** t3433-rebase-across-mode-change.sh ***
#	
#				rm -f crlf_false_attr__$f.txt &&
#				git ${ceol:+-c core.eol=$ceol} checkout -- crlf_false_attr__$f.txt
#			
*** t3434-rebase-i18n.sh ***
*** t3435-rebase-gpg-sign.sh ***
not ok 49 - fsck notices .. as tree
not ok 689 - rev-parse -h output has consistent spacing
./test-lib.sh: line 172: /home/haritha/code/bazel-7.2.0/git_255_iconv_translit_3waymerge/gitport/git/git: EDC5129I No such file or directory.
error: you do not seem to have built git yet.
*** t3436-rebase-more-options.sh ***
#	
#			${git_for_each_ref} --format="%($format)" "$ref" >actual &&
#			sanitize_pgp <actual >actual.clean &&
#			test_cmp expected actual.clean
#		
make[2]: [Makefile:82: t3430-rebase-merges.sh] Error 1 (ignored)
*** t3437-rebase-fixup-options.sh ***
#	
#			prolog &&
#			reset_work_tree_to add_sub1 &&
#			(
#				cd submodule_update &&
#				git branch -t modify_sub1 origin/modify_sub1 &&
#				$command modify_sub1 &&
#				test_superproject_content origin/modify_sub1 &&
#				test_submodule_content sub1 origin/add_sub1 &&
#				git submodule update &&
#				test_submodule_content sub1 origin/modify_sub1
#			)
#		
./test-lib.sh: line 172: /home/haritha/code/bazel-7.2.0/git_255_iconv_translit_3waymerge/gitport/git/git: EDC5129I No such file or directory.
not ok 116 - basic atom: refs/tags/testtag tree:short
error: you do not seem to have built git yet.
not ok 611 - setup LF_mix_CR checkout  with -c core.eol=lf
not ok 42 - merge, cherry-pick, and rebase
make[2]: [Makefile:82: t3431-rebase-fork-point.sh] Error 1 (ignored)
*** t3438-rebase-broken-files.sh ***
#	
#			(
#				git init $name-$type &&
#				cd $name-$type &&
#				git config core.protectNTFS false &&
#				echo content >file &&
#				git add file &&
#				git commit -m base &&
#				blob=$(git rev-parse :file) &&
#				tree=$(git rev-parse HEAD^{tree}) &&
#				value=$(eval "echo \$$type") &&
#				printf "$mode $type %s\t%s" "$value" "$path" >bad &&
#				bad_tree=$(git mktree <bad) &&
#				git fsck 2>out &&
#				test_grep "warning.*tree $bad_tree" out
#			)
#	
#			h2s="$(help_to_synopsis "$builtin")" &&
#			sed -n \
#				-e "/^ / {
#					s/[^ ].*//;
#					p;
#				}" \
#				<"$h2s" >help &&
#			sort -u help >help.ws &&
#			if test -s help.ws
#			then
#				test_line_count = 1 help.ws
#			fi
#		
not ok 264 - internal and more trailing whitespace
./test-lib.sh: line 172: /home/haritha/code/bazel-7.2.0/git_255_iconv_translit_3waymerge/gitport/git/git: EDC5129I No such file or directory.
error: you do not seem to have built git yet.
make[2]: [Makefile:82: t3432-rebase-fast-forward.sh] Error 1 (ignored)
*** t3440-rebase-trailer.sh ***
not ok 66 - git_test_func: modified submodule does not update submodule work tree to invalid commit
./test-lib.sh: line 172: /home/haritha/code/bazel-7.2.0/git_255_iconv_translit_3waymerge/gitport/git/git: EDC5129I No such file or directory.
error: you do not seem to have built git yet.
#	
#			${git_for_each_ref} --format="%($format)" "$ref" >actual &&
#			sanitize_pgp <actual >actual.clean &&
#			test_cmp expected actual.clean
#		
./test-lib.sh: line 172: /home/haritha/code/bazel-7.2.0/git_255_iconv_translit_3waymerge/gitport/git/git: EDC5129I No such file or directory.
error: you do not seem to have built git yet.
./test-lib.sh: line 172: /home/haritha/code/bazel-7.2.0/git_255_iconv_translit_3waymerge/gitport/git/git: EDC5129I No such file or directory.
error: you do not seem to have built git yet.
make[2]: [Makefile:82: t3434-rebase-i18n.sh] Error 1 (ignored)
make[2]: [Makefile:82: t3433-rebase-across-mode-change.sh] Error 1 (ignored)
#	
#		init_repos &&
#	
#		for OPERATION in "merge -m merge" cherry-pick "rebase --apply" "rebase --merge"
#		do
#			test_all_match git checkout -B temp update-deep &&
#			test_all_match git $OPERATION update-folder1 &&
#			test_all_match git rev-parse HEAD^{tree} &&
#			test_all_match git $OPERATION update-folder2 &&
#			test_all_match git rev-parse HEAD^{tree} || return 1
#		done
#	
*** t3450-history.sh ***
#	
#		echo "big QQ blue" | q_to_tab >expect &&
#		git config --get section.sparseAndBiggerTail >actual &&
#		test_cmp expect actual
#	
./test-lib.sh: line 172: /home/haritha/code/bazel-7.2.0/git_255_iconv_translit_3waymerge/gitport/git/git: EDC5129I No such file or directory.
error: you do not seem to have built git yet.
#	
#				rm -f crlf_false_attr__$f.txt &&
#				git ${ceol:+-c core.eol=$ceol} checkout -- crlf_false_attr__$f.txt
#			
not ok 50 - fsck notices .git as blob
not ok 117 - basic atom: refs/tags/testtag tree:short=1
./test-lib.sh: line 172: /home/haritha/code/bazel-7.2.0/git_255_iconv_translit_3waymerge/gitport/git/git: EDC5129I No such file or directory.
error: you do not seem to have built git yet.
make[2]: [Makefile:82: t3435-rebase-gpg-sign.sh] Error 1 (ignored)
make[2]: [Makefile:82: t3437-rebase-fixup-options.sh] Error 1 (ignored)
make[2]: [Makefile:82: t3436-rebase-more-options.sh] Error 1 (ignored)
*** t3451-history-reword.sh ***
./test-lib.sh: line 172: /home/haritha/code/bazel-7.2.0/git_255_iconv_translit_3waymerge/gitport/git/git: EDC5129I No such file or directory.
error: you do not seem to have built git yet.
#	
#			prolog &&
#			reset_work_tree_to add_sub1 &&
#			(
#				cd submodule_update &&
#				git branch -t invalid_sub1 origin/invalid_sub1 &&
#				$command invalid_sub1 &&
#				test_superproject_content origin/invalid_sub1 &&
#				test_submodule_content sub1 origin/add_sub1 &&
#				test_must_fail git submodule update &&
#				test_submodule_content sub1 origin/add_sub1
#			)
#		
not ok 173 - large transaction creating branches does not burst open file limit
make[2]: [Makefile:82: t3438-rebase-broken-files.sh] Error 1 (ignored)
*** t3452-history-split.sh ***
not ok 612 - setup CRLF_mix_LF checkout  with -c core.eol=lf
./test-lib.sh: line 172: /home/haritha/code/bazel-7.2.0/git_255_iconv_translit_3waymerge/gitport/git/git: EDC5129I No such file or directory.
error: you do not seem to have built git yet.
#	
#			${git_for_each_ref} --format="%($format)" "$ref" >actual &&
#			sanitize_pgp <actual >actual.clean &&
#			test_cmp expected actual.clean
#		
FATAL: Unexpected exit with code 0
FATAL: Unexpected exit with code 0
FATAL: Unexpected exit with code 130
FATAL: Unexpected exit with code 130
make[2]: [Makefile:82: t3450-history.sh] Error 130 (ignored)
make[2]: [Makefile:82: t1400-update-ref.sh] Error 130 (ignored)
make[2]: [Makefile:82: t3440-rebase-trailer.sh] Error 1 (ignored)
make[2]: [Makefile:82: t1450-fsck.sh] Error 130 (ignored)
make[2]: [Makefile:82: t1013-read-tree-submodule.sh] Error 130 (ignored)
make[2]: *** wait: EDC5115I No child processes..  Stop.
make[2]: *** Waiting for unfinished jobs....
make[2]: *** wait: EDC5115I No child processes..  Stop.
make[2]: [Makefile:82: t3453-history-fixup.sh] Error 2 (ignored)
FATAL: Unexpected exit with code 0
FATAL: Unexpected exit with code 130
make[2]: [Makefile:82: t0027-auto-crlf.sh] Error 130 (ignored)
make[2]: [Makefile:82: t1300-config.sh] Error 130 (ignored)
make[2]: [Makefile:82: t1092-sparse-checkout-compatibility.sh] Error 130 (ignored)
FATAL: Unexpected exit with code 130
FATAL: Unexpected exit with code 130
make[2]: [Makefile:82: t3451-history-reword.sh] Error 130 (ignored)
make[2]: [Makefile:82: t0450-txt-doc-vs-help.sh] Error 130 (ignored)
make[2]: [Makefile:82: t1461-refs-list.sh] Error 130 (ignored)
make[2]: [Makefile:82: t3452-history-split.sh] Error 130 (ignored)
make[1]: [Makefile:63: test] Error 130 (ignored)
make: [Makefile:3393: test] SIGINT (ignored)
